431131
392764
211249
948885
969971
87526
21506
796919
255520
118094
977183
67503
955277
572293
164477
678033
688457
576171
268744
572210
241401
327864
357227
462914
411244
515242
146031
307459
917388
298247
356731
510757
472431
291086
748218
177728
835213
708094
490714
781165
362380
168066
299824
412738
593976
700535
2808
16936
470158
748444
627194
524441
205559
764757
977161
564411
725714
204060
28262
626004
25898
722820
327553
426602
809095
650795
992799
329720
183776
669500
682391
967502
641454
910430
427574
273734
80987
582461
90626
112094
218201
812595
661404
257143
337808
912594
714110
536745
500399
774480
523748
877697
829924
513296
986760
924824
48230
643977
945477
173329
29871
501141
77533
10030
934984
141912
162710
863247
545276
552523
742847
308105
207598
324452
294032
512671
308807
557796
930607
755680
330247
111229
234959
135324
222653
42333
582323
617924
476434
749403
142353
198173
226239
167933
446673
459169
890526
473443
136628
56434
1374
35028
656722
12924
349905
464804
46779
477094
716448
455742
901631
178036
5022
540756
945482
290300
772601
341152
562343
629442
942285
734997
992741
730611
18066
28071
539031
945530
559030
186292
766325
434435
28742
471309
807007
791882
230213
896997
660930
325343
774047
253590
768211
243000
126775
523786
204537
581746
918493
920332
563399
912294
195867
887979
601767
569380
46190
479944
539794
263375
16210
676669
680379
927189
401270
662378
610123
825992
184655
226781
590151
673694
900489
881949
482895
282306
974360
643732
997184
530324
821676
524182
571512
187844
812674
561554
303417
399494
345175
595988
586406
546418
520119
263348
356267
313660
761588
308511
386554
705291
702387
551487
656432
34231
405089
862922
685142
89892
585731
312676
784194
280246
395882
789426
252254
738096
803460
838460
874816
177132
601359
576510
856761
277817
241065
518348
129066
452108
180100
866207
641295
266341
900789
324032
996511
340160
878187
217807
117644
65843
891068
420400
980453
444138
896411
902867
969820
465789
226726
674591
297441
711019
758620
477883
814508
778038
945964
411576
993242
563994
955048
700190
577135
666667
455961
495570
785914
858634
741867
160353
972566
839939
30985
733675
999244
290695
653956
581614
491606
676801
905388
545006
650495
247510
818689
891519
542630
206782
705987
560303
841249
953594
584742
69138
975037
19697
893858
750954
220772
625387
539110
487795
746008
182057
340012
140489
538843
918814
465960
470519
218225
228558
793242
20957
812861
899330
152707
897213
136008
493733
303924
292578
331681
330303
529857
661165
372766
201227
16597
408381
760896
946742
866719
241082
636853
261367
31530
160895
82166
323589
1803
992993
327953
269946
314803
561888
100993
398146
876516
450922
829433
717951
886849
201030
325056
762877
278718
904547
447093
830861
656694
830078
663348
678144
13979
513834
773969
741442
933511
884543
638721
932432
996338
102689
381209
27095
2109
525868
133614
239851
286250
497849
119194
416096
932975
157776
916448
556489
39135
435754
759655
424970
984712
693409
162787
348060
212380
79542
85905
675101
442055
109439
503392
483986
940895
939499
708653
566202
457722
460403
312231
153679
390361
36319
489298
470108
12865
270642
937639
827126
282282
924468
353560
44760
726609
609498
138544
862175
754600
585747
64345
751518
656558
325617
2807
475295
915481
870066
357426
569527
163758
677099
528466
62149
436531
972368
294787
309255
766717
202402
735991
417048
11235
801205
484714
795722
869075
151325
814017
536604
44674
762677
522892
924824
569151
128971
676779
369996
598305
981675
951820
219234
166175
524935
872722
684958
18686
441472
315089
109876
290469
594835
324726
122052
750732
498531
785668
854899
856339
229343
844665
423975
99183
937231
347727
329566
566591
283776
349214
858412
351101
477002
334110
930895
23311
947387
569675
764528
858749
273826
202849
87481
90814
241337
744519
292493
294315
791088
760392
636968
725909
941970
183612
190549
12338
757654
243589
479558
404658
699013
248565
525843
900016
5890
316045
325650
760515
836283
496864
451855
390517
992171
315351
8552
30795
397065
410957
33544
689027
165584
802778
651646
186716
126444
590573
482425
741263
674494
955283
917090
945947
733260
985044
376534
255806
348936
661436
535679
892799
538683
962807
666830
214504
567630
892374
892822
491474
321269
156974
426376
10200
675129
905823
16263
734318
999008
565554
842791
469642
534138
935452
112839
566400
798923
610079
863944
98795
5392
695760
166569
133447
774960
904691
266049
354908
60928
551234
967960
680789
22579
679373
963041
406511
405277
861819
45208
643085
11810
442222
922036
873320
575807
520581
750730
161699
713268
885371
842110
952188
329101
114156
207462
556191
579084
509112
668733
289429
87029
775424
331072
903769
171062
229390
257000
706187
424432
826193
559941
60862
250086
709829
500532
218988
475713
135025
263485
306057
28669
863114
376139
303796
921588
383733
434568
541450
329989
154282
192021
297557
197857
7860
797219
78050
147826
289108
549105
71472
280551
313862
341282
849796
947936
756443
124410
528346
245619
421509
302197
108981
11545
512305
55556
32472
507769
507791
925989
110733
641614
291629
909789
647138
473975
901249
872981
883700
6683
328389
652750
599779
498550
297597
138755
693157
773317
677204
70362
575350
243978
301540
5638
191725
535100
656213
199484
782954
199631
606365
102607
463340
376731
779685
802602
99391
99756
173068
695018
870930
762661
678468
981910
907686
787537
189850
436667
850211
551752
569300
570600
432581
74170
191219
40067
845363
784283
86744
531975
96368
693483
185731
585947
646506
650272
863030
718607
121392
761971
3192
832053
234817
788804
420661
116442
341504
987115
188227
842656
111683
308316
310207
654265
850698
980854
532502
85954
308556
260072
342816
200122
619949
887872
962598
909149
166221
760210
897860
370849
613242
352001
650602
633612
482501
56173
908092
933936
941746
854329
275481
36740
664905
748343
404409
896161
572553
231539
865392
62486
743292
595993
247375
778664
425254
402372
959017
463145
378647
206051
140851
465651
179168
7818
30981
958530
152930
285907
884285
278827
197698
171438
132227
506365
832504
89100
346086
232883
709319
447204
862757
733586
297607
190305
75723
715493
921950
451624
217393
616083
273165
216649
637479
900122
495078
623105
62446
450218
174363
206122
38556
714400
6834
498112
736866
743837
367958
330192
886763
235331
371399
918143
455130
633484
415344
715828
31542
698246
978201
718371
753506
780527
36019
685751
369861
221545
703697
565339
488520
224409
110902
524646
805437
779362
424329
440673
910941
876921
755493
678709
15146
801445
394061
417910
754611
857430
200188
347334
772470
396383
120283
614439
31519
588496
70988
780385
889583
508724
389795
311948
854776
972836
465013
39291
182660
360006
166472
951301
453590
532902
837930
838257
743816
985198
383261
969789
134163
106565
543087
899275
276077
673410
324329
926249
807821
465228
186205
342523
275466
482512
99362
393543
642593
642909
130717
594781
47893
534239
740661
627937
319537
848374
546984
27575
59049
213106
307132
78665
138719
179693
787597
746487
369857
240005
952709
364636
464143
343477
852459
996282
27258
718160
955218
836993
942120
918873
739249
13697
657557
80257
41875
658601
320787
614398
543269
510203
259249
440772
858605
464462
518970
170146
642266
8063
372693
228220
347958
630005
644106
325601
496823
662864
251556
988744
816565
653934
216945
344364
573623
939481
193446
391681
477606
119248
904543
18321
795235
500913
489221
507640
494516
228288
646025
625912
696345
194070
80204
624826
22269
185576
477153
420770
514952
35763
947178
645005
887825
574401
287839
213738
22833
169819
811565
122738
493875
563212
938490
168133
165927
354253
532231
235555
115030
552850
983343
480259
600783
984624
861580
789267
955488
709481
491449
713613
220576
692630
837489
191667
682089
211439
761046
588455
604964
869370
934990
658153
244157
382414
572296
566317
487733
777027
379677
176472
484949
835577
939537
265751
434304
988161
936760
667228
521378
673195
212277
157046
62725
585644
498398
965580
655874
987180
773755
147638
882772
821930
369069
927545
626696
943821
106476
431644
30480
257480
574889
300203
811704
290600
294802
745928
185712
213821
477684
186920
555079
115171
416698
829233
714745
168556
33299
912239
231199
6251
602354
98285
628036
529247
791471
462774
915672
497659
486539
519528
490238
583822
850896
167793
516160
565204
106327
412137
839522
392216
242723
900044
565204
573508
139115
265682
12800
353159
331125
915053
201540
174305
587870
468703
296634
800206
548214
767093
277106
442637
739080
692195
953217
448651
411511
593981
676467
276081
89219
587344
323099
239239
67883
609243
472652
115715
104173
706413
733472
618802
100265
935580
779829
296578
538660
879839
686968
768426
210087
25353
944025
330230
484103
987427
314974
822578
120832
311652
632019
592754
829243
271183
795487
692157
407535
469161
108531
658324
204899
967318
155419
598498
969233
477584
579383
839809
803111
281602
974531
883878
631271
609671
727313
95147
618222
116986
576601
799288
401489
158073
423975
675404
798115
814011
895858
932141
248275
394123
206093
801834
244658
775649
623670
138186
166995
509211
916748
805011
950411
716125
511582
816568
55768
828034
153119
253792
263390
685629
792437
111695
812364
165009
166960
290675
520734
913961
399064
346381
72315
553876
119071
471866
207998
213345
185397
898014
982610
610900
818555
100076
474166
366146
388495
268819
373216
50126
484998
649032
115454
519680
829367
962924
563991
236031
322740
118363
930512
57451
249044
982289
612235
175961
583084
591992
926122
10028
424540
361362
706417
163148
932037
670399
267593
793862
694808
346796
906145
108800
339914
712024
476463
265239
130468
135940
131669
211351
68598
850551
138270
86486
515691
784683
786087
272621
654392
530071
107738
74644
720750
33050
350550
760025
754032
96641
23467
399485
803582
258869
281217
947947
738031
335748
170456
416086
486461
581514
224489
36206
338746
981627
676652
340222
213217
194256
260339
935973
273480
576268
928051
844078
772593
947178
400035
982671
51071
368741
372926
521211
577477
507811
864610
742244
230010
618431
692058
742032
778825
899314
499257
865815
607621
776285
739869
923319
140090
914549
356691
877843
842462
259979
270553
321358
126823
847799
761470
209216
245110
676128
596198
402068
696241
24299
797738
67070
876334
898558
689500
565211
567178
584752
15848
594022
346202
59215
931669
966804
933305
269133
70379
21518
656257
149383
788591
996233
292053
744627
873098
588483
23066
439590
326920
700059
36741
696128
80763
573005
885903
594357
262208
534922
295494
332472
470169
998384
56701
150086
426874
564779
725988
531084
236127
403559
184050
940853
456218
938993
407550
527124
332587
984681
232109
744875
155399
799782
429126
485910
289147
906726
172066
204055
396586
734064
924351
556543
266674
792585
692851
71157
190189
736334
535677
424422
67219
258356
655479
645449
389757
194906
692647
117133
849732
249416
678646
116066
931144
281799
178104
264609
788941
940252
920745
757785
510719
120610
469433
385527
139542
680835
560446
932881
641300
546963
255945
146895
195052
634761
242387
934454
805821
999066
222357
98130
135099
915636
147638
108928
578799
644436
894943
815317
552405
213892
592363
979311
908323
529589
31482
488726
809641
417716
570788
592142
311827
706124
796939
917563
532748
809913
316362
229169
700989
193732
967242
301272
629939
120768
292915
793080
227807
732383
963774
134631
603190
818353
583017
186828
857977
362939
863300
828239
222863
870000
39785
972127
948558
258895
378313
176543
835480
431384
818208
335278
635234
949740
937482
482513
139344
148032
780528
86848
110204
319613
31194
708042
480086
523256
705001
99813
261477
388937
281052
758550
628012
534858
807247
269305
673959
564462
36485
793198
437684
129467
866714
305120
171599
272165
747803
505587
404790
517065
819441
431881
419307
980866
515704
246449
297624
632236
810221
835886
751244
294899
227078
19231
301476
576406
901852
560399
527557
41662
702532
926491
654277
54005
799483
491708
615849
228293
515519
354417
998153
176366
428922
222346
34640
601090
656793
429394
857952
313377
232956
199258
925906
669581
997126
107870
307675
769577
526291
558103
129994
717715
494409
279324
940525
881370
67528
150774
732499
541598
146747
978431
89709
473987
544208
802805
527886
140753
551172
396832
875922
558124
22679
839070
563994
386027
815327
546120
161013
642198
137145
701379
178906
805633
128858
135845
748625
680575
529219
881729
342578
777221
308563
771089
733830
484765
473334
573503
518730
588163
761339
443856
255441
484704
800004
117549
459465
414112
540886
976912
556310
328178
714129
230983
518426
372252
547641
276392
561174
765880
48946
518546
897770
606030
501899
914011
348792
246607
577777
115291
540647
618604
976708
914900
511747
113425
435398
749948
235330
484482
542639
736553
164258
684304
287583
344857
138605
551287
532651
642714
72286
957591
560536
375900
321822
431245
140518
387025
296039
320622
336963
585470
511306
989536
83553
235490
597771
126740
547233
801471
746410
633123
483310
676233
848189
634500
589927
207914
781176
847016
764276
880816
290895
214898
402682
559700
540914
191766
861545
778408
653559
678541
702002
969756
360086
126258
483734
757932
7245
748349
593690
455978
943844
760857
42711
523811
978571
228643
318189
492657
279007
113793
705112
666781
13707
324061
151835
403950
666827
626173
809368
859155
23308
626561
767873
768680
227504
861880
658729
646440
830957
737886
816692
10864
459541
877238
99693
978668
685168
92352
363894
904992
698117
979032
410586
328469
736696
376875
694399
684574
738253
549910
52983
375685
114506
343901
702133
311191
239995
14916
498780
59849
409871
726669
394163
225478
521568
6543
16565
248726
174224
813360
810629
175468
180687
458367
328447
831948
746936
755440
280042
926871
376539
658549
558473
671988
877334
523189
90193
247965
954716
55787
589940
471875
137623
865246
927964
412063
556778
745464
153331
516759
532367
915078
997087
421257
910752
112395
279883
96502
842289
70721
396065
777358
836058
827885
393044
981140
248978
207326
439001
573805
896054
61890
455541
772619
180010
812004
492977
880241
320598
835718
615211
201698
111890
832150
27655
751530
75228
232081
207490
59912
715078
411185
492070
828982
419949
38228
255258
480855
162659
564651
679057
247996
696750
794267
919075
474899
474666
968179
636344
574957
485129
682698
197280
149226
271931
727925
119553
981956
235049
278307
392296
137716
741594
126997
140160
700036
970360
181052
433056
181939
70893
56816
308478
409150
265320
579211
486913
603729
615036
21216
454197
100682
401575
627419
562392
199142
348207
477431
979281
657994
724328
702934
953984
916400
173971
538752
529072
213612
560545
6202
55273
548058
600917
897794
986339
802470
754311
344166
172564
337784
981828
799934
134890
390010
353683
262604
648917
132935
945939
41326
531963
350833
8704
474941
49103
789615
352340
501894
844796
830754
392265
951459
91067
752194
567741
905589
251716
605289
358639
360447
987936
883068
758758
536162
932573
340274
723889
534769
213659
965442
846857
841840
196356
493
38994
635246
25433
762917
835712
928380
501479
536985
280599
694409
904472
376990
243275
775899
306469
46779
78277
271084
843433
386001
261191
143839
254417
643621
977510
308701
251760
682124
919286
660497
447343
695090
662149
40252
921506
717894
422333
811189
258805
276869
344045
521281
975109
202722
146593
617675
858315
7695
180205
629248
566003
693163
83657
682569
145483
356168
945174
750630
937302
320407
511487
505124
473153
13619
765882
3258
536749
328455
284974
558918
255083
580316
412847
352671
977798
406466
221092
492374
994937
218074
657418
983438
842369
732223
43921
805941
305485
307791
276132
755550
957267
914905
880774
933245
636412
674085
774936
190014
715967
50970
348535
349570
345036
736912
28162
684343
289950
881587
787513
117010
634739
696592
968961
727980
829272
608703
593092
165366
183069
898157
418741
127835
431593
884805
171313
475569
480870
875963
815617
26586
171740
603061
331644
310781
320604
874582
192137
733980
825170
386663
14658
669011
524990
591652
129845
147436
656188
356641
760644
125729
405759
406359
91948
675183
161180
703375
296866
868691
509250
915306
3033
681508
553864
97995
514209
268300
534559
422753
192489
339492
65703
912852
198693
754859
365661
231435
761866
226339
562353
437784
343478
691273
352821
464769
349358
768431
429298
558700
470335
2359
186645
461478
690949
691054
703879
184080
685322
837250
956186
963494
727046
645026
650014
847981
462021
898801
898900
804601
330790
522022
508026
894680
917311
325058
645573
399326
748766
814703
778093
812878
605546
126898
969762
557474
713513
60685
960412
290616
333467
369076
917200
81625
37379
54889
642878
391782
326149
228022
124199
537377
926186
966279
805597
252309
222913
11361
198834
799460
885345
967491
174994
387051
947593
775191
757933
929043
622312
75029
649612
427895
500728
19253
420549
504685
826052
524238
713418
186099
671435
259664
28251
50360
743997
599323
839388
524548
858338
146233
157121
438084
193818
397247
735973
10294
928255
944827
755514
919277
300838
616730
338971
544705
846597
56217
688510
823639
346478
503206
159173
163529
152569
753491
440499
309809
529985
879733
256251
969175
731524
285471
6452
839477
81582
897014
871402
845283
799023
962097
272398
182947
705096
546672
47309
988939
892134
676597
240957
856267
596517
217795
256372
389018
386485
248145
854323
627842
791322
214123
212160
529476
498765
8166
989137
909801
330816
917758
857956
494182
554623
286030
550380
169834
47026
789290
348965
493000
22783
774236
114825
787516
233740
800442
423515
760156
563298
179425
955680
806172
485421
259024
638637
540734
600032
382947
210524
470228
282485
389673
480280
930355
150482
183589
815064
687926
326087
832094
336041
778668
155188
117411
711843
370783
627144
946655
292925
896642
58596
584020
470205
361462
444189
409784
16135
894393
345568
902633
499671
499883
322032
620365
33290
712190
879884
90186
549846
386426
81644
962975
572955
137707
97257
865373
271121
291688
597820
682950
530208
372096
788894
483392
430350
377858
759183
898166
298066
245097
181107
21580
576456
248674
761430
397244
877886
188156
561424
808658
413675
736875
428100
19840
425407
246393
572226
205663
970006
239946
328781
628163
659782
69642
535734
304057
48407
924789
869479
305887
629202
93634
873532
743200
939890
27245
277643
683148
873655
533024
598724
713680
348186
450429
180020
165462
669083
308619
99492
199932
649782
660090
447390
137129
991156
559700
78351
43410
624029
69250
290312
39688
345547
265593
391518
744763
383001
899519
910962
450767
914043
128158
105163
605337
426728
491363
358111
887222
767089
563731
375921
717832
136949
595820
276948
715726
649389
307219
876749
857503
123043
35103
299158
738691
350336
978496
321087
68718
523266
117773
201520
273818
207692
871082
966281
273791
761943
330514
817898
956658
263623
541191
481230
710232
254744
696851
228178
252869
673591
64633
432532
459765
45485
924157
393398
741413
58934
624781
878018
351311
312432
264075
140392
926209
793071
894520
32610
876633
253357
474814
775608
581215
297311
196314
263711
988735
815778
999268
941629
327649
768660
225084
716488
974375
291968
518867
803532
837890
850673
339475
906123
134065
431079
363180
487806
156184
315623
567548
733818
478265
426221
687706
776878
999441
845245
309184
902857
344529
952088
737554
922808
111415
92361
648783
888397
51529
573982
744915
483643
663214
638644
54790
635902
679849
891500
87333
775127
730098
907386
971627
725173
369267
946844
420251
242544
268380
603047
764653
201390
624483
328188
897427
157160
214172
597530
515046
952775
953712
338893
699058
484456
925245
848325
470234
298239
871818
459905
834410
157591
905893
361834
724151
86135
162267
392700
482165
940896
657940
948447
128213
537844
342792
207892
865752
21553
995106
638539
680181
706842
903855
951441
238755
640118
175619
481446
124100
498482
165993
705197
159598
179745
307012
992956
178774
969508
53318
149971
956251
971621
8524
671722
939437
97597
955541
469539
821272
175606
628126
387615
511985
238890
855451
611948
751515
55818
414931
752220
569782
60027
659417
383409
335142
31898
193314
789556
456891
868128
892488
16805
803714
159841
310106
756940
562919
215406
932445
827822
738757
429403
886244
162587
328204
202523
139015
694564
486030
138055
339331
677995
915110
497469
983022
514131
910789
464549
99733
639317
503066
266703
387252
966708
229214
59960
211857
381001
560569
930988
877045
618488
552212
878469
680968
564483
148092
477777
465096
338557
415855
713170
355877
209558
950151
475615
604413
825301
755136
226535
420975
946213
357160
845781
245918
199430
736802
820560
269572
545252
621398
368666
378672
855045
996921
662296
484061
912091
211444
771632
738225
845177
828403
302990
239311
963043
958157
28866
824537
242814
293899
415875
331269
768614
417687
299799
290330
188446
880195
560970
189064
892194
176178
101147
76386
652121
126887
990135
857145
133542
261672
605405
292822
876638
446478
456032
73939
393364
278508
635659
602518
813903
98266
583262
650155
383453
19997
543735
606718
630401
383796
354188
709234
572999
922433
468181
356576
51641
445715
594118
478127
824042
498252
78010
521804
42415
627956
235819
804230
20205
36441
536926
721545
289806
604768
264604
108725
371086
456621
17498
149467
874801
310890
943482
415700
430935
517944
330282
713469
764711
261936
678571
628306
407785
424020
728684
763622
705904
163416
764756
103228
775412
526662
524063
233862
11390
446866
488224
463799
577148
312442
862564
801287
255668
537177
712503
939395
235606
348106
777344
325070
152810
108723
780295
790776
786152
296437
110167
196472
112998
831790
925119
882377
690348
378217
421874
697759
388643
623715
521806
45253
693228
758395
359866
598869
354382
984053
389096
373139
4167
265578
821370
324710
739139
35216
961537
742195
188202
473698
781472
958231
904532
226924
115599
988353
286424
856885
942907
693675
912066
411464
463179
733043
583714
610913
141822
604250
197185
510065
2608
105880
184047
50958
462331
640857
991992
216954
12026
108696
121909
913870
756393
691799
368894
54724
197672
221176
952765
334366
916639
230395
78046
177141
489083
171157
296866
931681
567509
236009
998355
13058
542196
940325
275474
263977
836265
212412
474764
117799
532761
62331
782411
987119
306199
545098
496744
766634
432111
924866
765407
993112
759232
881317
395195
287901
693057
640190
436528
327728
486436
82646
92743
903067
286871
595536
282804
815727
638375
641442
496899
970952
930751
350832
659121
22713
119951
851207
423063
402067
638024
383026
973505
730647
834499
712701
304669
53686
286977
617796
956431
308160
681805
659446
61153
40625
549118
41964
638360
513173
144729
221408
451618
713364
393619
631435
796075
136414
917107
328543
89550
28787
374742
368734
861672
717775
604492
589141
665097
183473
522528
285177
576772
373959
636982
327388
659558
758392
926732
574284
987779
742925
672483
533641
654572
304637
709751
7200
956796
243603
319657
542952
778002
228734
280830
917592
312025
738037
122240
689284
216898
791301
107138
434034
459859
582648
46849
926621
195865
184676
517286
847493
898809
160013
344361
772145
65509
499320
519247
285635
24170
418189
340051
373494
445797
247207
17699
902262
742357
533884
379521
882395
996748
981284
143626
868612
57088
460487
5204
186444
324990
166632
124464
167148
464318
450504
520590
734765
249233
454648
541248
250503
501047
986303
514199
125659
834253
220195
239530
84874
162275
613976
898677
446000
894956
884290
564317
528321
764046
324137
649617
849854
905946
175224
394317
128403
894166
262642
535096
928208
350389
857074
682989
394306
984232
285917
584855
779118
960845
483302
364022
134441
252614
485437
728510
964503
483109
757269
768734
105470
132483
851728
351518
123654
564656
580938
557857
640015
805060
499263
353866
19311
922004
367898
543483
147590
870016
292059
993593
817472
802538
991523
173228
703911
915649
765471
233282
150627
50043
730447
141298
579791
537569
808690
814686
712312
449604
9360
554513
166324
630093
974947
897320
203933
538930
5923
380686
248809
389
522413
792352
676199
944742
820623
313327
792344
397657
914162
736739
880552
6194
937317
707196
633607
271213
826754
431540
726441
725914
616575
147457
935958
857077
787283
506870
569262
846804
45442
956937
996541
89849
997831
945327
387063
905031
328413
657188
683088
13074
166763
926535
119162
914511
710730
282721
402044
123370
854068
802566
789484
582391
862666
517908
401225
608576
601921
173592
308343
526716
73259
396945
125911
543841
228510
50444
644482
357073
364931
435054
814243
695727
152573
179088
58990
275285
939763
731076
685633
971166
723900
127991
371861
689566
721382
949423
533409
697905
749859
427443
895307
15537
789969
309577
149131
508737
222372
803994
748255
545670
77107
391538
643365
864246
262363
612132
149272
650120
812820
163594
47017
757899
878094
762602
356025
556243
453319
794933
564977
92237
42284
439529
759999
723700
904873
471254
803885
476956
421007
597437
935519
765548
278689
128979
829993
467369
55227
541350
305995
474413
172448
344535
304650
28918
692766
191877
378028
853402
717152
631882
306063
720856
44816
366687
178022
8651
193383
871259
802321
960120
304978
275608
458264
802310
610882
378998
92293
957901
126545
181049
142875
594502
903564
943182
877878
308323
442401
556779
400000
669304
793446
765524
653133
304982
552963
327353
889108
194809
844286
671484
465867
266391
730465
896273
213598
469848
6602
172991
832459
897509
335503
847043
154397
591450
351627
505875
110786
97941
415242
632576
510091
633840
662861
724084
573825
852875
977914
587035
349150
702018
707875
109855
464431
894910
615153
363659
537796
273447
978157
810001
887184
941111
42794
690983
632356
829482
257875
824395
931075
233489
118029
487144
920609
104902
196936
847377
218557
921786
966247
54954
677848
834986
964745
252773
957776
936305
290036
997930
36766
103926
470174
174480
530537
550213
838679
584072
501764
840124
273558
540634
938635
732188
181086
848007
840789
674943
170572
220108
155478
898024
897280
310408
723668
713910
309926
338421
455748
737459
684128
298770
194753
410313
176210
14945
150952
536788
535945
564940
694034
751123
442184
49507
796463
612023
770993
377792
416955
641438
354381
633228
601376
494809
196088
456666
987944
251625
910508
289201
917149
441545
658728
390183
306880
501669
165884
859944
246050
303400
300404
273366
733858
214579
875230
703563
247491
169769
801722
76665
547304
993767
43198
118899
324975
948113
426051
635396
404648
370056
362255
429501
214641
308663
240000
626701
418863
523661
426641
123848
444395
913861
595340
660746
150790
347168
683276
766773
204826
812405
620654
44117
345839
233182
566356
284581
546199
234068
229781
205099
208231
648725
485124
790846
772882
977153
1116
684584
8803
688197
585221
686438
459543
507310
681733
39244
686292
136863
780486
800837
49674
151070
460351
400440
964581
611080
783170
835207
540524
598821
598626
743601
559033
892438
601407
236823
539989
956459
662832
10652
996271
923089
289035
211365
972921
281192
448788
858624
776416
443507
944511
669857
584422
779241
848867
600263
966813
494696
527486
378109
141186
109961
376095
551036
707699
483854
718196
593645
648590
577016
170672
657997
853224
291126
21976
487466
63463
111991
767531
501642
928061
269664
102572
461162
578945
895194
367565
905764
156715
373122
37434
416042
560940
487684
286079
107694
80680
622530
578006
51428
541009
171693
212561
544735
264225
698359
710944
829080
17012
999583
174720
741710
789119
370603
520129
671687
4785
477876
367473
702900
960036
572507
399658
622962
595328
924825
449717
934253
708525
61429
646426
218271
104178
165198
762118
132342
404847
920856
250454
277204
68019
731108
243334
604656
46779
3735
666673
630617
927944
725308
385988
460955
744795
258742
847939
242490
47376
801102
139639
439579
189717
500971
549683
281539
752325
493151
709570
298102
900197
502429
817968
728833
266297
499273
570801
990868
215940
435432
467761
834759
475099
340727
169272
600509
594917
854999
272505
899942
599217
255397
375672
818078
513652
62312
285719
985459
264670
380068
354811
372420
368919
840011
590943
187268
112539
962195
2869
250590
124975
365283
201460
454771
523838
335974
911363
586494
187413
41090
354816
471641
937848
652259
790637
123928
837407
450865
114103
101459
309264
381600
86181
886594
516506
689061
221914
234944
704427
584710
89670
388786
742543
264330
879151
721409
48069
133584
419096
151683
573440
36860
527499
269687
262391
102668
501128
623791
637993
231752
990538
198472
852657
400152
339634
223829
461249
987440
329747
12762
945854
643238
581209
321268
799864
859683
205334
580758
958532
996792
206314
6894
899384
369288
690575
480230
143619
166435
470399
391814
465574
181044
327362
487734
739347
382992
809047
209633
93152
837678
618110
291126
70504
642934
933024
276744
754047
16754
21788
614997
892815
980257
932144
583524
358868
636202
523903
753671
634160
157934
39748
888768
294187
748918
749588
451200
91659
26443
936905
605451
51020
487589
75537
792759
712189
463803
556945
635666
997815
120697
396151
297571
238842
757776
154075
295497
757733
590183
588625
113793
312722
698863
984717
528771
218700
278484
627891
511755
493870
195279
623419
894517
346969
51032
802686
443713
936721
690169
245535
13111
410292
51710
998616
579300
238681
552457
104992
768130
440769
800834
188342
51509
579004
808939
158029
262834
683868
656657
770644
487034
382286
250078
732385
552708
125466
932684
888505
810745
140663
447092
857982
229401
703243
979652
384694
612667
874879
362127
719604
619121
445884
88191
953893
355786
817220
759973
624633
888369
477871
786097
696683
150450
350400
155197
266415
160669
455331
770947
495352
695811
558789
772976
532515
590173
42960
883344
984323
486925
157250
868968
619401
755516
307433
567202
540688
645538
941117
500579
30659
88099
356057
940153
616172
961367
529176
76464
953369
935522
805320
52163
378541
269762
89358
401008
356480
472424
16662
372836
833524
101373
872052
95318
477845
190085
250524
430640
180460
769505
127738
327911
850017
711278
331055
553324
606666
935179
366057
46906
436756
71161
134430
948624
163916
297755
146341
305721
948491
285404
874545
589190
692284
853231
666218
678302
147851
308274
936362
924844
927340
710892
612561
548278
832197
620789
207557
796622
431865
362421
191689
834785
779218
661636
51321
802092
125258
551025
960287
527567
465526
672094
599990
152506
872272
208969
77625
537796
398431
719973
147622
449434
78469
458086
575252
548308
942181
913372
750766
555747
457455
373431
440075
781543
766217
171497
137515
438685
588891
244969
906129
762614
71159
634579
739064
474882
450788
475756
351347
65099
766470
627268
573924
849855
870699
445556
54104
756868
436148
705735
34110
841328
340446
548277
787266
293009
391980
234506
339723
809126
968947
696294
83405
197553
443201
932701
58187
736100
547371
423678
881837
672248
534002
129841
857465
30109
835473
797306
565553
435788
461990
228378
420617
471160
782906
372244
459844
464034
596591
933901
558634
460364
364421
392013
636008
207941
964489
792162
26500
224227
248282
140771
244859
509199
918745
660818
967672
45754
527917
820379
621555
8494
213871
485305
854373
700863
510137
56696
782051
160160
930630
731157
692382
201746
237830
408321
291638
301750
731073
984004
544630
208132
946469
771519
888048
861780
644846
778506
672502
549786
266928
104699
50162
701103
160644
737800
654819
224650
862285
983492
187061
396237
627558
654277
72699
315131
302826
724967
509963
762632
112735
213545
79926
887497
231295
488180
91106
815627
570277
670332
887814
784191
765841
585535
730306
590611
959128
168555
170201
993691
159467
253149
237964
524910
381633
971075
126804
763342
297188
275042
530363
734719
98197
331635
917271
194872
389981
763817
839332
666295
14578
914574
705149
924399
937602
597835
966263
645405
179614
173638
901146
437305
516806
503718
661949
852871
435469
671026
562813
40652
161001
86487
864857
392670
774425
822664
496237
256981
360691
943552
581257
915486
979721
117795
617710
903981
426999
827778
472548
525714
428812
965629
65147
599845
531091
382467
426908
34268
791357
366710
362634
21627
453036
479145
305083
69610
590622
762059
216653
708066
846388
633885
965031
144257
398366
613855
71917
657662
801062
354313
449439
892726
186901
255541
533071
98661
31813
543002
347581
793776
412101
36530
553104
386590
754082
869885
825395
568423
690904
919711
297802
597093
749525
873893
328080
988711
595366
104037
184463
844581
80961
653315
621754
673869
74734
245904
206570
448700
540306
73164
152372
590344
865753
317836
13539
143546
792127
313143
450967
234713
548028
332906
367673
761441
865610
59068
230937
410899
678548
522267
301287
342694
964796
11861
564491
993371
835145
284403
447393
789934
760556
801216
177812
447080
574317
445095
28822
694033
972727
420602
734585
860291
182140
574223
844205
729050
28422
712453
777047
72200
920732
30756
140298
452357
130253
519586
893604
320611
228060
632450
685959
14143
490695
581847
7347
336276
440950
287527
682685
380969
827453
147114
871406
413739
229646
554354
562939
505301
252478
73828
944028
100043
874802
325067
805639
71526
470159
743642
800106
188761
155938
212657
163700
853593
395064
606947
730575
146534
129904
741805
194886
154950
439405
618634
372563
564389
856374
327478
51861
941606
405374
602813
891680
898250
649791
567678
272239
754491
758079
692289
570356
220086
418357
246514
844176
562579
6660
52218
62110
308403
971046
765625
60266
145477
685604
467617
45952
121780
186689
190002
68510
192881
631735
711758
278603
156056
797977
144440
381825
904258
332759
291885
911493
374822
761504
957663
359896
506284
925218
268682
93061
693968
81837
706997
84059
812527
674741
359239
531829
20530
906486
491076
401525
3156
794674
714978
244367
385873
114134
53452
546753
209068
517115
211378
28961
694045
370312
930699
863310
721430
855284
749096
965256
976369
80937
803958
867932
760760
160836
266192
984632
305552
130809
342079
885853
218114
744020
337679
617521
625191
128154
465039
382964
927664
899790
534308
338955
784720
194447
614538
743672
979078
545182
833001
226603
446922
237310
766095
527985
777363
584116
351248
746315
824963
424494
768823
264794
736752
257664
429096
121717
282576
219977
435796
765853
125568
124596
405591
586120
500401
468506
533297
62233
948144
197
963295
216433
269584
355856
95445
98335
406901
847786
508763
140915
440832
483961
199681
929008
589202
234331
489856
531743
40063
757191
751983
533376
216721
318994
579614
561116
532278
958158
163539
95926
619527
253901
988703
133343
175861
373507
858587
609449
669714
768265
449476
550579
341306
546686
327472
412900
204572
897160
312365
219443
812200
166840
101941
473186
584983
256268
284431
872458
815890
452045
990788
91090
372928
406745
574076
625465
250799
473019
756790
615763
829214
548278
521377
449489
522980
721121
635993
644920
519425
684524
338305
642036
340032
10304
25017
277126
158149
803909
307388
547160
266425
397885
683353
60273
140750
706445
427660
63235
741169
5340
745465
463458
335436
890708
368196
941263
87220
527942
914767
889843
407094
955434
514705
932903
874425
639556
960592
492336
996432
523937
625787
652936
264287
784320
92582
240023
829158
444686
250658
334593
176751
864266
173688
942104
752080
815176
644098
319666
543198
394449
373031
510358
784110
447591
30641
173136
625161
791078
688077
857956
218987
108485
193566
102047
18296
650620
206909
624457
836220
830208
601874
806326
742749
186026
185608
545659
474272
853750
984240
230910
22996
360294
709236
387943
135583
164486
905333
576243
103139
761163
416068
573031
559372
450965
142202
156577
260920
423892
579509
225225
245444
325382
353839
742439
63407
468446
674620
378959
331694
145600
227744
277495
470732
187305
394250
712105
684986
818924
38641
608339
424570
518871
131658
466364
357156
970740
235747
17233
206676
851435
578911
341854
665457
795653
31310
986776
877018
47755
819560
510038
917038
394445
798439
223648
711032
778750
361022
428896
531958
934525
596601
603254
893829
433071
180658
261095
916842
769607
838189
662645
875263
597095
662289
976713
326840
155168
388420
553613
932817
125782
271777
935254
996054
594111
887065
675007
138702
839178
809827
926993
401797
274716
892065
862174
482869
388085
173393
545005
499152
812849
455084
223119
710573
759787
86175
972944
661580
407036
770083
31561
713863
344097
22331
153746
995736
682298
627721
810838
509761
556271
583502
546559
781212
27821
953213
117391
785535
546126
957882
868240
228683
621975
401972
572196
499026
278043
410907
100790
786850
630716
228416
313681
734642
170193
691145
674831
90472
60579
755661
139561
582597
876114
527442
776622
796590
934101
783392
709519
221272
498335
49409
161239
339598
893916
530712
681591
165538
838490
573340
481343
340590
364037
423407
689961
377222
281547
176159
683792
948092
9886
775672
823166
409550
284120
1347
726178
413104
939960
243424
318112
230066
546250
29371
116547
181071
664613
951790
317838
352465
703054
367731
926000
319523
350586
762244
782357
171317
147249
240785
804121
459398
743310
964637
926807
667921
310179
343030
832864
409046
506681
527119
667400
749507
888245
47675
54362
913599
366358
592520
796651
261716
40090
298678
515212
301686
877952
421011
809497
580212
771049
748788
789230
225722
681432
433746
400825
452096
925016
451262
296299
121939
315517
906434
236360
683070
420034
163606
719263
834261
494929
38652
78995
959709
657890
325881
805527
991515
768763
408816
210296
910456
17493
99100
376020
415502
685087
122985
242664
523345
209820
902448
363463
518940
110951
455373
747687
650519
956503
241183
331734
654467
137789
630108
146890
847394
176714
726222
596053
862022
642446
743214
80887
47540
583131
209947
166029
542387
510664
240823
652840
406263
851665
604575
175225
973605
587484
592581
955432
664131
34902
911915
414275
275838
530300
650813
15251
978646
184950
167820
839563
505066
182621
988195
3162
282651
165277
539400
119392
965216
353654
636176
272700
73702
559388
534047
46660
465058
316479
86332
531662
701492
204773
379469
708779
871417
636530
27379
441716
354413
899210
803268
276540
529659
256973
485217
588517
743396
243137
916852
461902
891271
385806
230025
769066
380242
625378
977093
406636
934470
651125
976327
186398
106016
317478
357145
286737
759337
627268
605522
723439
770908
645034
320140
952236
331887
42754
979518
642139
137600
925674
345525
819357
585053
93107
313908
729588
698608
54982
919460
974965
933125
285921
794361
115484
400378
884223
879972
430585
418306
448022
131566
159177
258005
874234
363512
652896
765688
455711
808652
748161
133796
542651
386975
895824
465878
574666
293605
839582
206514
260075
842577
245988
238485
277928
701800
550924
58486
368275
667841
995304
197431
218827
648155
696453
71694
166366
432091
774042
234314
133704
166176
155227
251013
786074
327301
503083
188965
929846
495922
238766
925518
803895
733407
144316
983848
140781
703911
57393
977800
545669
977732
319137
396797
822152
144109
244009
276730
54266
179081
846305
715355
207394
764046
631981
639957
627498
794555
10099
321023
966044
838894
773926
377591
324492
500771
987009
272370
982229
421257
545680
459236
898235
974274
836584
911560
740848
134840
38519
850636
964530
55831
140470
657373
141969
151914
394043
53386
138574
576085
980138
646487
184031
466988
496908
477345
345936
56303
683320
49961
230787
134180
32301
116350
911576
942223
887682
730443
600552
947855
872820
443323
949354
138200
609951
810116
784184
467848
197128
93399
734636
501544
129815
584610
698404
445954
411362
172800
915302
867290
659107
684543
758748
384330
50636
997771
85248
729853
262257
481403
994835
971528
698532
625336
533318
34080
618143
959046
578556
231484
534361
196976
288807
42184
253755
73684
533711
259138
530220
609224
545649
174133
84233
385960
274180
267536
939056
737022
684375
485219
744251
962508
465750
158005
122891
177272
318827
39044
617658
658837
21568
666714
836210
480202
603747
877704
209564
860449
143107
396162
665584
754094
501143
581590
726507
430361
76574
865482
518943
530059
785217
427090
685348
170929
316180
907627
410796
129456
222843
954903
196212
125925
121513
615861
774615
575447
884740
179388
933821
478652
498917
808468
562032
930660
904507
380049
239439
159814
950670
270605
911323
9382
127585
203104
833390
153631
544882
723838
766604
581138
570395
58286
943570
424363
194458
270819
798667
137933
406894
540665
132834
698202
242200
940877
311409
198176
153921
305977
978424
720995
5690
913323
743401
429507
614045
602720
255519
68746
129683
798658
637487
400788
172208
313884
234199
679899
247608
175542
61908
632671
281797
329618
840911
343342
633152
48257
463863
484117
711308
450658
832490
160867
750851
769912
715724
330774
681368
341031
97850
454181
949724
303243
780185
222249
291804
188662
380040
5609
535271
45508
97524
307136
934637
434203
816905
287085
266178
153604
969414
236023
651010
575393
970025
777787
436431
552586
304522
63572
867830
811848
890820
772325
990448
674413
382029
191174
145796
194382
215335
135624
349386
309471
950575
91495
648074
396713
128403
76299
782018
323946
946593
374395
612550
156745
181818
247839
761922
714804
341029
111023
736411
329880
592960
645630
220340
57212
945361
203549
842701
580155
339002
123245
335493
919132
607179
4677
751168
326479
221362
85883
893603
489543
634445
994131
964732
354606
687136
555650
333375
340682
595170
919261
928427
407594
311154
237475
815820
227084
742567
730979
724121
204239
567044
779852
174077
430159
717194
586127
38579
685474
661032
303603
630986
195374
720654
556341
955592
95845
406303
700441
389739
562207
236229
977105
573066
906706
275678
69193
992475
249840
485460
203469
144462
621278
878986
243608
721942
449228
711986
317050
671303
597429
227515
291172
710682
797813
336680
90323
557326
146178
761724
239255
860137
213384
461393
436031
925469
322469
844553
786147
151749
72190
48923
978958
332878
832444
639759
739910
68019
188903
313797
583672
856736
284573
395182
579781
25976
626286
978078
173347
682610
846679
461754
990961
755550
979482
772364
881436
844358
393526
893493
392679
699375
817352
23362
321306
530239
603838
799255
438921
467448
421236
727623
80959
108386
544237
905094
307272
98119
171887
542774
84120
194008
805819
329373
675547
276973
364967
583352
258650
851050
975386
169768
50567
695613
76644
706955
95845
757379
709431
269222
570262
222794
120966
355518
791042
121393
32953
15622
387873
877420
561098
778162
668646
382884
641663
564650
295945
257979
189252
993498
950255
191533
10532
64358
248247
562770
291684
443067
309859
792960
62396
474049
569377
574349
474739
226092
402102
874866
877846
617138
341830
407115
219988
944279
314370
979770
843129
535651
709870
872812
803013
759861
393677
479923
376617
380722
951788
788051
328797
462870
436041
429784
738272
464426
62814
759588
96269
299286
818317
186503
291735
573966
141225
804423
274465
754984
316574
895871
681405
519502
591359
227939
414078
500239
915498
148769
445755
907408
290138
36515
980515
40415
678985
809905
82744
172200
852480
343348
993066
198912
593916
722965
286609
28511
199359
137092
140997
149675
124144
848853
76893
619055
745839
121028
35779
612906
171449
226009
325681
536324
738485
775719
691978
603867
828441
587246
515031
777148
124348
586336
837212
624238
360184
233601
619734
318184
958075
649831
304340
761250
141099
719777
647151
368072
455155
167028
610280
426187
221359
337024
426460
315666
90608
473986
730790
191887
702764
234419
514001
698604
819653
149773
20408
222051
889140
887085
223677
985325
618642
337171
802082
763666
891139
408775
644935
675551
437759
771543
336128
64950
660734
386171
160018
401343
707328
597785
581771
415228
211830
431779
267195
248059
746896
772958
496722
817636
52068
766014
803544
654642
856119
415278
510659
899391
156204
291051
208056
458551
289799
726032
7265
997871
99868
208684
30631
393998
906776
829903
366924
730793
813931
476772
986216
357549
660113
286968
311487
328245
251196
431705
630715
265276
775392
42073
491018
304684
27098
720690
335830
32405
992318
362883
138013
817977
437947
189497
276462
254404
114413
504969
745023
155481
271999
964825
499501
452679
725115
215742
983312
264410
942448
843168
242170
170382
817983
67130
201165
292767
993538
651134
242742
320251
932056
652437
615882
834777
99153
499588
483835
989987
802035
233066
614391
390607
287463
621350
347933
917772
402947
33429
604956
815639
213109
535609
48874
264300
426888
480821
251998
26010
299094
303476
471403
172783
504715
23402
140346
638035
161873
750195
138083
436081
23005
387863
229895
804368
302614
405295
706892
771072
335773
688993
797302
523951
639869
865670
751647
336987
694897
246061
546387
440354
982732
951417
768266
56373
682761
27109
607682
734763
286383
166440
761593
808306
285536
717427
926916
922976
344127
665688
425615
350311
486460
656260
316786
25447
463422
516205
600684
390622
640108
123655
961534
58746
570775
721327
431206
433167
165703
725163
896246
994340
633760
407753
472081
866024
538544
205091
488450
198082
2392
798660
762169
659270
280597
316645
548643
961475
428971
486032
175141
921849
79405
200358
898228
795176
520875
959932
223636
927811
593016
953631
16042
715908
517846
162424
579008
297881
77313
151115
570134
766524
255765
663129
268447
437280
714780
834598
653599
859719
525048
888277
293790
9584
678185
796079
857033
7470
349116
329666
760486
669780
725073
826982
691442
601997
146567
487067
116570
816520
881862
602510
637586
68112
208616
660474
370772
660793
722053
365739
116728
250294
773785
684639
27500
721288
434516
819077
946769
246353
345599
726375
689651
971399
752134
85859
824546
576452
481830
18324
349425
409977
489587
291089
157899
423043
59846
670987
649581
866006
601731
823130
498819
235413
468547
260945
810083
710340
954018
402189
354528
384085
202086
571853
18252
181470
989578
102843
358990
351980
737831
282313
411227
236849
849662
50487
656276
951000
403428
392689
232956
419897
288138
910804
393685
261352
593832
971345
749078
360808
642822
405290
780682
988413
130023
346970
496007
358239
348370
993681
991690
162123
612414
458077
785068
292595
548185
290468
575875
900821
890229
733134
471000
63273
552912
166399
300544
925747
947262
974722
2201
410745
723957
264193
835427
912591
210741
48688
45304
117966
60946
59466
899497
144739
378847
657012
302263
235971
662265
786685
2795
452668
156461
87239
174994
467623
46215
401855
153305
340026
91000
588807
157504
286394
524642
287542
334910
777869
79428
436725
666610
270125
698685
530506
248385
151545
455934
238065
179280
339429
468497
625830
226975
832658
597056
569984
104704
482233
435043
120503
699508
239744
554314
354758
457185
365871
266883
169324
238769
672060
579656
524236
103177
209986
26568
124788
619428
980240
871248
220666
507596
665054
198614
80706
102837
416347
438370
233245
151286
460514
184217
685068
568868
421130
767464
619426
926989
273884
547209
433031
709262
93408
300725
87064
235794
516048
51302
875436
380839
647150
875656
471794
781694
527985
682236
379062
245823
144667
172167
204802
572103
760230
48925
109217
675135
89052
697670
540671
283866
498374
319723
836716
557098
724988
732736
253503
916704
370267
4749
289111
911390
49749
327066
670653
330939
891043
69494
49509
643154
928725
256228
295124
601031
773897
177251
149083
889304
531194
412633
832385
781915
162096
600987
866303
776154
36181
559195
628964
951815
117736
906351
675289
769885
153354
29242
178303
305942
275766
473465
292020
936963
432462
176236
526325
528907
198480
924254
887517
431682
991079
182611
514316
869285
246942
31054
869667
752304
2095
312636
664683
38428
198202
93568
519061
166968
149457
872540
325148
150563
539248
594360
147527
768804
746058
257939
161610
159462
384318
308739
585612
600723
194345
993706
532420
299723
587669
450679
377084
339137
813582
455190
816056
367602
217045
494838
861296
448387
458350
929716
414072
530295
69268
747177
888320
698442
920845
938701
107832
251756
727128
83462
223180
737053
844930
279569
220493
956961
638487
589387
382575
927905
123446
469341
75823
632990
806334
608898
689613
880594
932324
804599
559671
844389
74151
583678
658502
733065
42138
142158
916641
305394
302752
62490
142975
942517
741815
351740
246795
748220
74474
802430
327968
482468
865002
373637
329587
286067
337912
357467
500240
898745
288697
648407
628669
63554
512939
988907
786171
881716
32759
694026
511594
397644
94044
512948
900236
648879
94603
662879
271138
112432
263954
467652
178674
986717
57776
117763
53482
616070
615879
258739
707167
689739
645295
585546
179950
700449
316518
188390
960131
836513
576230
906422
95608
814284
231567
836615
797717
294367
812484
284975
250486
179343
928530
496656
104074
406050
603785
984329
736055
109034
166383
212607
869339
270366
998346
585027
407662
236566
216348
193376
980227
777187
639852
72516
882477
216008
55358
217801
44286
529753
410276
638686
356907
543343
739501
858710
733259
610374
234492
451789
322174
664243
925045
770227
634347
802372
639312
192310
632993
2038
766031
842320
339487
204301
731916
646058
263471
147604
92396
659179
148076
885105
502320
535778
27685
73700
585578
284364
564442
647644
317516
933250
250339
540726
488987
80706
565552
17107
30467
543256
184555
544532
101317
147688
510714
830389
856908
462043
510560
566339
371485
983908
416835
547835
11563
858222
693192
404929
358730
47204
982426
658809
428476
492764
995658
128454
897320
191329
202065
295325
750248
434715
56368
614597
794817
337117
966776
114221
910510
478731
882022
680425
104789
160294
143782
19659
704859
164854
571512
110746
796883
310867
331632
561522
102737
19279
886103
96759
714589
24899
904048
889271
217475
611829
209173
411164
30920
585443
454399
369354
517879
207982
650211
839387
255833
625446
515130
466612
606978
836590
206234
812868
812040
652300
629888
375257
581199
829007
162799
752990
937024
776029
94385
283573
616152
46552
263804
508909
293660
88237
936240
450400
762667
52473
178877
767212
23211
931479
104994
980684
322597
730954
5584
587858
653229
84868
952237
315203
572474
209105
26164
680271
70932
17251
122169
214763
82795
14650
936010
725645
407491
695408
819185
13571
326605
814878
308183
265649
563602
972463
91971
370981
524424
342463
139199
341529
646087
806767
259291
11204
492757
906120
827979
847133
452125
609609
169707
411373
414463
163918
118051
442639
607361
402655
981734
805895
454434
793811
854676
809341
826703
854047
161216
513685
480111
439616
240011
448683
94297
834816
510063
626288
467365
39399
798360
316380
384672
388482
134188
731023
882713
315465
381612
446728
994392
533807
309618
724928
943854
339147
902618
611108
982312
958302
513726
682478
778013
240448
110937
360415
626855
76140
252045
354971
901166
541028
853247
360416
422560
170242
618272
828772
790269
288925
643847
258059
406414
68436
292154
194562
542581
124922
144844
62715
410272
683934
110176
503173
477271
64693
785739
927687
190837
88999
430360
17368
686772
373555
453157
888382
52449
985087
993450
91650
649966
977088
672986
914220
772198
823874
479649
376737
10683
332564
694862
678485
27835
316308
505611
692590
554849
73554
914823
274231
39048
379620
190516
549437
334459
921414
91500
148938
904871
212459
859759
973627
302642
960804
724359
370816
880548
782508
517900
313712
498819
35342
235908
865351
950974
89203
533154
166909
227839
838924
668719
869379
814115
839128
900230
360093
158086
578386
866873
228503
497335
328187
807186
374757
493771
307903
630451
645851
567693
109959
690911
193669
395539
42202
739345
261156
9452
343664
316938
803462
540021
163733
319337
117504
758283
232822
615794
878795
29914
443340
37745
857849
407764
135970
409911
708178
323646
945092
472323
260431
868580
998406
262717
194034
941421
426478
101787
801280
243017
9407
912038
55644
438150
666339
18775
598338
274370
894964
931035
257436
60603
989991
726518
46852
979842
577877
554947
494935
352526
246567
155994
906930
102829
200798
589066
448140
475798
513981
155333
451632
669593
503443
659163
770325
47095
34281
125087
987420
808654
861444
74598
844453
11629
419799
769517
511245
589510
578248
101722
842888
546625
162909
635611
282648
826477
710339
897387
524200
770449
6907
243699
637255
452833
500321
68237
374724
852940
689242
209251
980258
633970
273370
487926
878648
953011
348624
422011
796712
763491
884846
228895
322617
133785
83032
976172
765396
365543
745320
320260
125720
192099
632540
171465
271898
956132
283101
129311
233084
699401
605036
707209
929320
725811
185835
167920
726314
235218
111110
372674
489320
957085
492476
693879
145662
627035
687374
710191
287290
633631
944642
727992
140721
239313
895060
170155
163068
163302
253370
439797
340115
175857
340563
187699
517443
669459
778411
875831
632399
255438
620845
711208
345313
667640
612902
328646
386923
594315
83186
354058
435999
949593
319621
167531
526855
555357
901208
204733
272769
953004
603757
922548
733275
785994
938369
330567
144071
758232
741902
339760
367803
472619
240698
558223
539944
239993
96415
317422
509396
596077
898360
185632
303254
851802
802020
649538
610734
799115
223642
911395
517246
321592
182186
262144
241833
508054
587244
873704
766151
959238
197639
29054
292610
667821
12703
582877
548240
458531
981468
808790
802253
836356
788180
508564
560819
683557
711892
90849
575993
926561
805456
744961
938758
328913
2276
481084
954769
652057
790662
433978
582679
102943
374795
667590
995319
100503
832722
862645
915885
831226
594065
793312
703017
596181
155322
818124
349131
338622
756233
23339
914622
912033
33197
822971
736494
606968
847376
685133
476391
75929
240773
264096
559436
489321
624013
704492
798960
844718
115462
598138
760148
209347
29937
831920
614846
380452
479006
617259
295282
679785
398390
72645
616079
298320
301989
561142
931145
75187
684258
497622
482559
313048
936604
268992
895481
783207
352579
974675
261439
857718
371568
555602
611864
517376
899057
951723
895326
134581
308341
134165
860026
182955
889104
556114
319682
735602
618348
776596
692396
120453
105037
179260
450157
895195
524159
56253
748082
613661
779550
996703
640890
71859
242370
946208
85582
433080
936581
457973
52958
403532
283058
559278
846842
221575
988427
432375
623017
832842
374967
360442
849130
147250
480646
789730
817988
652326
11555
795131
350348
142416
448917
264245
322547
859177
930353
33031
309001
563308
196256
76977
49746
527916
14665
478105
272707
60225
480090
468247
837274
547102
614136
221900
95255
461758
338753
296429
288218
756797
542522
11486
616218
303619
275290
272953
79807
231835
185394
174829
147869
151714
306487
655427
164302
168026
766062
529148
335531
553950
925810
979287
611175
336240
397733
834479
280136
42414
707953
12416
912066
228068
192122
158602
425585
496314
733154
606350
107506
480654
104952
532085
804639
216797
276158
1360
222694
413978
122389
774010
194246
458657
983111
82010
805605
267781
182193
635461
74512
193477
948043
465152
28623
149150
657301
287459
429476
915514
95008
528216
111392
738822
940983
340675
630819
803617
265000
699772
709934
838256
394930
70583
41766
61710
708364
421637
687784
603745
365456
962035
590211
85064
833987
823376
889814
245424
165889
362061
568071
852358
329417
379260
202525
761670
851619
716987
313083
84082
452778
906346
732858
487199
663418
347735
761698
809129
325238
797051
56004
145415
322550
357086
375350
143481
224076
976789
589420
953182
149618
641516
108783
214626
47953
931230
462333
147988
626864
579713
273086
570901
422071
926527
59870
782188
838815
13886
41419
802039
912953
908449
651213
635836
515031
346216
396028
295326
530843
370099
292707
105259
619226
387044
978928
852818
595692
381793
796244
32114
228242
168505
539133
310925
607173
511070
717741
137755
946263
299792
970807
871483
174408
904091
368342
954949
219880
264310
844458
159994
128995
424461
672016
655453
401710
439513
938588
786459
641549
503082
359862
930149
949630
32134
151694
28638
740229
485996
443261
129648
108373
186161
679098
391673
58712
147852
303541
757987
783195
808045
97107
997842
696921
164231
159303
601782
981539
220015
629833
654208
526633
300188
306422
475185
392039
227982
720644
798093
814446
197132
528416
92399
421645
265478
908326
187958
496285
753176
764668
520989
427942
350511
786700
672169
913457
529222
502748
334075
302123
633674
80587
449733
628787
437788
237610
339353
445121
540084
901876
214045
240754
256355
520428
750491
729460
639601
526802
797685
955658
174308
888769
513205
200956
367330
540584
334147
702687
826862
976802
794864
73148
716622
888629
710318
739872
562253
230372
561250
148032
744989
542001
575186
259910
487956
995187
729977
386300
431447
240783
211322
563796
858260
804566
594865
408593
657577
127291
121572
670486
353506
994415
999192
619913
996895
991067
860416
720868
457300
279673
413009
138776
961579
807824
17521
162525
823876
407562
652749
624219
587164
533619
515529
760686
274187
983696
39955
642586
676199
360666
645969
187211
704711
438102
367736
689479
304162
597586
909822
620658
95125
800894
868967
270333
146819
885796
725244
444397
850006
178629
464091
172163
521316
254034
983783
739469
905390
555203
151647
458057
628546
641112
846348
662129
803712
229674
418836
766120
391481
192813
568429
425471
972019
868293
64939
560548
61001
764353
542713
926375
752303
925176
153574
412138
372692
177151
101655
584357
396704
808772
320987
445524
741788
287114
278492
13053
422641
233281
822896
474401
620361
153409
519375
984575
404882
709347
260959
661631
927969
971772
663916
5762
463027
795319
833139
657411
652174
51150
555997
226794
468294
661221
558089
536813
265755
856707
221826
647843
134528
880749
233936
328039
261622
983329
76074
886757
595863
353388
343689
147076
15791
560424
755735
937648
206789
946390
502854
647427
664759
551251
60670
386831
468483
377146
237678
835786
101602
873687
189124
804631
176270
64835
32567
697197
506725
712865
128449
94822
592486
536115
930411
965350
10520
883034
642368
116966
763081
227048
75747
583004
545652
366499
309693
143433
307452
154713
29710
904990
708949
962011
802853
952972
193346
885591
427883
56167
62200
850454
473049
79926
114018
791118
849161
998425
179582
648037
972586
906839
514148
936259
443150
861892
234023
612114
636126
228363
964564
998293
495277
838750
255319
483042
8937
292087
26302
82877
241838
965833
905493
498259
850612
34056
691567
182800
351273
16018
459078
930461
317338
500344
921914
786489
60746
870957
60853
989107
798373
530762
892912
587073
155022
694076
233358
999233
755285
571659
182758
223881
281476
787463
107550
20524
334808
843985
739826
422540
634637
538435
232596
200279
381011
877629
77678
943776
411612
511437
790787
40538
504919
907066
964787
201587
33527
577197
614685
240651
393260
911613
31071
256655
811891
229398
496697
908406
10185
914437
909839
495448
99387
709602
582989
953446
93977
665625
262629
821066
539016
231767
212659
318556
680951
136207
379778
260669
545386
349542
438824
479700
158386
944449
130444
269603
584317
559656
193032
648517
66697
334487
824361
670342
946996
529633
235667
491231
786096
256642
613826
432076
907154
793471
602283
262540
760841
565692
532033
498101
726443
760410
258899
826929
308587
956554
733650
518873
481319
167795
984113
402412
568990
507644
225061
536683
479103
646646
425804
975189
855964
633321
833706
367610
880702
642746
962830
660990
820626
648245
905555
69805
35648
878973
120514
935029
276252
835725
426197
276164
782517
276330
701974
9919
60491
863527
371494
424731
805151
959060
38810
859356
324898
648709
357888
44968
532303
851578
39359
569799
350804
522160
961372
496954
920299
789443
11865
172981
157704
50366
519864
395386
949291
34113
408733
417874
71189
778510
400977
950763
151639
777136
92963
147145
599237
430920
664617
481706
36170
762677
980132
846971
607509
351391
372865
892464
272049
618272
683516
692036
85683
402192
549983
634317
30028
693868
485416
498106
329407
512546
972937
232941
96556
344060
560713
829231
470218
628454
558856
211668
455027
302046
419231
914796
349273
552759
965542
507043
456982
20745
488463
445494
873826
359672
428975
374994
231518
753440
143837
94603
360909
740506
808755
912117
503522
334510
499442
727907
871219
525397
598018
19706
15053
217385
173270
851056
603106
488555
423214
271207
523870
221616
173622
649376
256727
681322
318092
935581
980067
213903
743583
107096
341059
230504
581490
326937
315708
810872
488192
653240
937990
768327
910586
73391
323230
245770
392108
158619
652662
595312
149565
878863
986509
613259
495381
66069
205785
939865
671769
313666
116063
539759
81106
320181
752549
665793
184747
846700
16768
124240
439257
285826
695431
126640
705429
389769
138088
141749
709189
733248
251928
141498
961529
546737
980454
555021
564560
892394
455081
565178
385723
553749
160024
644787
582041
138039
976056
835673
736962
71105
951536
207657
232095
404054
112760
217414
304822
378970
952048
536606
944004
738739
479245
741500
905347
282656
183150
50218
753803
921586
70349
206337
732117
62506
261136
220239
753050
711857
973887
264291
710106
540590
411857
846839
107640
387016
785247
845435
24770
10296
741626
272506
287823
967689
267800
14891
937153
280623
435497
624342
981547
178881
613512
997985
267660
999189
537421
284919
184056
391095
37375
175764
48535
797189
484070
441263
466695
127338
49727
438595
487837
702325
947465
469692
557897
174997
739965
132795
693527
890163
348826
179014
42066
576300
128286
407439
692291
613802
294608
77599
326359
18398
78202
668255
543070
603164
694325
62851
912368
88850
112220
771411
70698
253734
687651
232088
869526
544172
21888
411423
610217
130689
293191
79852
730341
295751
427027
659071
66335
176765
22176
942396
206683
195513
16182
969657
162515
895685
931904
717609
794710
708756
158395
78239
169741
47199
168138
889730
958362
897441
443686
760012
679897
878251
338354
572926
692872
322148
878508
484708
978243
438113
300800
465280
982504
745693
194615
771414
640409
415637
621324
708627
254111
788035
476127
356507
379372
744948
810115
428654
822457
653128
768946
274038
558094
499206
477984
951471
295328
737561
398828
902259
201620
514667
421555
15074
794269
343039
742057
535572
523424
754205
267447
479470
350259
77260
477882
808488
322809
90833
104784
79959
526838
228072
617424
726378
287078
453717
731059
994127
583610
492312
738591
41205
404848
80062
907986
136557
365837
149332
504424
998826
819706
39095
901256
14183
619449
298759
685681
309671
530498
166778
532701
261016
12606
679052
33679
650897
699167
215252
927870
594042
452186
77298
246046
462475
996866
618853
264903
467565
181378
379193
341636
111612
371383
41885
328571
498926
564456
968467
187636
461005
690403
563136
670983
4640
509749
957603
211430
318312
912709
627490
763653
460678
742541
132992
430498
263034
991990
893739
491380
559622
651856
506866
948532
283632
742507
444180
712514
174823
431572
419444
716662
297085
569775
743720
86212
467
778734
420144
778891
897874
344299
650179
219066
717077
679400
843781
538463
962212
33760
786518
359182
924508
228361
958660
231978
385898
597737
677792
31635
372470
974482
199726
801452
923484
813436
328950
178951
704661
108157
159799
5552
297268
808999
477179
817491
911565
801214
531910
190346
895984
719572
563688
606343
404883
661315
384050
352859
779277
176135
193541
166560
81471
443510
630662
292489
880397
227868
998061
819204
735306
679927
415229
361737
681074
740812
919310
773571
506192
405668
956806
672727
931968
720102
306662
948629
128015
165266
572288
653434
758334
402903
786055
673247
54886
50194
897150
728706
291637
945957
137491
231280
172758
776367
717893
154571
530159
954733
361279
470333
32644
916269
566281
393146
807993
264746
828244
629547
522804
845577
749427
957180
759841
609839
323945
755715
157711
543997
731741
24971
279159
24873
755242
451645
539485
571066
584979
407338
212752
568287
27604
235640
970635
591725
16275
42982
868734
447476
242357
897917
83430
579772
168013
688597
953880
188065
150448
892673
537694
715272
401700
287640
810104
891901
494263
938081
521348
892459
114283
142298
900216
13687
142735
447205
228363
836281
642473
824720
98867
669783
732623
23999
712650
709824
44500
816440
246794
202306
922144
245387
589239
624841
904409
147164
129500
772469
493565
300878
466477
923990
510290
579854
125323
496903
112756
453305
574375
238372
782221
969067
201470
485801
98084
792229
197250
156392
174860
715034
568601
904742
470972
654038
870462
694419
498431
637004
690886
900709
897410
701690
272765
426064
963147
388347
717935
743588
921417
789353
893506
693890
950214
283756
71040
100860
824824
630628
877619
794953
159543
332655
88617
890273
267850
415319
198871
138107
861146
622299
254362
679521
48712
309016
274968
58092
753178
366548
219653
610146
129488
759208
41410
388584
897173
959495
631903
755877
869329
20591
351361
319286
463259
212586
682847
922439
393228
648513
151142
993108
131119
225790
286333
819389
494036
937693
716643
444351
864900
595023
937524
530709
121166
279658
39498
185194
587712
989360
169343
346937
738802
92409
985489
915907
345724
337600
427679
498860
945735
573640
355984
720435
544321
770793
239251
714124
123754
359483
188992
954396
408331
634653
698717
280208
372039
122339
319421
516891
479434
812634
993412
218122
126622
697400
331845
778693
594524
441573
279948
669092
604927
116448
223799
437547
987796
917648
34943
828068
58382
634152
556436
907159
229686
546869
375079
24297
480447
353415
791617
103695
655799
990329
660880
869421
99482
404127
932867
532559
965441
431948
652490
461186
697527
105341
240512
8400
598124
604646
427941
934679
735491
627990
979908
195269
133126
91849
206771
332531
834873
719754
61497
240602
521868
686915
915402
386934
388714
585699
579629
464629
621102
475562
503102
175132
672501
893268
927120
412599
859086
698783
506986
784827
775502
749051
361458
12922
906369
715726
666856
412993
881210
298273
306185
810577
575820
249130
283924
559225
364113
496566
796712
729868
629927
162611
24652
670532
308539
760855
330697
939251
195069
163569
240050
110114
466291
640906
402948
971272
859242
650359
837544
695720
58758
895550
946069
934664
808763
427491
391314
912201
399380
276878
942873
266088
45169
203162
881303
70224
264974
38844
566672
692633
998269
125966
543072
121313
543030
642167
536988
284677
264197
383865
196567
801085
499617
906839
460545
928722
343837
309345
800425
913788
50872
626205
956771
232476
625999
299924
307524
39890
266993
848246
474314
373500
798803
172971
392217
792780
652250
302647
53728
377157
244374
661960
431578
824274
200591
376287
384113
217411
540087
378265
733884
449956
693374
306713
718505
706556
360709
69908
844406
320095
797802
141561
356185
339504
254146
612731
492544
609271
562085
116220
550835
559707
79970
441815
279125
357564
507539
934794
577481
169263
302924
735935
772272
150423
289325
733941
572561
773852
409943
175056
298514
997835
294267
845369
732707
588426
281486
638259
990202
229558
958617
761276
579320
95131
511212
409436
260843
541263
137650
37197
97261
823595
990176
999430
368617
403943
713160
109606
15613
6801
753930
821882
658171
448746
914921
689515
729738
889693
107515
266375
741034
932573
766394
623274
128917
882778
812473
769672
444224
237983
448752
11674
857025
218379
492024
877347
404682
674218
758162
994846
963987
754607
259745
666310
166870
437072
811448
850241
30324
289662
879374
146538
40949
143872
760718
243130
276589
981739
124619
214226
166009
235584
311953
924839
468713
831970
873814
872266
530872
87154
600336
392787
669622
920457
419872
505769
164806
566161
874412
116401
426755
928704
676682
948689
559870
162866
769495
629472
740003
753955
264168
293100
296506
89798
133208
324454
777289
789316
676417
629358
580630
835092
10182
918711
346505
386163
994444
376471
178736
304961
695048
902318
871389
683000
633779
300848
188394
421321
395803
13072
12381
976596
470547
186058
917478
995524
543627
667021
26693
731078
295802
91204
284808
721572
21495
348736
798450
87682
4647
954308
557944
332339
288721
849132
644133
536377
946702
756666
957213
106135
2972
432446
467710
796373
630161
73762
24610
297808
787756
270159
882561
832763
52871
520768
962420
653878
733609
288801
920852
156297
400888
811875
293121
908349
583499
207391
698558
325911
23069
280036
549114
117170
932958
598111
563690
431096
307748
941606
643537
31484
166144
302689
504481
3127
826155
559509
60411
759774
250526
254862
974867
677980
663872
560873
348655
726833
735802
775419
863054
668518
967655
857762
818341
552876
889127
882342
884228
647761
901715
237962
584920
616862
724938
397621
893257
781647
374762
604600
767940
902959
688091
873404
415443
132880
145861
817929
177831
729572
243873
717045
835064
457532
661805
465767
771715
916506
134073
489479
894130
824372
24991
226756
449562
518664
548816
400961
934878
415254
675144
90461
348848
790015
736291
944093
40824
871224
279434
506744
300493
787307
757510
902399
644832
794986
858421
777832
851448
366480
786457
490102
82391
951798
107981
645382
887036
191823
751892
383671
170434
52385
529866
801975
581350
57824
838652
655463
950630
753001
526419
500010
30916
440408
718315
579023
683305
42950
223618
260568
450791
334498
900171
460903
654167
252075
514466
377092
71649
827015
522907
698253
164634
730755
124787
412155
981320
501544
959464
662732
537984
856758
710692
244819
751792
571840
761620
598744
330361
990435
361240
945517
149620
475236
322387
726798
258518
56869
592161
657652
333806
481156
515560
618614
698379
449745
407304
633244
485626
603177
484460
835010
224812
868531
91138
982566
371127
41655
432583
491214
761651
426774
882171
522072
509893
532842
72308
725088
683064
949563
654479
165639
237639
73050
129601
475494
76279
422046
347595
108624
598945
331512
160268
799228
747533
23541
851184
50455
259834
188369
180294
60517
577787
928690
972848
238352
329403
702536
178676
520911
617121
651134
896943
614324
617806
51421
235176
956946
741891
24382
635394
303688
484256
242666
134604
218863
669576
728016
681331
941020
52128
520801
535255
377490
808373
537484
943162
606535
455421
712785
554325
928401
865397
71556
793861
456109
578922
640673
787938
355308
877076
25606
645296
817403
222492
753873
67951
934797
378879
184726
523533
214311
181322
47869
728380
229703
738373
682615
240861
785330
252844
17051
682331
815833
630168
235809
782485
761511
68605
660921
789299
593706
537996
735881
804890
78363
957369
914114
927738
95692
443031
796765
245060
717165
376543
380600
878905
483514
527567
413639
543454
963141
403311
607992
437324
983771
276718
342695
140004
406934
798699
442107
300959
519167
95377
629467
944003
428829
431386
602705
788593
895774
383988
58681
408795
785953
542016
53861
754644
34590
685047
943953
283904
222131
555047
104765
751082
710860
650908
83821
984500
986029
289178
345081
157417
557023
793157
921297
366895
691381
890659
355537
733336
269433
294074
62333
652887
625592
851988
456793
453967
892519
336801
535592
639367
566513
107451
266559
347898
388958
847300
709828
501452
349985
743851
729608
798166
697342
62350
2687
389218
541782
609850
168344
825458
546064
355213
719037
68731
672038
359036
630121
209199
82825
413745
597728
182648
300914
526285
393680
291520
858631
13067
389506
843245
2213
114180
274621
797866
293584
535055
347191
663329
978933
491584
313145
313157
708887
781201
14670
737355
712798
432479
155815
209848
232121
502027
158926
316821
187435
244545
187589
732672
317625
733269
185339
770589
121967
380425
65514
483497
644234
231915
791952
550127
404805
514907
713479
708627
32259
146859
850243
166027
958229
866783
750120
383726
676329
679187
134854
339876
371024
930428
367666
370045
347946
353798
452738
868831
893296
569949
66404
314903
935710
417032
387291
599376
997691
160111
783767
647969
904710
460349
177073
948672
354495
179808
628800
263316
513679
594349
387994
521449
567189
668001
394091
79165
130381
271235
241259
538871
397535
58277
875775
770551
451906
822537
458286
207368
630027
198943
860158
724466
899670
916716
455787
326509
330959
450247
608451
940847
631710
338046
66465
580646
697901
145237
816643
385538
293975
421998
668554
144745
974638
58244
899791
578446
694057
311697
783645
834012
497768
428496
95502
488012
646374
747421
508037
554262
305594
214072
234757
396035
129994
301352
283884
757729
495500
500028
344080
458513
789434
58541
910773
837690
598994
326495
259943
870496
185479
493446
117370
880911
392455
319525
880412
417905
497514
652978
790164
970367
690228
645462
908441
526996
167815
144784
562001
286877
783720
140857
441317
14829
528300
724834
936765
602285
625982
607129
85661
714737
735696
840843
147867
743333
652124
641155
342908
708966
735446
946065
961451
519917
555696
600517
390997
70182
854729
756506
647076
495519
661299
94641
196245
357340
46047
133362
956856
430023
69352
390807
188420
120068
938488
695556
348884
326947
853019
352846
276034
900207
902174
826780
357982
497955
280483
461803
857164
92668
984324
934763
539959
239338
362722
976391
779766
94496
414601
561538
811641
198602
380161
280188
924591
869790
965812
743573
882360
901964
402167
636264
693122
767759
471671
819320
277442
614693
539137
492841
843537
118747
680045
510565
383585
61954
505192
387935
11930
93118
146077
378548
748309
325820
207488
154477
86964
311299
791863
507745
745948
872996
132388
129016
811024
223884
645971
726346
685867
895544
561597
928037
129465
599943
243959
645550
629555
10411
496378
520222
652118
275449
796879
895406
267807
932961
13527
103822
468645
490935
98548
148046
521490
304559
863576
716512
111935
316712
591720
359220
284396
354015
797708
892675
259353
84740
492438
602792
578499
371561
877452
602920
762622
871511
275604
410834
39403
364539
350331
999298
357527
794046
94753
893119
917233
42162
573957
238276
414949
915944
218729
884060
932569
81182
499810
803622
670211
731733
556414
241848
552357
31553
826897
623008
796262
228314
589662
129414
108110
766608
925535
381805
252190
381147
664178
197784
845578
458224
413728
523465
928084
819407
13450
198373
849862
460857
965234
502003
238604
620608
684899
372291
571244
76342
50558
857963
273762
427207
459235
726509
267612
956003
780664
19252
122830
96595
165337
662653
843635
760877
779612
438931
408162
578275
669183
87026
435401
350389
860401
866573
851080
792071
735097
994987
694956
727885
381511
645228
54342
39842
886294
785450
824167
413560
389242
233595
213755
206058
854475
548882
996608
25710
486510
299205
752097
423014
65533
957865
571571
34325
655762
642713
714123
536558
574581
205654
287289
972296
700767
580744
974054
306735
362027
365155
493318
888404
703960
26981
5369
188260
280765
538683
654916
724982
745354
739971
663334
195421
881078
160429
676634
947485
658698
268475
530985
124475
359370
666023
846888
425581
149563
855651
782997
160113
389078
472699
458634
453242
738119
716119
685020
257412
820770
254492
817683
77897
205347
986163
331461
414092
6240
47841
822993
269010
157261
465301
640053
72624
789484
122817
22541
956736
629775
472992
97449
349229
347851
764437
923017
876398
96123
627380
711927
907216
701550
376730
179137
251179
187950
34486
121554
444086
785582
621803
989997
736759
645519
211342
52805
401235
887567
10698
31483
613827
563214
249763
716276
508071
775742
374103
109462
961204
907431
652960
87200
250954
712085
552919
259620
478817
50655
263282
760353
283681
864084
273582
833345
365392
643395
93896
616811
41637
976999
233829
647686
692988
488109
600849
756044
678371
23140
198372
721670
496465
905792
416833
972649
964918
370635
905400
944781
515758
291561
989515
113926
324495
993670
755278
752545
515617
114462
462695
431165
136429
510120
253429
371139
659438
365408
624653
764867
709605
806000
374816
501292
330888
297466
883512
661864
864410
715012
428513
429522
461718
751041
387684
462165
408581
829240
279791
409570
23727
576339
60432
419661
941230
834310
615584
519941
760477
787674
36029
236718
826864
102485
955695
630557
156702
709320
314988
867375
115768
163253
820854
570118
566109
423386
904930
717601
179014
266719
73077
931095
976637
580119
323303
156400
266091
422646
268681
372576
876046
832400
237378
6369
461257
462538
904949
329644
580757
89439
964798
909139
695446
415441
239708
739198
690504
110826
489001
271872
890968
319661
447555
758165
547215
144030
224207
849146
387689
591467
59476
461929
643012
850614
367874
946672
666420
694208
389142
619565
708595
589491
505813
88296
419702
425931
654069
507149
883034
40355
345115
819204
999933
374360
549823
466863
278890
843548
851373
156863
501164
2649
862180
854068
366083
899903
556257
742703
961077
381164
777142
541429
48699
366903
646099
576706
155932
998489
956326
310023
610328
257529
603807
644035
14202
114323
178572
981689
594064
986564
947876
968787
355319
365364
140895
480659
71632
80032
471874
935538
659599
391427
417401
279575
544178
15968
511196
975413
153678
386415
672532
558337
585028
662945
256023
114575
837075
274194
858574
563720
202760
412299
637528
762954
584080
275376
243176
37916
413550
94732
177418
363020
112263
119159
189379
420968
859226
689826
247189
356181
622670
933823
13089
699663
250852
178511
777191
411581
307916
161161
403113
675120
669651
826212
726127
730040
450233
351938
676003
939171
271073
134329
279900
550035
531617
783102
832568
118459
178553
47600
422882
4662
848801
434495
522035
9539
765115
621815
887732
77537
265640
776877
863298
814659
12151
824068
221770
542065
834487
381404
949364
317627
100525
468184
899677
979418
146785
909003
984252
161380
425107
408767
972902
97579
73483
368353
935916
663220
351374
161228
904418
833743
229292
452144
220539
131480
391478
935647
201616
468168
407886
889268
598463
50040
77143
972448
355952
763316
878475
868690
543923
277048
958058
987394
168837
630602
394576
371867
321138
855859
469664
126275
38868
636059
568348
467656
662137
846336
318423
841256
126626
939027
245761
751613
642728
445039
892705
269507
768442
162486
538146
184904
779137
143370
623684
78895
484
763877
12467
102432
806439
170838
389557
169807
443502
31257
519036
122088
116384
680017
919387
58836
470055
236324
559638
489707
739795
272499
925010
286390
859166
538741
966123
794655
143562
116015
868260
261240
585127
450962
915961
402084
110193
127344
195281
399910
851797
817436
977807
47876
756308
56542
782536
483735
114049
369232
321615
349298
776292
653785
30443
39341
23233
769795
981290
78349
967282
281146
73039
483281
19633
903651
364262
240731
179186
328918
481081
961721
64109
357882
624475
549200
311993
699068
413281
137444
837972
141356
104817
63046
284415
613172
708402
771931
377734
933749
629475
461892
826590
124607
598407
781999
809638
889261
4990
56826
138576
438427
707568
941823
315225
297094
502370
612800
835188
65982
622698
481584
345925
84554
783615
652380
615432
588248
372458
188532
334354
939615
498137
170106
687920
592083
50130
756038
127084
896516
108421
844851
320622
655892
633850
271594
167358
28371
797353
195721
305191
147001
656104
875439
451383
354303
835455
206823
938980
183258
509719
819310
699145
656405
878801
553122
313037
216649
58548
217226
710244
68476
470462
58492
604591
22740
312539
920431
703103
785590
73843
218589
236087
746624
640094
82388
415503
557343
215027
22874
162805
652493
12350
251643
943182
242986
93903
694897
20122
186358
508783
696494
592117
69481
464558
907784
351801
294319
389464
669697
727489
748163
258758
933938
445385
865959
867856
370836
762673
155325
150176
269419
580192
822854
233762
525776
836869
525556
991511
431193
509881
446509
669449
513319
471296
170079
278681
922891
168175
573434
835444
176533
368103
704783
533412
352891
987519
317187
435650
245795
831488
120879
575562
529037
437833
197400
380487
625824
771475
772102
251629
682384
694735
709251
772357
666856
460268
265969
268547
264697
261941
544840
884659
938527
586198
632236
71442
210412
732414
305575
4985
840372
868384
300488
37108
316789
165973
432663
563313
193504
542428
220147
860372
842888
560321
595978
588839
421414
796315
180341
463215
47303
981678
470766
117658
809875
20465
414767
37524
309050
10795
244136
177592
192636
242231
29787
587044
540309
176166
578712
667749
246020
754435
681360
264913
805559
546417
556249
260852
131861
126065
253053
350434
760167
760192
271039
652844
254884
487069
27563
13869
48407
551720
633945
832580
960367
783334
808510
345948
421027
223201
209326
367398
502208
139309
899442
343464
591760
378437
533953
841263
279720
719955
925791
3680
153103
428046
880591
900845
120262
132478
697270
269283
849465
839707
529934
141791
341312
661651
391363
408225
291282
818283
184110
87480
549319
626429
468523
990621
230855
95
442713
990812
749204
678564
450541
266925
417138
63740
207923
525473
275567
693495
206499
259768
52050
345830
203164
998287
464036
3874
454911
963638
434325
820838
398827
398688
297933
711447
374032
452340
49169
440293
643250
802496
281229
585225
110396
797453
82948
828014
305534
451213
223377
57260
109957
651569
387032
178415
839510
155735
598735
984310
484166
794977
251171
434424
200377
557409
244808
126689
773941
923440
855520
264825
7970
978846
232775
699558
112736
872067
895033
40456
690373
626356
61280
797634
480114
961297
536126
91353
402129
329980
642420
556532
398701
410020
503021
995715
691885
927231
540202
260733
886126
280278
503530
995009
405756
973114
514229
597278
27437
862036
403461
50926
876251
218202
831826
658717
277052
300254
906681
362951
79392
397056
587592
404095
398470
131396
913256
69485
800538
834238
183271
461455
952591
174058
317794
529376
643157
65112
701259
867285
832055
275204
884189
673412
88980
47556
420505
432992
84344
186778
337467
614175
863895
651497
199870
303100
483749
271685
132425
918424
170133
179683
799925
88252
473324
579439
413179
663097
22016
302845
488191
58800
952978
114007
591411
931054
611717
200565
194537
172143
18171
430090
339578
46468
749643
612027
679116
252879
678432
750058
389826
795306
300017
773873
352518
284199
664
867307
943404
479666
222674
25964
766851
496467
495314
186192
822141
461712
829378
101873
156984
505071
518807
729330
268328
906393
60303
403896
529507
149338
992842
924985
860937
511877
574146
329324
497422
726325
621545
881888
595558
389358
836318
673257
948812
665633
534155
731444
829166
587534
517725
863228
5176
641412
831713
631509
226491
49732
297528
172262
929466
611972
638966
188596
41553
379151
536541
822297
907139
932297
516593
345811
112030
138065
255608
139256
560269
432895
463760
131528
29882
692236
668012
675163
57309
64017
789229
851833
571494
699688
767513
104904
310531
771759
272634
326176
132110
940779
475093
62651
109463
94280
305222
851272
640137
299390
149045
480286
47611
934928
408119
256461
932693
131567
621699
310609
148765
390587
830926
469280
931933
271849
178566
485986
887027
892607
749736
800833
265205
594172
768127
17622
3774
50966
336762
760898
396570
253467
875368
104222
208458
786233
303890
541386
653620
65945
806133
351458
396586
793445
906330
321039
180885
942315
435156
777401
9149
437337
229526
58010
259640
939304
702830
827566
698158
623254
865698
145671
872132
845259
416293
407804
996909
406109
946614
117697
405193
244527
747606
363538
868280
850100
969124
501130
500288
700817
501078
861968
303319
770977
824662
336944
799437
564306
827511
157384
89048
702572
656594
567129
671422
817010
249281
283197
19673
631841
774711
707576
91914
711445
554555
925350
249597
206667
902783
378004
853076
696065
393697
699755
766770
21178
696445
665479
975847
42398
841133
239911
310771
219197
375006
962044
56313
985588
804048
653860
563009
647336
34985
56432
557866
561584
841655
23457
253098
253839
135809
232690
62723
647838
829064
178959
133061
961481
16927
649251
385146
881968
180196
705935
411249
732397
55258
371382
509930
710325
277348
879669
186651
452695
751328
645104
711965
520418
124062
301640
705590
746532
73916
546728
300547
387788
449056
478015
642754
117105
121488
58696
654842
687979
913969
40772
315847
64095
256090
771722
553478
589401
96916
93236
266777
296402
591280
907259
952535
573392
38085
774813
663763
174445
254533
779834
598663
532399
568571
942399
568670
377238
299364
112313
813083
727477
467879
23691
599145
5304
809521
201915
67199
479428
743665
503590
360687
583036
470381
791956
436812
968415
548352
265894
404918
821582
285552
346412
999620
382763
315440
119827
728076
731742
323695
172219
668241
739121
589850
179431
61194
935259
290293
508558
831499
743578
608593
663758
265811
292665
87083
733312
649777
267889
628577
340134
929555
962220
604498
49089
953708
342052
28752
728384
749441
194218
750340
619602
711569
179523
242911
630812
980895
676845
111225
517511
703005
724799
338760
58544
933110
908462
711805
63427
785208
224812
248958
93218
77405
713130
440188
325566
516469
527103
566258
364809
162609
718689
341753
528002
801102
229967
642633
577903
853723
199313
142928
111657
814569
545687
250664
787025
845903
208831
357497
832417
426071
741106
451627
756957
31433
87662
594821
756263
826577
577566
999
531250
472463
302628
743264
647311
950396
592761
737197
694627
741172
73644
188367
832826
90084
166150
520136
499828
932944
633167
786097
424541
167937
650025
667323
675099
722698
706073
493952
581504
220406
462950
710661
467583
441552
149018
866191
636540
382159
695141
897694
570172
490075
775201
498122
422652
652416
120561
668537
496541
397870
675650
798395
712252
829162
580787
120130
776608
623189
256785
409729
832333
208727
585339
692639
883957
323496
531109
974296
90958
719419
682807
920241
518783
694471
222677
329814
403956
644275
676218
727377
528848
115613
140093
457897
71746
218567
163638
120597
739185
472222
384954
213659
19921
704552
912705
402634
819031
789002
69033
993424
334345
957940
206548
434553
695982
978282
615276
875269
986597
876783
89542
666532
665682
330704
455524
499984
289267
71626
735381
668935
748369
907161
77239
8292
85777
982302
244381
433433
12906
998891
872651
975435
521969
27119
645662
944458
772495
85945
87945
133740
595605
858282
250873
82629
609382
20668
983642
224132
296210
831593
32499
659181
299716
60409
957549
935598
616209
822699
252401
390177
922096
657151
547182
334365
959625
615774
928250
307577
45414
195751
730256
54750
240134
847063
459704
536584
877648
143060
739844
153177
56613
828054
737590
942490
825486
897203
915455
962383
997461
101573
975138
900149
700143
727353
516023
785946
798806
168183
500876
461401
205173
590185
227110
790513
922941
989995
170277
798466
920149
351373
138821
979427
472750
169607
13377
213410
684532
264954
260050
613465
900512
400863
570453
786345
820266
292622
755402
477590
915228
530541
829688
490431
827202
516275
444847
87160
505150
197656
769509
676102
780792
692699
284546
441334
639346
484911
151671
49626
9401
36227
722825
329057
92087
63533
684652
662994
663654
366386
297162
789029
98079
414836
436451
907006
199248
951993
286350
752838
29772
105364
259869
169256
563837
774258
604958
970661
83188
57730
333822
643861
563809
348802
436937
769915
509918
401507
466508
891075
298853
42904
725148
421530
586147
382336
564143
338602
291620
595374
262631
493553
500525
574481
170799
272957
380264
9797
580094
204806
704186
130485
669625
74792
679345
750058
765493
681275
376793
700341
131674
988497
677742
500469
407011
641419
751147
709894
410177
461528
644865
145222
464223
80587
603043
24901
793345
204504
777854
589577
945734
785964
996166
699898
27596
629862
431468
144112
106226
286325
415339
475032
335672
236751
538946
729917
654211
230410
676988
775865
956478
759323
236843
837239
765402
500138
495859
209699
479797
632462
69762
242801
761560
574506
191133
964807
849371
692899
829334
774088
610595
656701
134298
973502
999180
258577
211494
377443
166497
753773
984346
714380
269064
76616
365350
820787
297403
401824
478369
206495
11825
845682
983288
690930
183771
83797
781379
782415
337226
527028
244915
621606
813869
645222
699176
414877
941880
21036
158623
632860
469985
273670
871305
850869
558020
481330
91894
372847
801639
45762
630448
14510
902807
55129
83237
311680
938673
394625
997756
678598
789245
589676
823240
30717
146932
344710
972506
540840
517666
31603
356400
715804
25254
609258
562828
627943
92503
340589
119264
207326
735553
97572
910821
851970
801357
439509
155723
42958
566142
742019
665803
481120
660440
30304
164632
977985
457179
494575
73075
836371
476653
541435
994270
538198
878101
558317
878184
959703
425187
933902
648487
301429
611310
725722
325188
412049
829046
487229
948336
13841
396775
581677
468981
23249
738815
432803
988071
116072
345734
27959
457593
678034
893948
588823
43116
382911
980305
436707
756257
10999
504462
567464
284048
784680
734289
873848
905937
499022
921205
565794
583320
415485
200784
361492
106110
339470
694550
675209
550202
299940
997402
50288
848366
471769
357941
853595
465374
693258
118463
775584
898811
535932
416186
258448
467549
410410
239823
24721
277968
557548
330864
624027
98181
33669
185052
805387
372266
997001
580609
34087
561812
435625
925051
860271
905431
267293
94523
900764
907128
976813
865667
271032
273530
928731
823885
502169
763412
442736
202699
302715
650564
418
939530
867001
142973
86686
47472
255080
584828
984824
288228
824464
859961
877037
108620
984072
777400
558225
998001
849581
614014
885465
272064
891455
414881
997383
260522
511128
803833
158702
437354
551561
748211
560225
731110
334866
517572
208508
26607
138622
580153
156750
535587
964313
512173
47202
15858
800975
625685
362601
532541
333731
214645
729925
61914
819144
937589
449652
151412
667743
183886
413079
174608
168846
749215
825054
203498
617913
218460
286354
845118
594976
342821
231999
164194
394709
356149
189308
148496
51416
733105
423705
958530
821521
178784
235875
406006
869737
364282
938326
983057
801797
303321
687520
363680
46623
679628
896206
845177
442819
227403
312725
230272
480100
303620
964287
484805
555353
258964
374897
953803
67319
683985
887509
592996
358027
822916
316328
978551
393012
296564
564129
745252
779675
740253
686013
530622
137937
265920
197220
65847
780675
620308
706297
360922
176220
917274
639491
61873
617655
360846
961971
581702
237632
775801
584081
845895
667238
892451
52935
425922
618878
220390
708938
362512
369271
636958
480097
647567
260278
791997
855891
741128
957006
607291
614577
309807
364381
98218
454397
449416
289542
718311
473782
203494
359686
273389
589377
159630
61685
76867
595382
570811
968348
236630
941124
300667
900333
68513
200385
42039
910499
316872
786641
80464
799927
474693
169074
510436
887612
165049
740387
783663
992279
670244
894831
659790
643999
90928
70874
822559
744781
297704
851494
93637
358752
425926
316610
581000
363984
939881
728784
898841
349356
994789
280466
305330
143122
105461
820336
121180
224523
708427
839272
556042
961857
799560
903890
22883
23133
185671
380879
783837
51457
896788
611790
14789
826783
204155
588538
133083
46068
316794
969732
736601
697509
272344
975112
487124
432372
237967
912926
930300
86239
124260
471232
530366
787797
36056
426131
619144
310229
379447
368276
178732
885286
917453
948384
105054
858349
181368
878047
842584
246830
285081
605775
25949
399266
122660
652969
228057
883120
368599
987441
256295
460236
913736
336671
389421
360169
773078
704037
965858
14428
539073
36061
437040
257422
933142
15633
998773
421790
44035
351782
683043
599825
858249
13925
716934
50614
640206
870119
599845
865499
360082
453277
807426
424677
99578
595705
172925
286736
837960
236477
619029
489604
988332
835550
585613
407568
99827
190548
849645
126149
104286
713345
346399
346353
799054
502843
457146
594999
189018
158392
794589
102024
209923
177749
954801
893312
180223
65219
183248
718303
345457
622095
419268
321762
409658
339084
101287
575805
945129
484126
689258
246328
94478
832294
506546
725475
489324
808901
268125
79607
42380
345999
131555
641803
589998
158542
160855
516400
912795
842608
395083
29737
339542
819918
681363
598794
977393
549401
23331
905516
577467
423267
779218
291530
857687
23559
163391
384955
328232
11191
748946
66828
863336
32928
161692
902137
448152
563452
206936
610312
117649
163443
816531
72707
416314
281583
298279
222672
882643
71163
99939
899054
631917
236310
665991
956942
185404
144282
5482
940492
498949
960132
934334
638920
291121
184927
775212
133797
864580
886162
510873
341278
729959
169474
706954
251392
618913
664293
337892
267528
155108
919141
161548
37209
603396
345644
811117
69657
34818
759314
918552
392362
943623
353953
549125
705024
917484
333185
341495
568164
101046
920261
890814
192516
454623
361488
877078
522740
346255
670117
357933
896517
392874
253963
495490
533184
367490
262041
760617
466880
991405
575075
545323
337513
575922
779713
917258
705161
205405
990713
786657
242761
839474
267528
353642
816335
537406
60626
296794
415924
984713
80483
377191
128349
272807
205473
94633
603192
121326
786065
569630
417429
980289
523842
925832
490014
283659
755033
397937
780085
993928
59962
285199
123112
31613
409744
231554
267731
786568
423738
366969
329171
971858
498771
630325
424226
485280
9179
227494
969684
159241
643911
668145
361069
321026
83681
123603
447901
103573
865181
829151
756377
814576
522554
372963
517462
552538
85841
572137
426724
710720
114366
819097
943910
263022
673640
266364
477290
351385
975598
464091
946601
774168
299503
465605
256540
965747
248822
644912
448248
767956
449921
14711
564680
826587
152940
125122
75238
399821
847039
614980
482070
743660
946001
958813
883583
164513
46806
477983
240711
995286
576460
637741
561034
222752
397247
527423
731062
178842
219316
164035
107014
358029
320312
865822
54936
531019
416069
886288
692845
245595
851917
201654
956541
716238
82854
504552
424373
955184
397907
541762
387214
682714
880171
484609
904075
267109
184809
261443
871247
752825
290191
557936
310616
263747
410807
873592
179356
201796
421687
418482
584958
501574
323120
755876
375341
447915
474547
606560
581402
5470
746513
805579
811027
551082
267646
964473
34433
231273
181025
856180
782778
312916
394491
345052
124996
995642
141169
366888
670503
30220
160759
117578
550574
704277
407515
582577
992442
3590
619372
173608
632386
201135
285829
70620
143018
767370
784825
710202
980415
634290
340188
278071
824205
26993
878508
851753
725597
41462
648283
101138
923599
953701
700410
745726
84432
994953
50819
351618
545591
553765
143235
347364
82177
217320
155298
338777
308263
914110
906385
93033
909146
952451
846990
324271
511387
535058
479959
299260
926584
607548
695081
632476
504742
230677
144627
683184
650488
370664
726620
835002
781818
416330
674478
153656
999340
228108
179485
150887
580446
221386
870712
416552
394149
343712
22315
799872
710519
218684
956590
101882
214632
117583
514766
441063
896066
699742
102550
147078
186298
997365
343386
926846
266325
348858
567071
301383
375383
950047
929514
94121
645987
255857
975140
759197
268404
435854
343334
397840
501814
42803
401383
602053
931010
367155
266751
839769
670581
399428
922519
478626
965676
908596
358704
786033
92701
342649
985100
936311
339669
572133
848892
514692
230410
841336
958791
559914
641180
305744
476340
539840
233645
129915
371701
114819
827417
533805
944240
344598
100180
577869
433707
462698
496031
602665
718674
294328
425575
85514
639400
731819
298874
52451
571080
399708
767142
854627
247575
623413
951280
358826
554697
952502
312750
965143
992460
212886
933634
810176
409876
568833
644275
841083
388100
486912
421161
123545
357366
218935
297413
802419
114407
967239
95643
784924
399554
784468
465037
834678
868551
450337
765829
817952
404120
237270
733966
562637
4064
419236
668111
441712
915744
677055
806182
174803
573592
543754
327901
105671
586830
141457
884940
372406
683646
655727
895563
632724
979614
623248
549137
16052
742796
634193
33710
857719
980374
142980
182497
360927
751654
722063
809431
871105
169672
911923
935553
875993
914841
359659
205392
687992
79887
25899
425232
470552
813535
496199
322270
880848
99983
54709
383815
110306
549528
936043
600895
700978
852407
413794
39227
752594
668176
399165
776107
640120
918591
615426
849495
70481
827005
367110
226453
391918
645356
167528
193189
117020
90432
325747
641001
489939
104393
967271
285507
28036
583200
393234
245837
262741
799790
241751
474928
153577
51604
599248
87393
725208
659962
839248
14206
623934
204408
967233
83457
901231
759578
715372
53278
989512
286931
559640
190271
785633
596482
188041
152410
250718
116441
753065
394987
501541
4656
229253
251283
92330
499493
428910
361357
336165
739437
998656
349065
57189
433148
439167
424295
871294
243213
542876
138065
339038
113038
984
541877
481854
205611
422656
300126
372148
723254
326038
842030
638308
808880
734160
741626
322263
88631
149369
363138
213988
125643
17398
722059
822218
169470
303460
515803
91168
177976
273948
68304
636387
746852
187032
196446
590575
998843
720559
212387
609801
755243
647676
245353
533657
712931
463197
272951
921333
113918
362519
525076
489880
636617
581527
649433
295025
142067
201427
687154
93272
99472
173519
750769
789211
795402
137852
654478
214583
666404
272955
817855
936738
581868
207103
596528
677957
711037
964304
942368
29383
284910
953899
680536
428997
228891
916934
457736
867549
138382
777586
66111
181354
913609
997274
332102
508042
453234
59880
408474
677658
771547
736199
329157
896003
565485
820675
434328
143598
64242
563532
885639
990867
736316
345113
687841
349807
836340
94056
813610
403668
596610
659812
448086
487770
409238
967520
115941
439155
91154
33600
408662
603164
675796
855160
640713
904752
414883
137771
513396
600983
311669
971957
634625
135323
626970
150340
235203
813723
788041
888993
265044
310552
348997
828109
941708
318252
723308
577414
217824
864603
559068
41641
449812
748290
659394
644721
92574
175468
110081
791645
218457
41988
236027
500656
116130
479588
618174
76882
52115
23052
546958
204500
921434
876014
519883
564753
910709
624101
787775
906864
117964
5574
918982
660869
900842
852111
168090
322199
923866
774077
271034
264188
80346
305529
100023
363937
66686
551410
260635
164390
399844
554630
387382
47398
857680
253913
476934
923860
594212
147401
179970
610176
17213
89144
859395
480441
486316
722952
287824
830605
157647
164325
97604
199532
325004
441403
255262
41579
925225
232905
391589
398948
837579
236365
164278
935034
657098
813663
453484
749626
957933
824474
118250
990237
992775
51060
88903
602090
927085
823215
763991
629176
560914
503528
688018
562385
655106
425293
152868
409203
592631
496492
989584
633136
267675
875814
439617
538037
482139
6978
387567
534119
420004
796958
664874
522409
636989
322048
894855
29882
985665
544458
797668
74748
519671
908236
641177
343311
515600
32180
79420
764124
349052
971360
294161
266478
903721
648020
478605
235770
447449
147783
170437
85375
546078
132056
754040
14024
299637
315550
615797
625871
17917
143452
484522
521340
603602
758676
743115
330762
75531
257138
941787
135691
958220
624425
710234
879042
386888
786331
890316
744558
37078
258418
340705
871526
782575
797580
812678
853855
362370
580755
926151
308043
896756
237674
801759
10588
13111
849219
649886
724390
340934
312781
646453
589219
511290
886283
232097
592720
308748
448832
203634
756724
274984
698182
89847
142528
740970
633599
657352
838674
247479
591650
387504
395924
311355
896375
950324
294849
68794
315998
589188
618888
722389
625032
560446
232649
490396
473417
201177
254844
13194
502214
571252
234161
325217
21705
131579
473201
807651
840499
212851
828164
295274
201361
361188
296588
183652
3655
147040
320335
812207
377832
993011
910866
446221
954600
181225
700448
473604
8233
714230
513002
190357
317745
441670
647304
557974
5181
46114
756830
919278
718383
794299
460569
957549
732514
220183
756569
747782
20894
837397
42921
518250
17831
279838
559913
387649
33136
757354
372941
674055
400749
201772
679486
716930
517382
777500
286878
430875
967847
422879
332649
212768
504628
210964
892919
794261
732890
922301
839709
295859
86593
711112
867507
253438
478301
437049
756337
616774
841444
52727
654643
506042
544474
238704
421532
484707
830087
405289
553750
287045
712267
896357
531191
193613
109960
48049
922111
466166
883453
784586
183486
684799
97331
301868
191123
58369
532815
432761
508494
562735
271560
839554
857207
83375
290291
8820
790248
279311
283834
231778
517781
582885
243500
111210
255404
393288
207406
286535
163287
269029
88014
298867
850463
411390
28024
873463
216746
496197
120641
682576
38693
759889
110753
789631
108669
679291
603710
968814
526278
163480
638627
657082
193151
516306
688847
31457
110445
126757
415978
388425
190819
794611
133523
919595
425507
448389
684244
242970
903583
308959
438199
992948
147736
179455
794930
61668
612584
634994
679997
296977
285914
557714
475332
952422
180791
953823
480120
564479
52892
961081
706432
14381
638470
747703
146446
121766
904368
165224
341004
53836
508179
603428
680308
75800
937100
757645
319
581219
220892
327847
660917
828817
111241
178321
656355
605850
60001
372576
89323
758006
974174
29399
450805
494180
811237
177348
38020
783960
566377
591481
264547
404223
458221
46694
787517
990704
885286
992912
69964
722352
774910
359280
276650
457250
271669
189162
474819
959561
598114
166632
288492
115707
352472
539667
275788
896869
805411
478574
261944
841461
834738
634191
506141
474344
686350
525882
941334
740080
896264
674267
664030
747329
538034
998560
89311
954296
865859
825265
495721
455464
323806
255629
250366
67523
453292
965250
912714
148066
525861
841032
560944
911665
506478
703291
775103
927290
878429
948404
483779
595724
153048
129667
310328
295176
265755
846282
276122
191943
860440
132025
314520
433963
656824
802977
173222
558593
951360
110135
465841
419920
760591
853672
58478
476993
35395
323603
903948
406954
632764
891880
486728
741881
877944
834395
727710
915705
752925
139268
883357
497092
856406
627222
327828
475590
695701
72889
491816
243881
715638
725191
62791
699042
701572
105376
790263
203607
217364
24171
941832
744044
17423
492713
7208
682345
94158
794231
467925
299593
665502
307872
652653
594978
259618
693084
3297
165036
980120
847914
736392
415855
852148
97157
570448
143437
490152
556102
129999
203177
765125
410325
3639
742835
652987
667981
279912
349650
999740
354028
330336
102956
300479
723763
899853
431957
146273
374816
645251
659665
682341
214214
788489
890696
589788
606918
111246
166469
176032
773164
138553
110314
514362
865960
453022
774132
513508
961511
112012
10983
120872
428237
193219
690006
630311
732817
802691
488657
663285
294710
175871
418795
165730
743842
719409
692966
907604
842269
579527
113597
217167
356263
225595
357774
773975
954869
586368
883555
900077
821386
313304
908892
463028
927919
3458
313594
791863
747663
904529
5194
541892
136241
895768
351916
128944
12050
345602
280575
841534
130910
605438
895083
942299
5643
865495
914506
52928
34066
68961
156979
67194
83403
263247
698725
859718
773221
215522
468557
343510
690751
961532
696756
564400
178341
678355
160392
280758
642410
595649
404677
114368
562526
420791
596992
972645
550060
76626
286864
284121
435347
741254
666713
54448
206079
546038
522742
998977
69635
421542
330115
934053
595189
489544
799492
340383
268839
372530
549045
182294
72509
946993
157038
125053
78256
688823
15475
704339
101534
922223
753750
359430
538699
20722
191177
138291
777016
108113
528132
934856
287966
947026
783311
837899
359879
654393
737581
388851
44298
926587
631205
809204
847457
805080
37870
999576
983848
686849
267446
684617
366132
323700
610191
390699
185038
248681
966262
489126
352587
712612
988994
505601
706185
23211
21158
771242
825928
894610
506146
980818
39970
204082
269068
673717
313832
788728
792887
582967
464795
132697
226429
434282
950724
313763
514031
569324
693361
927023
242901
30254
536268
170995
741411
622351
371353
572212
348283
672614
425611
371224
806169
516767
948036
749849
444000
888636
612520
88726
819902
107325
590557
102404
198334
974619
793057
732801
324714
333549
151815
350857
843610
305902
775823
518785
836957
817366
159905
19761
906115
248100
185318
666319
699014
951933
864067
19062
725651
823918
621043
150902
115704
604750
320768
820612
128043
538943
620510
717906
143284
650707
666020
451194
557944
780042
980904
484819
541988
957114
70581
557222
250738
415496
882795
243259
692827
272850
649076
589132
771033
934127
907359
14171
505048
225230
516890
444127
823928
537659
630288
733274
295425
90816
626589
876934
471524
595240
924906
257453
489962
535006
968554
241880
688764
676661
264048
253791
315853
185217
279786
30879
824296
335074
757054
940362
926289
554145
406783
652761
680475
224306
100172
942300
417606
982425
737669
410801
297490
49706
918187
675091
663204
129000
594899
350282
145748
159887
257927
41408
23505
140462
314490
17268
246450
263915
539045
51848
351961
30954
505666
364148
189894
164169
638948
441181
617078
425218
711857
820800
445301
312372
716478
680968
527687
504251
125381
988096
145455
204923
668613
442531
723162
253500
347126
640462
111211
837487
562920
555286
798692
334799
735287
190454
246189
436579
79981
965025
316740
319456
111668
660086
157378
725355
667958
751314
644422
298875
765651
665599
354368
199773
153214
463817
469212
461073
609653
129969
412552
465170
111259
293307
102884
191411
639731
19042
591046
378149
850939
455468
363174
252181
373731
208024
997549
828082
291752
424243
688597
1932
157394
31561
818812
894744
938886
593785
972043
22224
948168
648290
593085
272567
708881
784185
138575
408570
61065
302333
954051
903090
503010
584449
113872
531079
12241
39528
211113
34222
898857
965552
108840
285586
690069
507365
185559
353809
661553
490549
662811
939229
110854
938596
364030
114307
370848
302038
833751
653000
427982
602441
80024
717295
363446
590438
689524
395224
586898
284652
567531
448514
258955
102540
226931
374769
623600
693972
164100
997675
558611
918339
55809
557148
860608
631675
846014
564953
701851
346900
210610
553921
693589
648780
319866
945984
53258
136221
623751
406189
653883
451047
623782
950867
178851
345677
330474
91149
567608
130076
390648
349579
685119
962021
699311
116529
235980
437611
452402
531742
941653
155320
93459
482634
344050
781258
977693
14856
487988
962795
325054
695915
128479
322206
790479
289541
257605
443701
304130
516362
418752
241344
599207
774676
331
490399
973083
33792
349373
447673
93453
780021
312868
51781
971374
142405
147578
939141
450421
650475
965638
15763
838092
649652
114386
582100
400410
539707
585989
328457
737454
362253
589212
320708
743429
373099
608521
511991
859896
102061
300840
255528
123013
727683
929242
938752
979447
965207
203200
937411
25525
650510
803094
949595
933541
576494
562921
999245
227003
22042
910070
258573
571298
280504
562465
52588
294725
997427
92175
648751
178170
419676
498336
803132
638731
505131
359116
627566
420323
187940
213529
288775
922194
969429
739574
38981
529981
847675
46072
239053
292645
619397
451694
1924
704466
173616
936418
133565
105627
809361
842863
51340
755925
271857
224378
13241
492118
349650
396558
144400
116901
219152
410136
378582
88767
410531
45179
17110
378952
375297
195921
333721
192333
520800
94976
667891
720690
150937
212084
371578
449405
575272
222846
883282
451389
125584
543753
564836
652120
781660
873204
73325
141808
816063
415505
701746
178162
666141
239866
288338
663803
755043
356043
714996
256230
847184
295103
996638
863286
198615
520554
430631
461405
402845
306128
410181
827495
257501
424929
618688
794886
500907
226834
292680
443450
970326
561369
354465
730525
480486
837637
2364
796296
618500
350199
969890
711205
286201
222337
912649
908115
880143
160921
668489
469231
216596
515641
461608
25861
396924
398743
522321
796115
744422
627004
781220
848822
604087
823492
620647
697396
160739
668465
699033
192421
100426
77483
61159
164926
92414
759128
535288
120699
299875
625556
841891
110185
321648
676365
47104
811021
936466
169150
497820
802420
782639
824710
170438
930201
942087
500260
911238
42284
178039
388946
102062
631493
162776
544890
336136
572581
449412
732441
871854
562596
31736
240111
133689
853885
444757
742560
475665
297778
288577
343019
472548
852445
295530
591812
111922
764949
275819
220303
700164
133689
698439
890811
614204
241628
484626
857145
65736
526157
360814
868376
369
161793
925363
3455
14800
377567
608872
613894
465823
430568
678894
759153
631085
11586
468669
270025
711019
591903
887365
628505
264100
443470
589366
512642
412298
970398
659803
578555
641003
575403
903201
596457
259
485190
295670
944215
879018
183045
870477
789202
340974
145956
249021
256484
757243
572822
1993
654955
291895
844524
299899
237525
582378
259681
454121
633082
211035
165503
476761
84821
299830
871346
877121
576224
791016
824168
440807
709964
930893
746209
406823
239962
149889
123608
981651
623257
911763
254798
773108
728060
876056
15215
236911
702999
909915
384611
592835
1846
724722
771444
506159
868634
707436
259735
983536
73489
202406
949529
739752
607601
75389
810087
465947
343408
519645
383930
869714
469027
89400
498717
962338
370833
246995
478172
875399
166132
510266
298251
475113
583051
699668
956336
352449
606302
870801
246094
202133
444432
567103
277647
783967
425434
348028
210445
699276
198890
753862
474172
555040
761303
22382
697080
250550
861503
924524
110695
905893
438207
676171
306955
237247
456462
742661
518247
566003
858038
390505
992458
923986
534768
963128
575164
415726
320924
444944
943044
742558
520218
277824
886740
211039
866760
799738
619347
60501
935704
176166
905733
722927
866956
746707
157528
527592
361873
589256
74509
317353
78326
210041
473152
638923
317575
946005
173014
22523
646730
309756
116291
310199
329493
779854
164085
731380
609930
600287
187681
354594
531569
454598
317480
69511
528496
91797
87461
23688
334121
749923
677718
764679
96432
571716
407524
828197
348071
479770
137232
385320
783929
173189
243644
86968
325039
215925
719444
777156
450930
921377
449623
476162
131486
224976
663622
779347
486654
446165
987751
264836
850410
628696
600246
568945
456058
51790
220905
575364
293542
423114
47199
782875
135548
427501
872356
355144
952700
26874
246051
711793
197011
241412
482601
30808
886386
930888
711569
874934
508683
726999
805650
58304
617320
954284
94497
684043
839592
253148
233476
800715
992790
83563
697973
68151
94567
142970
101039
262409
634896
669790
554776
681889
702338
243533
397258
262217
140483
284786
321343
377875
881066
364576
707161
331807
902839
200034
805324
261881
671628
511793
40873
664863
656140
875839
279239
66207
884815
99056
949904
47199
350207
460136
287653
782007
748754
473087
370735
598840
385700
533521
370563
926032
518192
854963
414065
10565
57131
381760
190890
865183
454269
457105
475531
144931
816988
80970
190922
460537
729159
6673
456316
68335
272605
80858
92544
267286
333015
105310
615244
596938
132904
342698
88914
102864
720176
505556
300686
791576
931159
680904
562991
278881
732620
840640
308831
845307
71066
193234
204593
935464
890596
565283
368294
792092
728509
16697
837212
817316
135014
532335
121876
538147
114725
878145
772830
122678
903422
402695
214243
556921
582161
609087
103119
596515
243023
931267
50329
333837
698074
400537
261552
806992
589689
809193
367107
969099
762549
622793
121005
527684
941523
674869
110780
37862
888813
153370
876957
679016
202351
506705
22245
4430
876971
997993
628798
454281
756890
629789
938732
843386
325744
38180
231163
40533
794906
354088
985927
350432
537495
634830
891368
723865
218224
564148
387384
660983
1621
90489
453121
83529
240086
452661
850760
629947
865851
367113
688496
540088
558208
404626
128077
400745
156144
757815
142342
44506
340252
769250
541222
560830
277496
797132
776191
84553
571859
583152
855931
130235
192882
749025
96896
182461
253960
576695
49727
763427
537811
247653
923162
184850
231125
404838
516592
935355
169005
735190
924358
47045
464850
46237
694803
641929
627245
350534
651816
685431
524176
625262
906362
574550
454934
849943
561805
112680
226455
517212
979967
54763
379144
916991
854447
261500
917678
485406
607240
200919
338237
11333
235246
666809
614417
62428
675779
974630
5384
834433
861462
254279
528826
814065
122024
337323
583702
918495
495581
122734
116250
139751
363708
431671
797102
991196
423203
780698
918302
606077
821642
676831
923570
290759
701425
485146
311852
75620
453289
133113
341150
585089
636604
346524
849125
140605
631803
210270
355590
722301
327714
880627
898467
618524
522217
56362
797721
977152
823850
114385
893305
626120
165801
962359
226338
552993
695877
492236
609848
442424
732666
536229
870659
548105
234193
281180
195110
178134
881189
907029
555769
393652
730002
362971
770438
514559
176955
336040
659613
650030
219832
916035
792660
407233
767451
405380
453087
539351
658333
887411
678024
687836
287914
481487
865483
917983
211398
899114
705104
714305
145882
962353
854405
814345
842847
198154
748439
402965
137830
186902
247438
906732
238593
414038
386755
377774
445074
387369
461566
987628
823214
786163
553840
282260
601260
976410
708297
961029
514320
728874
686583
493569
366223
609432
116029
619328
427391
525476
782763
300577
587677
162647
321344
542780
282234
656492
107224
888786
566786
261195
163603
323814
620394
346736
929925
416869
2550
534251
129747
730752
540708
909440
668848
295259
142392
442542
138612
528285
332453
890061
296470
60968
155733
58512
518790
308962
166741
678187
874282
31346
424544
461518
326706
650759
869255
221646
588826
904658
468537
283429
210620
417556
180149
906064
313103
219985
697609
796182
662272
263332
501765
653737
405995
282412
685441
92389
365046
505892
93256
684405
299530
180305
930912
882453
97967
30356
161911
461490
488643
949023
438380
845101
963479
656324
279222
179262
19878
213609
518453
491317
3891
892760
616147
376284
885566
536051
307607
947001
472418
440069
915206
91504
391630
130163
314806
231620
246814
160785
654192
260030
914325
332368
838081
204326
810425
468310
502365
516078
8332
413990
766961
363503
281506
113726
439492
294410
780772
139712
44361
421873
120991
737992
253827
649726
121097
342876
107093
233216
228178
929025
398629
635223
763491
243306
539372
349365
574903
30092
748510
347204
929362
120845
82416
60006
879073
510042
636170
222040
962160
735575
431051
913648
93506
136242
876851
873733
455248
369553
706930
905581
62625
678569
666954
918817
963330
491184
674723
871869
918691
724010
865323
275428
597774
621088
540455
651521
951940
879728
939419
999272
229878
511613
538130
22554
604317
613254
409227
555367
317686
285973
688896
40622
357022
966862
265556
247296
440261
104487
739608
171683
129426
15670
468282
8178
290963
768101
1866
996514
139999
276035
242090
9823
743883
63349
494610
568981
155461
964362
986877
67786
919824
883756
174516
855848
272988
586993
938549
345049
835137
603985
67264
949579
65880
998451
540989
468691
454070
154848
200461
567341
1414
863513
423915
632673
685058
30211
58687
121730
101262
783936
13567
849937
115057
391706
460930
815550
54128
915609
83939
727118
124041
692468
770574
559320
388361
346852
591274
23849
167882
720787
638883
251015
359693
422132
846418
180435
660144
339500
977356
452743
368972
825389
377156
616991
92269
854692
713950
42837
566447
623176
786321
808644
115441
168275
245751
131310
365113
904142
686644
178073
474148
567108
256193
291604
116616
535640
871764
33559
304872
126835
589422
52552
462802
768277
514240
136666
542937
657165
467323
97040
397547
324932
31859
917536
336590
255411
404782
333554
29243
227893
561871
900231
914583
395062
837978
789047
913098
591499
598307
65043
245374
9500
152088
88553
983734
428668
639847
444069
298376
573401
88269
694804
838201
299855
108989
115716
665459
641111
920617
511752
911653
220764
893359
96472
476343
316142
878115
659732
608745
883279
136437
228265
94279
258283
247423
809548
785547
311205
439982
491620
728015
93197
598282
731140
102573
444653
2083
505366
515445
897283
4890
728339
124490
751880
358217
938094
267545
932527
470480
153489
387319
590057
199229
49790
419542
936677
239447
523928
130276
120790
60039
270203
320385
274284
492900
956741
881754
197668
258265
311032
151143
609403
9077
729720
504253
814398
409167
596974
17488
11389
750420
28559
1033
243805
37167
252599
264320
3981
33107
991407
545303
165009
810792
365390
443378
157626
884048
308091
554198
50614
847188
61200
687709
536451
361968
550810
589075
673663
507127
705213
855985
76636
431588
119476
575348
204591
818495
833335
574168
804007
465641
773941
614454
618074
333764
952192
189111
971067
157697
410185
245812
742824
559367
316800
541420
765728
330557
211293
753761
198738
945716
705981
982799
659920
245364
530212
199754
9315
353633
106465
658931
550392
581578
647375
536150
257271
418767
257591
110627
830452
372332
248403
161415
945214
430182
695406
210983
480469
666320
630951
15481
955578
937210
26708
969022
821918
57399
900098
562720
277308
716170
816923
111012
615746
925677
488609
33803
60906
411645
494294
846987
65576
787205
947582
184101
659452
604325
893308
960995
304103
558558
22233
611696
163450
741373
979940
595731
365577
919458
131507
307210
71231
756973
834119
307391
497291
268548
994574
680425
729721
528898
229569
705602
272539
131391
949166
164192
557797
193208
937872
770739
642841
22171
920154
281434
831255
251954
715475
775522
417750
765673
706650
914011
651312
900413
169163
786265
939159
866563
654714
379268
37093
475091
676252
682012
860114
904527
484870
639630
554495
801747
535885
865003
670319
559803
336588
704331
724373
462539
187587
396861
670087
978687
564252
920105
332050
513584
736970
658373
665768
670816
940810
840432
266229
418082
967883
920558
289808
418345
128298
180545
350540
851883
37718
797664
277869
160305
100947
708439
125879
939134
787994
931194
373858
214681
48989
599431
601451
943161
925223
991063
49860
906829
652194
827969
828972
168933
356019
514380
973465
517056
126720
99854
177297
542771
177361
215397
666839
735090
612692
119441
846531
623038
961210
381101
575787
549227
773632
880584
440829
641613
777416
808804
613615
381311
609125
272138
971597
334095
973430
844424
635633
424073
261737
337097
513489
771230
199329
723215
4658
276337
911026
411343
29115
287615
969289
991209
689572
300264
168425
406786
456205
928350
760720
353856
46187
447081
17912
635809
727645
123220
290553
806840
78749
718520
620939
740998
550097
558050
892266
881073
526721
518500
189138
965859
717924
710901
737066
267458
177619
851781
524925
218311
14047
905634
886307
28797
636094
760448
86078
695064
441376
711016
850400
415856
733216
117952
120458
525272
112278
983603
558479
720543
316489
354364
76568
133283
222593
920340
134208
791821
84795
474742
563551
609900
319414
42123
447205
246385
638251
696760
825628
672069
54617
58496
180367
425859
93950
678294
781897
25045
198370
662019
275702
7022
662220
525488
333415
418401
247064
833233
599409
410781
780513
246830
77364
126982
80216
714959
239417
797744
604918
525700
688117
69562
866126
968142
335339
263557
203451
381742
14893
757328
655801
175623
160194
87409
346640
877874
829027
951538
845611
420254
37856
604806
487431
485794
99552
122407
466695
197473
302469
676941
553188
342873
806062
537484
185153
82120
264854
593803
177948
338107
203097
167644
957729
531572
889367
254397
578649
277559
514289
568298
45887
650225
544497
264285
953075
667142
598086
197284
657032
860150
241324
456604
710840
663018
549802
343119
359415
499937
746165
999272
427236
14386
975666
262479
436700
578749
258457
827045
54185
411570
96629
756189
913496
572413
47752
711861
38888
986253
341259
424336
743582
464384
387858
21810
582390
285869
788814
906071
279028
437261
174061
908272
81112
273990
938780
411515
847983
577686
964012
329726
397510
26776
708626
628191
701818
180086
582792
98531
837739
372140
61458
135233
839695
153140
641819
567586
44450
856340
468478
2168
254843
53248
334816
250872
298810
58669
387002
2997
775454
599923
970484
289243
313395
439645
795693
279556
508776
346193
132439
948026
806975
47510
436992
974090
285533
403591
282155
176705
728577
148307
695068
352326
660177
639150
651379
101523
497616
134808
409264
268882
818093
531336
38229
64912
832308
385781
481001
655200
953447
572992
130328
205775
880872
671297
404856
835071
668941
421932
228902
824610
80598
624480
365135
76565
273978
138956
896331
246230
431773
162302
360227
28516
200799
519369
383667
911282
390414
787539
763947
349383
425019
813817
335471
919797
49578
962079
160734
360499
592483
722199
406256
997337
543909
654444
237689
918520
223866
449549
245258
187156
641510
729681
857079
569408
714873
573291
951794
622868
198788
279659
483286
915980
286184
141486
983552
360768
499210
936676
653464
159548
26594
376188
72558
154811
484659
976110
419966
916869
565205
601956
445078
71778
785070
195462
559951
799353
951999
928481
402614
731658
127322
234739
244623
561989
681586
423445
956783
774021
185739
531525
537800
5676
56080
349263
669698
290779
888067
913432
41284
749134
558158
722119
257361
26771
308153
691985
59535
379045
867893
145503
160868
384745
550805
383197
243385
351620
817052
843553
968864
185175
2737
2742
883282
369112
630959
441861
672145
854478
436889
804831
144236
6057
580779
774633
82017
965499
578123
190181
417500
766295
319326
554969
146974
291077
324151
612958
692409
859038
843883
77766
866615
739594
284800
127211
694235
26196
292420
931344
988095
416103
171705
606135
763996
367272
191022
700479
692456
283887
741161
824950
944922
404258
767296
855427
571273
864688
334279
298217
504754
782632
664867
87545
44825
30067
2941
535191
604102
742132
805010
786854
843888
465083
566056
802323
872120
445920
341147
305019
347340
448130
625942
314170
633516
886684
469917
507985
540297
371648
115718
226163
417609
458868
861704
247020
879656
638182
295659
170991
642552
710476
862047
68154
187849
50268
856361
493800
377635
567269
806456
56339
948400
667017
402966
89251
145015
103639
390522
447480
79171
822537
428410
216304
789666
501207
93213
506133
307977
16757
626574
107174
398933
582384
148205
381120
610092
618337
597376
144297
541698
445195
119239
52089
927671
259863
610541
584742
198622
11433
562778
394154
966041
286878
546405
174227
101216
658725
65895
338471
810784
651383
310443
552241
938368
638132
409921
66284
781758
112347
341618
281291
449528
498342
880589
445731
475143
658112
648992
592310
320390
801252
687363
612701
597104
51219
992398
903377
866087
348849
524330
921302
804177
79357
665733
309956
81501
162859
46495
894963
377508
752160
60674
563714
412266
711306
962958
655748
201475
717017
59762
2696
605138
691997
702007
755460
81901
231869
852342
965726
795356
991569
748522
420438
172801
573277
51936
301330
789713
350123
578187
498439
66496
656772
239540
965698
844347
684554
639630
354385
304655
13813
207335
415824
389351
154536
550395
87571
885554
584111
215779
104237
85475
468696
103786
958235
825298
361899
500736
120016
626560
507783
667720
886494
986615
599450
614732
843966
168912
614908
88592
723004
171727
5033
360516
655234
158632
760153
924435
443455
701285
347838
98136
230579
180191
835545
548528
915354
392233
352121
780970
683058
291981
791698
469723
117227
221806
604790
618127
474091
682380
981106
339674
781306
386342
235720
78412
281489
209530
911364
205378
787258
869864
806013
972377
203555
722293
674026
841726
752133
913323
486366
24737
267884
552861
594593
664392
23522
795335
194925
562688
633916
865300
741698
628782
139776
818554
760614
93891
944497
415105
811389
894669
831674
963937
912256
815339
976563
175368
279901
610201
614674
281594
84715
689193
775473
893523
691656
753683
188919
182504
444946
919459
623142
266828
754366
64592
440449
407854
297112
370925
669400
581343
152471
792697
580849
148210
467740
279761
470357
439165
942407
468421
205812
931579
724342
341127
347061
111635
845084
427263
980126
372020
687481
369148
231965
221015
962299
833158
900785
773734
524785
757519
14072
685307
657320
52807
931669
893825
530724
381007
527421
618615
508988
776069
81055
546067
299923
482878
207022
437827
263471
354514
214476
381390
124599
977680
145876
783897
129037
231314
735172
872326
436806
328876
741958
540599
855746
532286
715481
599408
924461
244073
460832
884571
42385
833694
569159
359716
941461
397266
342926
345988
36501
13582
949428
804636
474399
531874
44800
855223
176840
74489
843054
415154
132266
260744
752053
344568
583611
116705
347249
246181
199754
397988
684722
553612
893656
68948
888737
997588
178512
484807
444489
723773
842724
397431
456073
912128
524934
711671
844053
553685
975424
129535
21860
595598
45937
425704
655034
201889
364133
661363
366098
665411
473871
744963
939239
514287
769445
438891
405855
8645
543576
489122
130645
668368
665327
724243
765633
233696
304575
226257
211398
842198
28553
758440
152217
799486
488112
486927
926665
497174
929749
4217
615982
454381
626001
848010
211570
617703
633422
561255
767543
770653
709315
992614
435492
904097
330058
90213
399951
595743
127007
852150
840392
406687
283959
717880
522432
172454
752698
780289
321813
309372
659039
177655
768699
119177
852707
605886
87944
316441
765478
708939
914652
671807
744802
55063
196842
80021
18440
224816
125928
321505
736313
467881
836303
203155
553694
587890
772431
916714
568100
595842
447507
577079
121495
44592
487020
702458
96282
148386
867100
169704
106048
82524
166850
278222
487371
704250
23773
303823
54079
926841
541118
787209
744929
441583
21839
225558
992401
840027
264377
633903
83649
345751
916727
821994
570065
166122
60981
703460
800393
86266
170148
374777
660082
717086
637917
65584
706449
20434
813935
973940
278721
831811
552455
108669
400620
564235
224635
170894
120614
698167
719923
11799
551654
647939
759348
721402
57889
158887
455370
999338
604036
595978
664722
354032
767886
895957
657761
234760
677321
236387
333524
495144
21539
311124
169781
249184
417389
270401
517255
579804
553135
344457
702383
655239
257573
132682
381119
173386
404699
767660
575647
58738
330080
244567
481754
982704
984682
166084
557443
673337
997830
300465
667138
677902
403449
539054
290622
225174
717177
470037
504360
456167
207041
728599
332834
64675
47701
328432
361547
662015
885522
845884
265193
123999
879409
231140
66673
3037
245272
180465
108085
870313
684188
840769
508267
955786
5720
985814
799765
249475
333603
118732
947922
427600
83952
9699
498305
987856
621319
688826
701710
631612
801756
665885
553690
685589
452361
754037
788619
882972
604717
371102
544813
525755
91488
853974
672515
966529
455378
365904
561967
939659
481215
464424
54073
770494
211792
699570
195775
755632
904018
764331
910970
324518
127371
587985
251304
957880
257534
958094
49499
442961
427645
867280
957150
629971
178726
664436
836991
336663
989371
496160
762174
45778
597474
967152
65296
623123
128117
405895
819216
441832
669127
966024
641731
366305
651957
961181
630470
98092
835300
909492
20247
25439
440988
597194
199036
721301
533120
26207
280403
346159
739305
223561
687927
661372
772255
346213
416140
350707
457523
276840
164200
268893
822076
957651
548638
461647
166188
578949
584296
73749
64910
150698
7728
203499
398878
412882
132603
162469
157188
175196
169459
313006
93039
779089
375631
888493
829963
980237
325089
811139
546974
594583
891900
59569
802052
672530
793919
419415
693189
752141
774467
11671
720912
282997
899805
712088
578263
169578
522384
981094
662278
311662
747858
341431
325920
70522
600889
214921
250105
787499
917250
190886
711562
455833
128894
32521
293748
442376
711770
59483
664212
387960
837513
391702
164095
612759
142928
467467
272218
926487
517997
310526
159449
261786
333221
757359
210770
917640
249065
665524
675069
459139
717796
192513
87242
732082
75428
258442
441951
816378
86178
161343
172909
300491
547887
754678
745262
956118
445054
63911
793853
101980
48904
943888
40465
438754
53087
38329
995607
422593
709779
149458
387180
754394
290683
341432
479540
51430
233121
747478
990682
877739
234956
679976
272036
978250
490346
542555
565553
827509
527450
103953
830738
652095
676820
841280
521539
368460
356150
750778
229317
504679
324587
679623
209433
116018
117306
644270
433690
543800
641129
877075
212600
315871
543691
3514
734285
485177
787245
198058
727581
368377
372889
875052
375343
948738
811141
397363
946370
325403
393371
563541
53166
766527
185638
238903
22681
249618
685846
399176
235346
640429
313520
352996
508237
996058
871317
576280
339195
47579
753388
716613
812294
208805
784367
892509
555046
354154
512847
113035
982755
304276
559877
915887
372967
8333
791286
551367
641087
703035
402306
743273
132718
153097
554282
543468
730094
317473
987355
465511
755012
578294
154843
6865
748542
454845
309391
821511
907340
207675
596006
929389
62137
552697
455782
467436
915332
426325
569041
467545
787679
311539
999667
515573
521987
309520
989899
346513
496686
970551
200916
326154
848506
370444
329903
285234
719067
674181
442094
716367
652725
508729
317759
645629
98264
119504
40499
366126
164569
106459
386282
221970
460878
577661
481309
693522
354149
748358
94024
914037
493089
31776
668530
792998
73395
924642
495770
697293
583089
556546
387136
155225
380085
430375
784141
352095
645013
447837
591519
363484
732730
653282
764789
370198
401119
80349
529844
243105
923368
790510
847956
458174
81564
555936
377386
754526
352129
814971
433746
424132
80595
507063
807096
626568
278816
529099
107907
496311
104387
303906
20192
166168
93947
146735
181158
630794
432103
655255
737643
26249
7584
251789
827811
816271
996787
825916
192943
184919
3577
623005
196618
662716
553237
881640
844235
40128
685322
817831
765847
545897
53559
365029
377511
602118
751919
685062
489266
759632
902137
637040
113463
638123
325217
48231
623721
228940
769401
230775
745462
210612
196783
8714
874422
476762
217996
253401
576685
227942
725319
633343
962813
88282
73028
241449
651499
22987
255340
739306
559435
943629
105
552683
730891
785390
311422
761024
489498
262296
299586
768661
315507
218650
836151
365767
800650
37952
284491
739407
265361
602526
917674
654297
38631
239852
628414
26611
467166
168331
130116
675681
425191
259494
687884
164237
620188
496244
726797
608539
840682
459609
675298
628955
427545
297708
168933
64664
816826
319444
847079
874765
969900
485067
63369
844471
136458
844740
35130
248518
463605
586217
273997
56813
679417
37437
23733
929880
932766
34913
167393
828925
179278
300658
493358
13708
671454
786319
144269
796608
42938
983480
267763
645143
955314
976274
775862
579358
495771
564807
443979
964006
991907
581002
620825
12755
894453
838968
487673
76050
734597
615258
792717
404394
637944
79815
137786
874796
101299
924838
527235
956165
59071
466578
850243
354098
82134
915478
427399
116178
72205
242903
425990
254103
39261
782929
267197
70742
807951
888697
377707
858943
686724
237058
955046
261478
48990
837116
946521
53887
345679
745430
927963
222761
789116
677060
841260
845025
438221
29564
991438
279959
618516
575578
512766
764189
121047
114083
32269
440252
918203
571174
593568
502497
223887
805054
242944
878389
632819
724405
720927
272714
360740
196611
356840
115569
599461
726644
468353
557928
823242
621095
948192
42096
288612
706226
917831
612541
719236
957923
898205
691399
8750
865378
491307
874814
685660
534194
164464
172122
727531
711894
934369
428048
829350
211472
792896
198176
779630
470596
559639
711883
89283
348156
988177
635107
55537
513221
213494
605306
688793
306934
752961
84860
17051
909648
641760
677529
494749
957761
342664
505242
72571
409667
21938
416853
301067
788449
343669
420156
139787
532890
847169
616655
432233
706910
876981
305138
201583
400245
90590
41881
406602
401279
177229
164319
734325
889814
692564
635254
673351
352527
416220
907001
715285
196896
336550
168030
847429
852251
287452
428551
375728
623577
852307
946487
375795
24114
118048
986209
622355
167144
720916
859420
594058
541795
468309
451380
12978
704919
134042
34458
537485
701377
452354
766971
406127
949649
964178
138926
556168
127330
870538
114374
361426
308452
389282
626695
189907
86939
645862
63158
235663
448384
71723
80329
660174
779525
773549
533822
707077
407094
521478
680648
147620
7547
901325
455587
133116
978298
911113
214665
540746
471385
306961
645373
980132
103649
683457
264196
198014
929918
997019
121715
106265
846499
822903
853604
554826
812298
846248
674562
636771
771865
862893
917572
871872
309856
226769
835447
693999
243391
346592
843315
690685
927077
115014
602991
784921
604275
591429
641777
289832
644734
831826
721886
322596
887859
916109
929967
175217
339606
460188
297604
285758
838819
750627
417555
869012
951445
593953
634105
309567
748420
152042
704689
35349
11753
721661
769122
524839
225406
984897
821714
453764
347136
580961
289273
458532
902358
993984
665456
315192
461004
61083
125512
39052
582712
240186
33847
134997
33149
37651
289390
405469
14829
427579
164038
397576
594570
338313
951640
238850
689701
654601
698667
96583
781160
409946
964296
336206
627311
20389
40554
135059
179984
364090
30354
637439
842363
989257
38582
789431
669437
433209
139865
788030
995551
501352
95862
948168
978923
522752
976086
248092
61966
992498
227329
604772
916953
694226
922193
922900
637154
921551
175074
206965
820551
286349
85221
688589
92562
45857
259220
736237
363576
300072
571456
603031
874556
183556
139781
246473
637681
692277
585312
395818
464924
63184
582999
438416
833079
459230
363478
365484
209938
761043
760474
466323
196437
440040
878278
845801
441056
511128
280467
302636
250771
892149
58277
172122
403049
784932
712056
149120
153727
192187
701497
374945
407347
518965
611377
950399
494312
814672
942492
936905
921509
935684
151448
484064
78557
346015
27385
108808
305033
367617
897529
834088
9585
218738
512461
30461
187083
601947
96338
623073
264250
348200
14374
597620
760695
453239
531412
607332
395661
223037
186535
342239
62014
68790
727775
899666
996867
109830
408194
275868
541617
502321
151177
398356
445111
286900
208059
907379
315588
780926
610200
492256
692101
590542
899115
54295
446220
999402
443715
484853
454732
925817
614715
34914
910913
760830
529908
240411
725997
498225
517412
1562
159740
124155
261320
183909
936649
823439
981237
457328
554297
263328
981708
121200
982789
12930
693132
616702
58006
933473
288258
779107
450185
73112
134811
23302
383378
488367
132122
999535
719740
478004
778468
973175
387918
212660
913464
720015
491722
636566
841021
352105
429135
913749
834484
901446
677598
101336
302541
428445
392697
989552
895061
429093
675815
76397
237964
491263
404373
105693
691285
486147
712982
959138
786118
274534
454219
877487
123551
758469
148254
489887
85272
606992
326440
859890
637523
322134
41395
283172
618481
223144
431513
695340
582273
336941
977227
730062
987730
974466
686830
847581
396713
483083
174367
680145
977102
319387
754839
428992
455681
427964
950378
230525
696394
300891
449962
949834
90542
777939
963048
744378
910269
762900
516378
469544
298185
764464
651288
876238
225201
932418
302913
803907
30235
709243
57210
264979
370560
423178
538646
516220
654688
984679
886866
233347
725911
661181
311031
3057
810568
928498
704866
968814
348533
138900
141856
592184
376049
615073
277235
1920
117548
294515
561266
91617
312878
991750
335756
873150
669087
591527
143853
852086
213378
515387
305081
230151
507842
829994
624565
564284
806885
893286
948549
610964
537885
225052
457552
116657
832829
120885
763391
863033
955337
336393
259109
531277
525286
340705
323321
86756
945904
750887
816062
293379
1770
589612
254851
454939
442704
995222
640134
32831
100617
801764
984500
607296
859449
961056
288204
523879
149938
349792
358241
877262
776906
210168
273022
308379
365703
184703
292131
808986
627255
392124
333166
926198
667485
446062
955029
559700
381381
497269
42384
778445
903737
506016
648596
137285
77644
370260
478713
867244
728723
503253
40637
772753
176116
739572
844705
753694
16278
992597
456817
432244
675384
525468
858785
767844
32733
30004
608211
493446
259493
973500
122997
83578
877304
805262
206088
143225
887643
308844
593339
208726
860644
713929
580021
874775
969866
221810
368946
690154
61398
154135
547013
115846
935926
532026
184315
310623
975024
663027
207328
602693
880692
60189
522011
686618
694410
512737
244596
895918
210730
531549
103351
414969
725034
437808
270128
131892
630738
625124
425621
251604
483531
148729
488899
137124
816694
490186
585057
165758
690010
112798
435681
629797
270581
295694
920549
53442
420723
583502
383422
635514
946684
939673
896143
375336
483304
542397
685520
878204
481294
858496
84974
366191
609210
424046
577744
548322
581820
686016
515893
549202
372637
66283
428025
449082
277677
384898
106679
217222
428664
372040
959239
94703
957719
661974
109288
30903
949794
407653
13497
753347
137155
338937
136802
162576
648870
209899
661264
808787
846476
729361
51869
998385
411263
199179
43341
347992
712288
697581
639860
993720
998364
696068
109878
162466
960381
285127
96743
276347
260957
624860
703184
874908
842549
81859
592915
73482
23315
9251
977510
657549
464938
402991
168315
316399
418307
165173
194880
366163
863250
807939
692290
634031
903203
899318
285421
528295
714419
949792
392942
254535
186587
322709
911993
135901
989223
154451
15398
378417
480261
926411
872758
608354
841241
437584
86004
714399
806574
566939
593783
179518
840006
490040
750468
852796
362002
687825
157392
852498
86909
694357
972578
556720
406690
124037
818327
885465
847967
782939
216256
312922
448449
705047
788390
619688
247646
150567
103021
763221
685762
363314
419158
205807
907009
434305
813790
941045
295916
546954
569732
433335
446046
402651
639080
586505
495798
664352
927887
636515
810527
77585
652035
329560
567370
185146
546007
387249
696509
527144
106120
543206
304645
323629
114303
640696
192519
936273
453364
58286
533749
382869
142572
949289
930204
744612
381730
607398
709401
159257
468228
58512
647916
993319
902420
245568
36324
404393
836143
262354
74682
67079
241771
54181
813434
401857
593049
198958
807964
691931
465962
223673
903729
359206
630381
665470
497593
688230
574070
856028
706769
180837
489499
677045
213705
522579
131224
124005
269908
634840
266834
825503
445785
655416
77368
372710
88166
608866
343302
818918
308996
630741
290083
519149
561125
729264
383851
682441
818490
324564
722695
208126
912353
482935
922615
825828
425340
574728
729457
41563
594845
547642
837795
151276
164061
166256
274965
971390
358924
804483
169642
71986
697922
855219
180677
344475
365844
543271
500745
263645
595234
976610
828408
106401
813582
388229
441725
174706
879751
956859
424453
524471
933123
313092
7175
695693
639755
606818
689765
916225
932784
634842
800426
600871
186075
618215
335283
498713
44930
867521
211307
41743
659383
72196
461295
492120
60762
289601
218704
673587
943215
655646
603766
34572
624586
345066
929185
776790
334311
445505
759115
193345
138838
644248
101226
615705
432147
406758
589522
379003
176116
715056
789110
918004
849467
620847
899086
867767
758091
844127
932885
457915
442808
285991
72426
378223
876087
497120
989974
808475
407092
29315
440173
782996
466051
212212
54669
484251
703982
514533
998596
325908
152493
200808
245518
356958
411187
232661
430395
945171
236645
150548
385391
686429
315749
677192
475907
394291
258893
353945
128842
513135
788152
250651
699694
91790
857786
664992
477432
27203
869167
753623
275566
151480
484593
663007
196758
276002
531043
610348
335705
620927
469418
553940
623427
954927
343996
240375
803623
401453
152784
39881
555807
51048
157237
590910
552497
936002
715519
81488
19982
129572
890844
818416
442676
493756
403716
237959
834739
879316
359695
452455
935116
144848
517408
564691
734580
962436
846719
473447
361913
22703
591237
508325
91004
448664
414256
642398
455836
399492
640982
888122
289012
253393
119607
396324
561466
510579
966187
852052
586824
635784
299578
58682
346551
910041
454218
437380
798247
851503
490739
116492
23772
252816
380335
511713
933123
9109
252205
941617
899602
922537
658564
598992
350733
266528
123332
323111
290404
694193
909801
438204
559226
619474
684137
764633
343424
886958
517933
700444
310848
382662
58844
608219
268214
870305
808082
921585
696856
119665
861807
117353
417847
618116
954124
926790
775101
74659
698633
354221
70358
959755
429442
929264
891372
26821
754016
980536
341002
97316
643403
443854
349922
586779
819709
225542
659882
125048
823666
245576
232224
361601
582012
128124
632623
204650
479602
875474
642666
118448
583752
784491
588533
174740
417466
730599
90115
121783
541219
157516
63993
797391
672746
590287
826481
382403
306651
746243
471132
705001
258068
141659
196543
664153
518678
618205
268190
944174
426875
334502
543286
190233
836743
43604
321187
223905
845270
518675
758562
677819
952117
390535
793777
119425
626125
342547
181907
703698
763386
23684
358831
593031
900155
802270
506392
662733
494658
363009
295656
66148
345386
171190
21125
83187
235208
878300
871173
384325
805849
100585
755694
593124
889243
850783
780502
134992
905465
196238
500137
946204
31326
150015
667273
104742
843051
244484
25872
199409
327811
996570
433521
65889
932803
210168
76924
560018
988495
575735
31424
203285
181192
952413
750602
290119
88281
403783
398348
598480
303729
30579
384537
570357
489419
818855
654989
881819
489768
208450
69450
478553
531615
632157
811357
201208
985803
325406
534782
768586
504162
257241
930678
235300
388901
982050
207515
902649
797619
89651
171319
210644
234553
346230
700999
22833
566340
858225
543903
484601
894519
896460
657451
299353
605336
346751
22096
216510
154692
288540
597040
748142
401475
278646
970572
765638
786358
840045
830853
763788
852973
174615
803835
725808
381909
97613
314646
586724
658062
28367
361571
38293
246939
130965
684246
8900
648691
656755
788398
395910
694644
893287
583798
546004
546487
217347
459431
425680
154110
3953
826603
517845
561866
711848
951036
899257
151882
57770
980203
876578
232237
440759
154813
896641
273753
575250
191919
597552
82420
694061
566683
196644
53471
254387
409587
973903
850498
286066
455657
827477
902210
959780
721841
761896
917775
575448
26590
245570
282843
875842
709609
582398
403365
242011
963729
424660
168883
954806
171100
416751
726046
889697
216187
793261
619527
800884
989963
811250
671848
13241
726072
442985
290373
91512
484220
180697
205888
69149
299269
284319
519372
183432
522229
760398
400442
886257
748867
733408
990063
890422
918207
6423
399799
521347
671090
267508
77234
607453
476451
746195
948396
317387
11958
84257
822027
667745
650544
178427
389473
459114
379861
531301
830113
295473
927026
699748
832431
737836
398903
599225
583888
666566
403516
191994
498177
637640
95908
480078
537187
772899
199391
247236
318867
299036
442761
693713
717592
569108
820720
618276
887862
16051
160371
493480
689375
541745
918149
459989
748105
197057
404049
302323
526427
193242
228344
611117
956865
297250
593013
882382
822943
751161
922786
688986
622049
459360
643028
219019
627057
80069
546336
444391
651394
144940
110849
311354
935369
127483
702482
697014
330188
738018
28213
617123
10514
223269
109398
706244
838458
315591
877066
846664
434280
664085
676241
375785
286746
120012
601466
699941
323673
454248
231782
993431
144330
442314
930404
535858
143140
755460
358844
708761
96444
887748
565127
820061
264956
508316
886843
532435
664370
711850
534277
354385
150788
566697
997007
335814
714050
786002
135137
407091
120596
576816
913635
188490
75666
841151
137600
519969
90482
97280
810919
540563
669660
150108
740395
169267
436762
595890
124939
932910
947307
310783
764939
431868
442742
726953
232769
529410
419548
193448
181164
486984
784998
785937
856381
840850
37918
68865
15034
912157
320313
640610
666424
22776
989169
420061
517638
663356
38001
950620
687337
209705
502634
397690
547265
780702
973251
792586
254538
311540
167853
816705
683582
331960
822292
856705
804376
383172
24625
421827
460596
248185
214268
901983
468114
835355
156671
695547
730426
43145
855686
429070
937657
162071
862195
528144
480713
155402
776878
135936
230287
243055
63289
576721
725949
554520
61601
725874
370264
775924
175952
754873
741972
677450
580992
368363
196571
890258
723594
443242
52908
654256
295452
915323
463776
456462
48777
521715
50632
517588
660347
340606
259635
803271
920324
943372
389900
817339
127697
215577
46943
230774
435711
656535
92412
369443
951880
549561
766580
806192
30998
745566
730816
585349
351800
891865
747522
946016
420338
512345
343459
839313
345134
29626
167387
353231
590161
755367
245007
38774
861353
595945
617620
172638
567298
970065
209745
858521
260696
497790
709891
766600
154534
970764
749275
118170
946717
171225
554306
419747
842160
182709
928508
813717
635916
868133
576362
483933
279653
48596
146345
199324
44396
695767
346009
18688
499293
598299
211128
715967
263348
150638
367916
920944
254783
322342
662879
453254
378511
13874
202756
170409
994184
120635
157625
633074
429016
776758
622725
680643
81092
503945
81600
327361
524126
237591
277202
646960
931859
458090
876563
193065
825184
977660
917970
587450
532645
395234
477042
296474
688082
406870
521582
508423
522622
777759
435196
576062
877526
901279
114127
823127
625138
289081
907639
183930
126083
269916
802340
780033
919977
685873
864520
511596
948449
32157
131482
613627
204572
160371
60790
688556
553642
310521
686433
159889
712277
66581
651307
374989
618443
760277
101421
485611
977331
748632
103922
94106
162400
307483
235826
443849
750179
803492
732666
805211
249018
371973
645607
505543
533799
857869
258000
211792
168284
516753
809412
545243
68562
141522
938088
745074
418105
181771
24003
654420
10570
422938
833621
477430
499576
183112
787169
407003
48837
357175
414348
191883
42480
205607
64926
714867
266955
867684
431973
374296
711403
893712
375864
523769
969274
236617
621913
242753
683430
901494
236020
728998
184700
751667
701444
73953
803599
411414
414549
211530
896530
516766
598308
301007
912198
87224
733154
629264
806540
37933
643031
887835
90396
372907
335716
920639
160654
687213
47841
253327
554966
433802
171621
293429
122189
302232
237411
320304
409898
362170
171121
86059
206671
311629
916964
676859
17536
255211
211032
851381
723374
376218
488396
352106
956082
289877
238314
36161
355925
8308
534499
823983
767627
669626
309305
883925
852545
101307
881110
905013
788876
560040
916698
613970
430336
761401
586994
54948
720546
954229
744355
50357
357749
296737
313447
407451
21104
434691
341934
35666
612689
254993
201221
207925
544203
99899
775316
879641
591195
7506
18945
990215
668985
565011
489459
120403
623465
28948
374833
932957
469168
580682
889128
167332
571236
746741
248779
137410
488541
874217
864917
707144
427272
825081
991018
90358
969114
929537
295195
938519
285216
187152
907401
161655
689973
659056
693984
363330
872974
664404
112581
112699
646063
131806
257675
742549
743808
725258
618654
357938
848890
196794
695106
164917
542524
27486
16758
107334
133306
267839
751666
138210
242580
565801
936720
496027
844485
499059
880135
557939
52530
675180
826257
954897
59490
59940
291055
949278
699597
393748
44419
992959
852685
914219
175514
372015
923505
223606
70476
144567
406577
627690
607036
949453
979195
480977
107643
356615
384428
190415
338249
574266
388186
366928
61627
735796
301710
430417
315960
912849
230799
997255
50141
147262
302425
606255
511809
706696
544749
152691
37650
765600
964674
631990
964638
110765
182169
827005
685038
822606
450286
712441
539917
919083
419082
879669
855078
102134
462005
968280
948043
638404
517513
213976
814162
455042
536483
131260
27098
151445
763634
248459
990955
485330
443825
414422
363963
786519
276401
237535
966477
330372
263311
862565
5748
54553
251654
11213
705846
562542
125469
474030
910540
707401
276545
126009
422853
772959
634221
735940
234761
238698
603461
819569
992763
721955
850051
776511
894712
77277
754568
440045
940285
464766
491604
486918
404261
468442
208913
382926
938575
306221
79242
931975
617566
680949
257081
938656
335706
214250
476605
231227
176819
619035
975466
123226
773350
496167
14139
71717
430073
878932
594082
33562
960416
962383
630016
680657
597890
433920
740529
114795
452757
894537
82494
281943
754469
690140
399926
706432
672756
363830
946262
877974
514940
575420
974053
237240
150544
972272
432221
296763
146208
28688
855683
503770
729051
315787
750168
470906
279855
168097
793384
620824
764396
730838
147647
138321
524742
765906
892667
552909
393209
416216
433981
44425
599559
585057
12857
472384
645213
968597
619309
393654
840852
348901
852655
177697
459539
753223
519006
756852
263825
647439
410234
266569
81720
566695
336272
721514
443045
839531
437454
315515
296396
592547
550069
606216
30009
532958
968620
452391
903601
604135
266672
340682
341879
912359
181545
768611
216234
41303
685592
830580
397131
789215
207085
114290
705821
655568
778805
416597
409253
449979
800241
520639
201361
767852
658498
798022
774517
587590
878464
799648
897264
816380
428521
388714
231341
885289
94582
540373
918342
375757
934537
122349
839362
838885
725827
210119
269119
40998
561779
282759
550635
285397
670761
496267
759468
57286
99560
95160
526496
211887
448761
488543
897150
851880
643356
537419
855707
813825
831706
512937
749577
127871
527798
624725
735578
58101
600194
729917
945922
877756
322509
837108
90330
686159
254906
265877
733057
579909
620844
644946
228253
803627
182813
288152
94463
373245
470158
836640
938981
651713
425113
221909
421145
999105
443938
861277
254902
651363
80620
347015
17162
469286
842119
272911
951255
112891
759591
481744
390772
17918
176593
793415
510865
569295
869166
937983
224599
375378
959234
247839
998382
395007
234486
519244
487704
96806
756689
664956
252666
25987
307013
876889
792763
403513
149798
984909
771845
125103
962869
237616
16105
647748
386331
547340
464991
863792
106993
216841
641643
332600
21564
330682
591834
516493
536502
575170
131116
516226
543687
566436
585356
774377
136659
594663
502650
143305
337965
398242
238985
259389
225577
371753
918148
388652
231054
131604
33516
927136
675754
457320
977693
573253
314560
202277
524623
915904
975837
757740
219191
294570
34505
763210
598157
440552
556504
25765
414569
558696
241504
751617
800071
418234
751748
682032
653673
486664
539503
96340
898651
988916
621789
920722
285458
819789
542675
59925
633134
539053
390575
713596
93855
191473
641690
345825
748963
41686
650585
598727
149485
684845
344259
151391
274018
92986
94349
631415
587900
216047
293761
421312
23569
802432
960269
3130
118510
185251
594552
590974
978717
414630
564527
973544
568903
717612
976382
202975
503090
922949
766298
98178
478506
454441
164059
481776
259646
777297
877062
383732
862818
568947
430600
170059
524978
546584
708544
916372
872790
106331
774899
11604
69568
7104
419363
693922
493650
597294
616121
987509
815389
785610
588639
300104
833733
270322
734186
200423
861248
600275
539381
460634
57021
93352
756489
755755
912801
641103
567544
585684
255084
830921
323849
894602
525434
405518
519181
275616
238758
224459
275472
794010
752265
81146
60459
341903
78624
356315
563383
408377
956812
568340
3420
696157
802162
235618
227527
527889
13634
962235
869178
702127
659925
358594
31037
626069
221296
795686
563954
315093
166182
3608
474118
93504
930009
578599
628931
954570
665248
144505
274051
452570
554501
157608
945791
165297
156325
249526
859398
715956
712250
939055
655433
311831
255222
353818
39059
232872
521029
382747
744469
884021
955893
586024
280735
118108
380466
363366
756267
364269
698218
858975
268052
90109
789903
31330
638372
90058
803195
642616
969546
628550
154861
533886
88874
109058
329137
642916
421519
224568
277470
15361
602492
591861
47545
121744
299616
666337
912888
394763
18279
474284
901856
554210
358125
766871
527887
526104
197901
686812
622614
189051
631128
529596
894334
685118
962146
331491
378412
552948
335990
453241
85983
743915
7145
460679
840789
341411
765772
292932
772301
11370
656507
781756
912296
997141
74066
588700
990761
681372
986239
409372
472475
996115
910131
31625
242450
536001
55219
293934
974281
416095
951563
340638
239019
145774
996257
681057
10541
686581
621159
952057
859480
93270
881706
123855
54564
454796
967240
759743
703616
299332
452158
682429
21871
137236
216159
486306
629516
223964
75297
622359
17006
883256
984018
704989
966886
519135
537704
663862
679013
171803
862901
508659
247419
106661
729017
60635
960954
227484
589842
680693
204345
319202
574734
96115
148404
273235
698017
473787
811281
841443
895410
897426
440957
337747
5583
955111
314101
458384
57601
776890
571873
975016
487099
186855
128602
805353
370156
636371
510860
251096
243572
677682
816119
254603
264627
927410
805008
389156
491324
321991
508356
22634
22824
259988
602652
347141
329607
818803
818299
585494
666482
155361
96581
47153
541116
468233
836762
781944
755271
326635
291776
797781
730098
776617
504671
76115
850608
286190
261605
617434
109044
528507
664010
767173
686280
811599
21230
437218
186173
569331
504606
375493
407037
131871
437557
129929
706044
280012
37791
224932
97357
716695
381753
311142
707409
75471
830740
960718
73034
555419
489241
980425
684045
957707
69062
726216
283862
427961
187414
485820
54390
622683
839167
621617
781607
511273
991765
243780
249280
247589
93260
74563
202691
12812
940442
888863
949844
809175
699899
231696
613509
292462
82574
317382
903628
875050
866781
888967
384278
981829
19258
635049
56692
214689
776132
732910
399348
759345
919241
453175
729291
269640
142149
221095
611117
317564
866889
834453
475647
365303
782391
387437
615140
202522
841194
745252
730676
109453
646898
666197
121483
880743
993917
561725
320509
30647
731089
547600
190567
389229
968629
298293
750369
510440
740720
781669
98703
960093
684137
307355
316567
541408
639149
516921
320749
376979
791183
558647
300425
732712
99498
759752
110010
530580
769602
815243
173012
751314
777
266346
420613
261648
352253
438675
953222
812858
285998
837841
88365
433762
425182
172998
834847
753161
354305
804103
603554
603853
963619
376212
636560
252526
708969
657970
786343
212030
287343
677223
852286
133157
207377
835858
270930
181006
576069
832420
924735
528562
62821
186303
710282
741567
294795
885801
584155
582244
292118
222765
230280
8572
998857
78990
124684
937044
909714
335337
270998
752091
428327
474086
633342
70373
738124
648602
539794
209051
188338
323581
990735
285251
976377
197443
999211
701800
816342
990361
717903
562470
7568
98237
885922
348628
154916
126010
125249
5838
961801
349119
656651
641181
183758
346011
339736
576710
144095
562072
139145
503340
966822
666993
378874
654754
908301
556272
610772
472145
368930
335464
523264
985538
699604
663372
512694
442313
527194
112811
958323
534159
706611
983625
235209
527034
216776
566939
400848
749051
985261
299550
31226
226099
606470
928596
715460
594627
790982
209308
641929
321455
46035
259117
920817
395950
850758
481391
926982
316752
737678
92726
642279
805388
460660
176987
732693
507045
714873
288249
196651
814329
281883
39617
59434
43302
845622
904955
474162
150361
854472
644761
133965
38196
871757
2745
671654
72859
860361
542840
168727
137180
221028
370029
193632
696889
854831
782985
581171
509970
438148
415241
497195
961971
732300
583381
251677
628728
478235
369209
209607
87705
493493
313277
483430
397270
600180
194530
419299
233792
962241
508
710573
175649
660032
794215
393378
612169
426248
426087
969574
247158
509007
227424
705943
325087
216933
612334
821719
823645
419095
852578
226504
916407
856116
512794
182742
34568
192492
431100
537197
676239
5203
225615
817676
626387
952517
755061
245297
962801
926628
77065
29684
351235
44861
778769
132400
845295
421513
458528
421020
801481
138703
219595
131767
942182
117927
381253
436066
281790
779097
542810
327367
788285
99747
501957
930807
493286
647769
64366
541010
262052
546791
607363
448159
666095
532274
525425
101308
90071
295581
63487
925039
306353
602088
811591
109594
513883
281650
222611
490381
219692
430303
859280
991926
800893
127572
877809
422131
258639
176031
538467
927688
506647
923060
678504
17516
109869
880595
118931
640190
182669
244677
384031
339221
27399
126340
416619
373876
978761
407546
620566
5341
495367
59170
740275
406716
441924
633675
401065
152260
624000
482107
467434
435352
948222
732784
610254
129503
721905
413250
623115
454394
521026
412516
84947
148242
883457
193033
258570
630986
669413
205731
852899
105620
841601
289542
41430
216863
544390
515819
381312
301870
679471
772177
334102
990468
87501
915134
616519
305531
733679
924068
732974
415093
576557
409438
129521
327081
639761
244761
747321
719903
762339
608336
413646
824887
876624
168815
394381
316195
827510
580249
453385
324724
432527
377285
936124
101714
894647
964675
372840
153158
987227
154909
482639
465585
194496
581784
9739
573344
238765
854810
895243
909879
553719
736293
548458
912137
736743
427649
454445
968714
599305
574648
282329
51356
896084
697339
45295
172293
513969
523171
49734
326914
697642
403729
438979
7861
810608
662134
586934
685049
77449
462702
429332
211926
123156
715143
348749
964240
309498
839137
282826
895706
893619
858413
651589
587112
503410
647319
345988
762402
449518
854848
292083
849780
661198
37604
351581
609346
587697
509531
23047
414393
64151
966523
537001
995009
996399
598042
760906
404494
397821
804785
441654
135702
332455
648284
996383
942621
49565
216701
583822
961899
914916
652609
402756
569824
742141
685243
386481
288030
246454
263276
256912
892132
360268
299364
340189
517947
65211
457921
768756
271048
1061
490902
60040
157506
906394
450344
353020
556734
90506
661906
58849
65959
598660
884296
152141
879369
870506
138232
783572
150476
38132
972236
571174
684541
228509
444300
486789
766024
604333
652257
458400
916738
879844
191796
162001
844195
62080
518325
916912
2833
156140
230200
525202
459031
462853
846009
340962
151092
802249
677056
966937
961040
542366
801248
769629
904650
820733
982553
470388
203308
512889
773341
674531
969728
532144
243376
449063
762876
707788
949224
885711
973144
68214
385812
657268
285440
284441
26553
792790
854885
841358
7735
758741
162094
672233
582219
445193
799437
719519
367598
616382
927788
136531
738458
722639
172869
609788
679916
893789
240017
977011
419685
427501
126296
137566
247370
118556
360999
870133
277036
779711
424352
422382
41474
947931
825451
759177
425970
727485
31563
837562
510446
763704
676811
895790
114619
499193
163734
909691
924877
755272
787942
910121
494287
417757
147477
720919
527551
164381
838543
693708
307957
779568
836777
524123
899395
995199
120202
172210
875000
800911
84231
38079
927359
998453
137229
880702
485093
700405
289975
969060
643128
823803
787840
992161
992842
301365
24658
853270
553237
232779
565437
272403
295224
633660
360963
41867
211232
576406
548240
271703
888066
836946
909639
309283
649668
344778
269367
284345
664955
138839
241452
875560
823439
283723
7586
961552
576763
854216
315413
305229
336945
200059
776756
318526
173402
264953
665715
958065
188155
713204
761599
446509
431091
115161
86093
430939
343201
278730
837580
868049
376674
393331
521465
943100
342520
92875
408784
540330
845382
873641
949920
905266
310520
559168
447736
146496
710847
469689
899965
20609
407802
938347
761949
132839
998000
623866
284126
227673
157114
715721
503696
683771
840126
115805
152993
602581
857429
627407
854031
566114
651342
382893
991864
130296
528332
811759
14605
953230
853834
465745
231653
637807
406143
270225
485678
171194
156125
914887
757630
477907
651507
468124
577991
377194
273586
834920
485673
962022
146828
294124
456226
718573
827832
215401
928
797650
532754
750363
172919
321244
16096
63445
5422
797295
981552
901946
52
341274
988829
790805
627632
795068
585264
594710
333046
780691
276450
318506
492501
810595
682495
342773
442573
7359
782055
694831
934942
959991
754543
405208
76987
46046
441124
847833
548382
718006
371119
666937
823349
653178
144468
409848
92986
615368
782677
154828
589600
472554
770099
269301
298089
677568
944020
293055
111572
207371
918784
113172
555508
581464
993733
979259
714908
186247
542587
794097
823607
107830
73762
702754
84980
332943
200807
92420
178974
772332
278534
436177
701769
691490
624265
357471
582184
786097
87662
914397
337404
375622
962854
755564
307879
253290
435450
415191
553887
954315
415624
181873
215358
539877
963820
891402
195125
113421
217530
577997
602145
14362
607399
554617
879670
250096
488711
971962
410968
676394
587312
467619
134600
675171
111742
919371
318779
305058
360688
852481
426567
960864
809904
491757
31222
885366
247664
530564
838013
572327
604208
565415
885638
887048
338652
43929
976810
836296
245009
177819
780091
174688
262336
270438
770108
19032
988971
767428
384820
340978
293901
879948
654935
521592
142743
600696
815845
577693
547284
715941
89167
906450
529197
23654
74387
780520
788425
850308
549481
633885
663628
621270
552789
482501
597633
786489
1053
570198
140178
306349
529813
819024
361908
96652
898902
579399
523039
508648
185357
285967
924987
987199
692783
269378
840215
47645
602698
374256
944594
735055
348215
461860
746524
26303
789612
226191
548695
940081
212718
94356
101079
166297
454563
924207
56904
402838
856901
74691
527855
880463
120563
321598
453321
266793
593890
963627
911375
255650
859824
541267
85019
114701
146649
330961
660580
540906
342402
979633
736997
823649
362099
685060
106205
440411
719074
1091
759855
246398
109418
865437
179113
890115
297179
232352
726113
898869
597930
679936
1915
764359
326153
224582
576136
342034
486098
290071
454665
871019
807196
877983
966865
310814
239920
308891
984008
907465
784534
443969
217036
468566
232776
258956
287409
207190
711304
900519
143657
595511
768781
721781
123135
836386
956441
34747
430205
908211
241190
369707
334830
198742
388542
671886
616318
513082
989162
690381
463805
346869
722306
368283
646146
170548
670308
995330
159468
638557
472767
828553
713860
483075
437839
662591
835262
523717
650019
852328
10207
536708
133913
749953
690424
692030
991916
774640
578320
625804
974756
598669
799904
138804
782700
452295
410039
663020
873792
326196
894718
781484
410053
641401
987286
506798
500594
955474
68893
918149
935340
922495
977040
296471
970608
927372
260106
674745
260266
880635
912491
3301
975202
957583
356628
923994
147094
978232
254606
436561
685922
28822
758090
109911
777691
31019
410051
935500
775228
139170
843648
528502
708792
183542
351669
57858
23598
884353
499721
544793
387707
60386
949107
852187
176297
259337
863357
261179
187012
109090
81579
247671
411277
162715
43829
810546
742536
81108
196143
806319
132336
349346
174922
650348
802315
473024
466739
902361
939544
479443
959257
516148
779236
296025
750732
88450
421372
899757
826689
598955
161276
783161
965362
127603
193734
598008
15522
150225
554255
386854
297470
855086
817491
975175
197983
927931
474472
33233
804204
907823
825136
872824
155997
625308
134761
140564
124250
67437
845407
300784
900033
859774
1856
844209
992199
121240
729552
319073
886197
272967
527411
718423
762516
452122
446824
104901
447460
941303
246677
279838
951365
18264
473980
885346
744185
914470
215629
301255
245249
321008
831062
470853
24803
436424
668630
887486
376077
916090
927151
630729
874644
168554
60601
446746
192725
572745
64627
149391
583100
305780
310036
484313
861155
191081
189055
163781
664530
108070
166294
764966
381861
4064
668710
319841
45387
539037
945664
177877
593194
135918
229607
910757
720032
783373
81637
284131
685605
576975
651960
771034
107404
574597
146538
170488
34600
981685
262718
377750
721035
237104
420358
880358
459882
799184
120146
313784
63004
699856
871810
29161
80577
106248
818429
428520
854528
433603
46138
663270
842856
801918
17403
376154
947768
941312
139098
973934
883642
634449
986876
706505
39562
436696
710818
498426
982068
145108
300766
113085
779707
46775
63778
510126
953270
800858
316532
226247
1494
99041
198653
685783
683458
799853
622465
559938
775779
294455
624874
117359
238139
545680
418813
357394
986416
560626
213742
167957
370471
857921
785550
452389
999500
669220
738914
160856
932845
96635
568720
484662
948038
51964
616115
709163
170840
774509
436301
49479
994802
620992
741212
414255
582289
683846
644485
406884
485027
1809
148973
611373
630248
108779
615271
840420
250417
367276
48711
232091
745419
889276
339605
467625
259509
595558
415710
85012
677708
506452
77924
533916
13768
696621
812981
953954
984287
930888
313817
607860
243591
911499
677796
66166
18265
728932
42860
697710
465617
911396
242837
189483
116530
1011
23624
402067
37510
941172
614274
19336
64963
116918
504072
123510
705609
673939
48889
602364
271752
249961
575356
68533
446207
42674
741271
743202
33183
453059
212705
346998
367182
168990
496720
322685
399047
851059
403308
616809
365150
678778
348325
616826
181921
614
599039
565001
668251
957446
648363
478450
318642
519549
381042
864924
322288
992156
999306
117927
214110
940825
383883
212592
327180
356079
118715
717443
183470
950801
870597
453150
50529
517068
196553
883678
882507
662392
695693
249417
637535
427354
831888
501111
126976
546841
772095
590365
114045
99611
390273
501943
522363
802172
380653
68626
964144
541355
518939
201715
24907
678048
565592
401639
704626
485949
248499
143336
109923
493953
63860
296297
670011
499299
347309
493567
536405
649361
273384
256811
536715
261636
856767
283976
433688
753663
390667
947214
700446
340709
877812
654784
832322
974133
723624
690488
568373
539491
922855
247245
497294
683348
231802
463070
92115
565557
703363
939902
179543
95736
981488
165884
636861
304620
495690
32973
482778
909367
441386
128216
604153
282419
739786
937566
629176
607523
808953
452996
190479
974097
466536
780287
389617
450053
889506
359771
637451
592291
493657
135592
679593
49314
310299
648065
979896
370789
5284
172474
230822
268215
485836
141733
708133
460904
241377
87809
656207
491070
209615
862977
821732
894298
170684
512180
512494
929193
174129
612821
801413
327235
513266
153713
381167
338211
168686
255281
882847
412099
974737
229699
103582
74260
388599
983017
482823
344791
715324
38366
296556
147547
529583
914592
692759
912019
849189
359903
513131
897683
759273
595776
965672
114343
285905
107022
486925
309968
991916
821630
558103
17436
52503
459677
5352
602337
651951
438232
335299
291798
478112
247528
277620
32589
245852
137496
8268
311697
936040
145140
148106
84120
653456
141840
256342
122661
612667
709362
276454
349117
237849
977501
491715
929411
440824
560442
97766
332978
9526
811941
974588
832375
575377
852434
277001
136745
864730
956379
792041
710502
426953
764647
408817
967755
89833
78072
106611
443791
818740
780112
567456
191933
638777
80897
576072
57996
170873
410448
576510
356508
309202
92485
959895
562063
63507
603730
288849
895874
286446
404061
513807
373735
923467
221036
130178
546752
739577
421228
102116
956410
87103
851742
324574
256932
885329
438623
797258
405770
351262
668114
260050
780850
747142
322860
311287
318962
249129
970459
361582
929708
792859
642516
468773
705192
37683
582840
733219
13772
467459
428002
432653
59386
621026
269455
59588
288902
647780
657259
611372
169875
615403
106164
692616
917577
292951
958541
852353
551669
210073
477153
612358
605116
956069
706610
520780
392701
252293
255933
352822
629763
862027
725132
822865
786403
180959
73816
862902
600440
545782
734936
104466
239225
542243
742698
412035
922612
596807
463517
419096
939625
914469
80345
161979
264006
202832
88492
565419
179578
821125
700593
33953
857911
955157
228511
840340
76617
130107
662891
677336
561614
906444
603035
677922
770321
275852
125289
411686
698823
55004
827856
29729
589477
366609
522549
732083
923100
587297
159157
422180
291251
674039
492615
476551
663103
3622
789326
329851
204800
239929
302782
170510
138075
954473
604904
452029
805488
118376
993571
636503
736919
292058
937945
240831
581948
834595
45803
293584
703764
383067
169026
799387
455099
67998
248307
201739
136940
688961
563790
741354
654940
553375
901316
529404
775411
790673
424498
423945
322536
903611
578510
287545
767287
833923
704749
529815
676482
973917
82670
795640
21122
948994
830983
786293
189928
536832
508010
397523
870036
764906
77203
904260
120625
8047
211889
173639
364651
416968
755822
631274
457678
180427
796509
513455
350140
779549
691903
896461
202890
196356
437618
945869
666745
734427
417015
450645
590540
939998
901726
989570
420938
508645
77008
473454
210514
568046
784121
423633
325078
869907
683920
619075
545398
856666
14788
557663
243897
81771
920068
458052
176170
705884
315051
587445
134285
623593
855559
930720
963709
326399
756933
587708
728547
364919
47482
43595
568021
730208
632080
185599
62536
15157
610443
592377
396979
5742
809719
194348
744579
277490
203824
747232
663732
106921
419469
676499
224211
1200
440554
567418
279373
544358
570257
141157
137522
263139
964357
98688
179724
924553
9066
493301
348822
32242
956180
545071
461403
166408
714666
103802
738029
441652
632119
36166
277694
934319
353229
340043
87710
542708
475798
596230
185809
823254
404984
305953
170956
545581
260132
113584
712460
772780
121980
33943
141971
265934
473566
335946
995969
485103
477138
249133
788555
525111
646668
814362
952282
722993
570078
370688
353474
791226
80061
944680
807325
977428
505261
651923
563204
699418
94732
974400
457385
371790
534009
661642
811284
578574
172639
192045
380920
508070
338145
832617
973105
432638
198500
874559
395357
228212
208051
547160
242708
975429
443859
909765
426053
901860
97764
647265
72686
667117
738737
1811
917175
886195
572308
378672
352300
970933
536841
28349
829334
110384
820877
547730
621045
968462
986098
35929
210587
505660
445442
777142
930535
548697
116174
104385
626141
657418
213842
770094
973087
993386
294662
325966
320330
551391
809539
624430
941104
56840
770512
907357
208301
976658
992521
861772
930280
71018
902507
828174
857256
174860
154366
516862
183056
969274
389983
218367
838393
913289
150057
561118
775466
936022
465408
995093
425782
116437
164858
679337
962227
584329
787177
118770
288082
153232
235401
914299
456288
366166
884163
9151
149912
58730
691868
78420
273506
783405
168701
532132
667436
11686
243551
835989
308644
446003
307923
625034
705551
664795
915243
958211
506697
548926
294920
431776
618905
799213
589377
191427
379376
460566
615853
494354
79295
522840
923214
279260
370290
433141
415066
310355
782860
324325
958759
642551
350624
758663
968626
142228
785001
874867
587915
255074
663815
484266
687969
196362
384790
845487
21798
168776
259309
200687
539294
989099
369328
674459
382730
332218
426131
301719
597291
333809
76523
165770
936117
606697
716402
723286
756882
838677
842903
592994
501455
393768
962944
828498
871847
741140
688797
467032
203306
730286
568170
573860
266890
228781
544705
744951
248578
594066
702617
450901
168612
474721
736671
711129
417533
859597
831407
194722
461862
487665
687343
977067
802474
928123
961864
951673
476495
398179
560578
881453
891075
588377
194236
509561
331813
307389
545220
364655
807916
234504
344921
243061
691256
763144
300794
307093
470323
418952
343082
294257
843939
549454
824131
854484
700048
731581
566900
840675
519308
275291
748185
575282
170724
545389
625973
518963
245154
548671
654479
988425
350459
534720
395686
73466
281244
45897
10833
787331
718732
635262
701752
634374
336765
594317
201065
101663
64885
989204
466904
216212
972500
40863
781238
791082
338369
141902
172460
554836
438453
178133
8052
246343
585123
269918
538964
987305
344771
652873
598073
181223
808506
157523
165164
961830
571048
528148
944691
401425
840717
275362
266310
634385
296728
103316
301996
278811
674062
211745
994739
742434
578708
308774
481416
896046
321561
139654
217912
341509
119074
655915
501188
74117
411763
833131
419482
346387
461847
519047
805622
956526
304077
452045
895573
725981
166479
188637
118737
184071
306303
274824
977374
912481
703345
374804
608287
249281
772879
798492
966182
965778
955821
167764
383175
197408
481258
192619
558551
9875
732031
112009
530950
933881
587239
587448
491734
616572
972395
894303
141495
873586
98761
385704
509057
939731
145920
846403
395085
716422
221371
418116
662129
401108
474392
553704
179541
153790
463187
515765
195958
27945
417491
142719
945207
61175
500497
793286
170847
386226
835489
92221
523764
962978
850079
852710
554353
916350
994359
810712
100390
243455
141904
915170
898605
375887
359574
944906
412676
84897
341154
155502
353612
508634
841225
388492
56541
888748
362878
49693
819588
193668
914660
824412
6682
928922
359284
798308
699906
516389
110984
448311
524990
965041
753730
161499
439086
686536
127259
566366
521127
179789
605964
737531
646636
127273
85522
887509
256972
654812
321506
981536
680599
603573
258793
531359
181758
760093
59006
688135
459078
424013
364967
859587
234217
102880
62661
794705
109513
152194
18205
203017
971409
387464
572931
552318
146667
687258
383973
478845
162327
430411
326577
491507
538799
316681
919460
805803
923380
741552
579697
635892
34707
756601
328458
721184
709114
276367
717197
658281
390930
392194
761678
709359
319320
806676
108669
142941
443355
37169
109684
239721
382740
704188
176736
991801
603293
331973
189961
446499
92688
826967
947071
258637
823933
584301
152419
775988
429895
960452
551247
776648
964187
939211
114339
75507
249998
796151
189037
314234
96851
46451
519796
398268
96342
345013
23841
459864
88375
348140
457803
586476
123814
111573
579741
242552
962903
26221
553318
284000
117154
774017
777277
378000
275579
364513
203599
438650
305865
925619
899271
305083
641316
741219
259736
757979
488112
586168
144362
543667
973777
760642
281630
539497
136201
827567
116288
459095
64501
861310
848712
241354
94689
46283
866061
1126
348867
418760
580807
879847
273179
385612
781631
702146
44837
858373
42005
81322
959223
191178
522990
40110
333181
799947
147000
270079
674575
87402
813595
307984
446892
748578
620029
978454
973590
181029
724018
813551
872969
733956
177023
904607
223769
950664
76169
196597
622247
749150
117407
919628
750591
804718
284641
873901
619986
167244
832139
679826
876875
985991
421794
610565
136847
962016
973305
558951
490646
266133
393632
752013
52385
410138
419562
839621
117271
237737
309018
49590
18816
700976
339049
49317
336925
903401
422327
482260
743329
40264
354444
739333
622672
548941
146825
279068
298483
251193
394415
205026
504501
964573
84171
972390
962206
679565
283837
495038
222057
230644
290148
818987
163203
419458
665961
223578
202275
964352
308004
732807
166784
413059
886702
763452
887540
39679
958788
405432
985835
667507
202260
909034
891399
716162
856296
736412
920596
4706
956908
579373
965859
870765
40413
925623
611397
117973
645008
595791
386085
266357
179164
181866
928131
805890
894310
335900
848969
596256
53319
773180
837195
65169
145500
940644
820704
188040
989801
993365
849495
802780
469034
412663
670488
44568
480888
833661
56153
283759
299733
876647
927097
261644
146772
382305
100029
923528
823976
860873
845412
194357
789575
207118
995176
535127
982778
769268
158932
519538
37956
333171
430781
440575
420588
6719
167198
637432
116905
684963
678356
796882
193706
293831
143154
776459
407871
80848
106370
552857
758695
476582
472409
939970
585014
829713
550294
30089
337315
332924
155447
848518
597676
314332
989015
19343
742374
378218
328840
402514
549797
998476
565769
496773
122819
187282
161700
651444
848721
399515
512231
507001
715416
301464
564540
302730
835850
737064
242983
955180
953226
558883
674908
115718
249941
32435
718715
880912
453195
647132
999017
961322
819806
307291
555468
167049
243734
407020
384290
792588
918014
422886
316671
259693
236014
754882
477985
548115
859702
999801
74673
335235
709860
910603
940313
117879
248755
612571
219964
322119
450832
982455
321686
135684
289290
475190
692722
967908
184085
895611
750850
563863
890618
351254
6558
593464
39199
596041
415516
110303
831214
116263
726344
594899
685029
637400
110208
871581
765882
425978
313135
644919
947433
751522
951396
895075
709915
754624
499086
770457
39796
589536
774422
172184
303290
896077
695001
36190
318557
168208
346433
745651
256231
306966
951551
333599
296385
501359
399206
774907
563999
681523
711015
382117
742089
647423
147621
537229
862855
622301
406004
553068
550377
923458
990131
426773
879024
888496
602563
762403
363164
746684
452579
626834
889875
294058
260586
196970
491691
272372
647136
47126
62100
904938
420984
760659
784997
856499
331502
647620
317569
487025
63033
536162
514150
620674
272750
778256
172434
613795
459569
217548
79058
26672
973080
152194
193192
725831
964637
324923
246168
635018
333376
802674
411087
629378
455543
504071
513393
236641
428563
194125
959805
495264
713457
928062
316063
348103
339545
542862
89299
228107
931062
272412
898673
427473
222322
179397
815449
864209
60142
798035
879803
928982
523483
181139
477955
457377
436408
807044
962720
182829
222888
916907
474672
659918
411823
958340
440714
330419
703497
693779
545383
31882
864743
649560
271021
922114
6662
556064
65946
786476
120302
209656
681737
268603
875461
13437
258404
497642
408845
551055
714983
790908
529985
49868
832095
21447
38584
385369
992234
975313
386658
842818
341957
430742
298178
794555
101544
148969
525655
829727
751868
379635
752685
34486
946909
447506
864115
747110
75137
967820
306603
40569
872114
315697
126266
197511
865271
341261
112543
41856
559441
903239
568640
342360
154977
927770
40928
512527
378727
993645
495726
669020
794981
243920
948407
714421
833250
147157
387834
785470
750602
241545
609180
491724
749490
182862
512562
214356
458938
45334
682748
223732
655883
827070
772466
918622
827648
703109
234613
465501
878242
954087
66984
172357
255115
222106
759192
143035
22699
949220
833046
850654
260521
605079
374694
525969
257889
222250
48016
309671
488972
366198
575571
335273
375549
419018
608569
907398
228232
222635
121094
210136
563901
524267
973770
71183
761362
669156
990422
977980
348255
722386
539723
625916
603010
800394
170382
744703
140322
329371
26967
207988
853969
943680
317353
447379
833739
838782
827804
123398
839451
967264
741078
725941
888349
947213
834392
604141
957406
401795
43572
524076
759263
471794
969821
839243
724025
172023
723287
579976
746010
434611
199885
99375
324653
64712
732609
900837
710104
44656
114845
919121
718175
315897
54505
804647
197030
151393
780182
165202
296531
125193
958519
516798
144402
510425
699087
687039
218674
472689
571653
563745
928556
486663
524212
580941
392900
937826
767775
283796
303369
715058
968578
895899
86390
287497
140163
762147
915771
89274
894407
683124
59989
896077
708898
758438
824666
46428
137830
977100
149201
751821
150108
143421
343933
480108
341265
233280
640187
358627
406215
67411
963457
195289
280461
74328
164486
786021
954729
600349
583936
180270
948145
252039
863817
200545
852089
544986
170779
444557
984102
536487
910778
68766
403297
498130
948593
818036
622887
900734
687412
122527
357822
419480
100708
54713
581634
233213
668530
671776
850910
73353
998235
606799
593174
75133
552529
166425
628480
560140
727098
125569
20307
207874
181265
681336
316951
933969
381035
620724
62396
24826
533332
83177
388935
421525
736024
701862
406247
740604
797
433743
73254
236250
103981
394611
302779
495947
868690
390345
22908
978288
590746
721484
125872
627155
500538
830128
657282
247281
576207
271231
202578
165160
507071
474517
845094
234942
817406
675380
774462
487947
718765
524805
13061
218373
382557
248108
704163
88038
738289
317574
537007
100028
780896
450562
149698
622221
319322
416409
398887
248676
681602
652331
989742
155260
191002
42040
879520
736008
757309
927479
504268
414429
631941
977814
473664
191741
149836
137231
658772
636033
168464
883748
505504
582178
765168
650039
965965
360292
742995
21064
942729
156959
820648
424139
364820
798699
892295
339557
809016
296167
801782
136067
864981
36326
562696
70103
113050
433143
285409
155696
414096
691408
728340
94901
796368
265750
106989
659390
422421
149132
228554
137232
153452
251925
59684
25778
215112
298279
84844
835184
241010
736846
424208
820076
739421
115610
480220
687067
27671
581415
840061
228899
725404
666823
387490
353039
832901
212878
622907
148781
439326
19513
9251
293061
957844
749883
320346
299510
395789
774566
883499
150126
328018
494963
747053
287237
709543
333550
69540
28535
415484
635520
106759
929660
245180
825306
192220
818118
516034
112764
340736
961559
517227
798047
923331
388156
377094
68869
815663
257129
661096
452059
488681
172082
178781
191879
857393
352356
840057
587220
804484
687166
896524
402552
118945
307151
882483
422462
783144
482861
174219
92820
353181
401935
395393
157491
454092
469192
251013
349286
660487
17889
50845
385658
310475
268753
593046
216833
150465
469787
130773
356418
488416
749508
847307
882752
997871
692848
299207
678117
528552
185880
224229
833420
923256
938602
602724
92008
272164
588414
167125
233427
907525
855984
801072
887479
834164
441374
273153
99347
246848
669119
183295
980907
69980
301790
138045
39055
309014
552371
474362
933701
237442
984796
761427
506069
583285
701
708376
271794
407341
199409
114427
933120
143246
903211
193636
108422
779719
898478
908322
674098
643347
388709
921981
367811
704604
762143
105703
536343
267514
896107
372561
188113
488344
885900
246489
629670
2039
960794
432160
502533
922636
217525
570938
105313
672901
510246
315519
705628
35434
733203
866558
903953
166430
916191
529233
282302
476548
781084
27980
283468
436350
670318
294991
237565
766736
417469
317819
717489
263715
955478
905601
417045
283302
421343
54294
532137
265423
779445
887875
115627
787391
118948
13976
430053
159364
537538
984128
650192
752248
1128
349488
494052
240838
157966
40250
161213
505676
141378
53246
325867
464092
278533
890879
755414
613597
649602
720595
27148
356623
174508
488437
11497
553900
765170
370677
910882
726633
613218
848078
156398
972188
737496
925208
99089
41271
941792
591060
25222
967730
910256
357413
377288
653127
62651
568670
589885
779351
822835
393590
727808
844970
850718
778264
914761
834004
636820
795927
924859
39090
846546
137471
11914
296084
648766
48839
129287
440117
877112
930978
965322
611877
644697
412916
434235
192840
148171
349282
392957
776503
695045
674818
516023
476484
94753
154546
827775
562842
515675
444484
374501
16515
93608
796183
761946
235652
197809
818561
900156
729123
496043
870632
226175
203593
790612
708080
247417
945281
625931
670926
148361
978144
44556
33147
439397
691391
870600
891397
569920
893668
80029
899391
257876
521855
783607
967641
229841
369616
717122
934858
715874
54630
683083
102057
873560
508033
845682
997660
640309
744985
697934
403047
854295
654840
13149
779046
678784
641666
122214
321174
846846
204949
957101
494157
556091
63691
848082
317706
855011
301020
297159
417511
23085
206433
4140
99051
365257
177331
16905
585468
347940
897714
81319
720433
487771
353441
368011
763526
549242
506799
633232
307561
180143
270609
359200
729649
939023
461322
842319
960878
362884
729484
50132
591131
723731
543096
405028
56304
631238
188290
12653
827348
577530
865584
311916
484272
877575
647297
10091
798303
80007
209386
479899
373633
249925
916988
529097
560239
103428
50785
91968
764360
214377
314821
7484
989866
264838
671633
726918
282109
823235
23250
998513
988777
457963
396728
525679
806567
103760
97787
241744
349685
13404
330840
884441
187107
195958
228473
383613
709259
961997
173619
868347
510174
903748
721001
131219
628760
854650
296334
813286
375125
861045
368647
942377
2686
472746
972142
237829
376220
740331
169011
477007
986381
997229
812445
334623
20691
135477
625390
482767
206538
850335
984549
817874
918770
552331
902429
638766
194282
194084
560339
48279
371070
615502
589445
901290
869335
454764
697077
534466
615633
591755
837453
96699
519274
712430
52764
685505
733141
770358
170430
99027
118766
781102
894746
256666
792329
350641
407045
376288
52451
661560
883397
166447
26298
19012
721264
664839
21817
793444
895154
196474
82635
403492
703852
713448
509584
30738
208634
756307
627309
112878
681933
677534
534654
487149
235895
719271
757927
263658
183366
858365
627080
816938
612487
199552
169422
812746
722028
660436
366310
621959
728776
399425
153869
935530
734646
196011
338179
303822
310746
517032
410654
849871
43007
912771
579387
158993
272416
19725
163087
133546
789890
683162
693723
875181
135934
858271
157118
57876
175901
378662
255268
635081
71323
764011
51613
75345
989262
489047
257736
551574
164576
613590
967342
956303
350200
667159
331051
3982
336376
919583
702022
12837
493983
868683
494690
662646
457549
534624
947022
996054
871207
511440
200759
665054
242129
851660
988541
248462
9688
257600
940642
847325
131314
319152
200095
169249
708956
538797
151889
368983
728803
308275
128848
411408
2047
531810
318817
216057
554393
190231
209409
543109
830638
61223
422625
528377
607691
723256
819442
31955
294008
810683
493398
602200
530609
307657
814453
907513
483087
754777
954225
233825
358150
153948
701489
741214
948359
168309
804186
740201
907142
996120
88668
66579
568278
777470
653160
343182
143792
910338
229120
352982
752338
431324
613926
399226
54148
951671
558326
117067
92918
680944
528400
300959
628805
221357
65389
223874
433436
693848
803731
979387
134199
178487
454499
574454
995139
982378
391056
117523
667617
736832
976298
988362
795786
724085
437400
53624
284684
827916
436644
267787
267443
788037
576433
488583
484995
789180
678599
28722
929
536926
875663
398562
798417
714120
450074
860705
355289
658494
764699
226490
547141
831236
575605
230947
604036
728796
819311
379462
644144
394333
897669
537646
361515
70765
905816
405515
835556
3547
964101
128417
115001
74587
983954
556179
513783
715423
850052
741896
941308
605454
393807
742007
276734
858531
100965
660821
698916
306469
143536
313304
996242
743998
445338
697254
159746
988667
394441
294943
35981
231007
938089
293828
880010
538276
209185
476034
512141
697807
297319
734239
905745
244143
925807
553344
850160
377138
525182
828564
958222
291427
567646
875041
743574
46915
321386
371177
778140
925315
984841
541688
234978
662172
794423
28493
587702
811532
120383
374371
607992
503982
833221
756314
590266
424564
54207
889351
516160
46403
952004
814421
804710
144554
858621
256790
997473
617728
31736
195818
372574
38490
613083
452106
360070
685862
285173
27890
245091
730536
804400
385961
74268
594254
888291
403054
761500
44657
15492
213185
913169
377387
580602
830346
384401
45711
116753
363434
758678
671305
877255
33949
141226
759507
487107
728329
967710
357329
122725
487077
60660
211083
458168
96393
981596
993732
435652
81870
102939
574715
862337
420641
37576
866878
46182
181609
403697
199845
155358
546642
170778
638834
41372
209718
584805
101763
397830
313256
634317
309937
661644
122460
878540
911113
220252
589686
932189
220005
153966
334509
260700
843686
117242
378268
74761
223759
362186
205861
955819
131329
121513
659714
751761
302607
2171
996522
929908
102077
445094
700956
244536
375386
634798
9226
505617
170615
918111
302117
191810
155139
302115
439297
210753
861892
6259
863205
547319
782388
787690
186226
555107
479414
1525
920366
345502
295091
17703
190763
555449
169366
149225
715928
918530
229152
136527
361828
666470
585192
701829
907722
798128
61683
54376
297214
951088
356588
367473
810098
424183
269952
459916
660101
513470
912728
105799
963529
371494
96564
1190
840367
386009
500705
42835
855889
287440
679062
111026
966620
589615
340657
528147
977304
485387
59337
580033
82006
162507
729455
976055
410677
481516
113670
722994
152912
753630
93948
151010
800199
343564
815268
469434
575529
288249
855666
164582
488955
793414
462738
702236
590248
999568
501413
498252
218180
683574
65753
485361
494270
743416
374115
576777
102178
108154
585628
803617
954761
768296
665397
772618
515358
235892
466136
815720
61517
532347
496157
65896
130697
435910
655462
559889
72890
511277
805144
693044
938370
301205
426934
163582
590251
247833
931931
751340
859375
330118
36500
281053
256610
48833
801176
20227
224768
601668
548389
172275
602767
256517
968184
137885
608305
124343
685032
490709
364552
44841
345887
665935
58821
845
848246
892714
920272
131988
227948
689379
342734
894132
515971
805930
198545
241611
780216
865041
868962
88093
605341
695329
934435
931130
950996
483911
239204
829819
924330
33068
213509
158954
567181
14882
997251
807297
15020
357754
438112
2251
825001
147122
931955
537511
867581
31627
473801
290220
223977
271929
749751
991462
664853
276212
485374
309565
78983
628716
27609
408630
858177
409497
412261
822867
954295
677360
1901
822998
709995
920753
654610
638948
643495
760669
550227
702596
242967
957958
812159
141830
707904
669118
387572
470208
465761
773169
475730
444084
216484
256847
712002
708493
795201
17121
597532
721544
356656
755517
258810
112560
358728
347925
464087
21505
297465
677737
955618
52014
221346
487453
339237
86591
619280
466149
154061
216274
277525
701916
485973
221121
319808
303988
961363
895588
284798
550664
58719
803117
911244
482510
96156
243570
169944
801000
509348
645832
914548
544025
143316
912138
119477
230421
560433
595769
905198
551217
192757
169981
440452
897849
697018
830794
203118
44896
873282
482590
431948
892306
780257
588454
374176
366182
478471
512897
867373
671151
277998
810332
704938
709937
927580
1020
586723
137073
573589
858330
968813
353126
598689
307688
433732
87947
347061
821234
244355
599638
71745
610208
498878
52354
877973
657624
340671
892169
467121
894656
754908
258926
97063
710497
46962
791926
569135
117223
390592
378422
873607
750852
586530
784520
435141
505653
664039
532439
179643
668893
289362
338330
204933
611469
920938
745950
171249
251301
938622
822587
36044
542867
471353
845800
342597
985786
707165
68651
451456
498671
291167
86953
614714
956829
391711
298779
492948
345864
912771
994401
141118
286510
299823
769585
460929
698698
27555
314920
378088
663538
377840
799425
435532
48480
660248
579043
769595
624141
707841
650004
998725
756857
851286
182540
588578
199176
862971
344548
436035
96198
405738
844525
134771
694219
683055
392861
548842
515002
759164
474981
249775
880291
489258
798238
715046
381896
812941
133729
253117
769725
812722
964597
28207
546472
753847
738019
19828
974952
977095
901222
9606
148883
508786
977471
442575
981143
980069
321956
116084
259393
572874
87960
942904
231324
701567
919254
957582
426354
863211
835239
296896
921006
78339
85523
344309
65121
375000
913652
430242
919651
752089
477478
314448
986130
627629
797978
268997
528246
621029
101322
212818
741829
729634
792071
781945
450
360643
225006
738488
229503
151368
977145
593398
999364
539912
825521
283401
550088
675147
267713
738594
157340
520261
59942
660246
800295
151856
83971
403401
554380
137092
711761
643513
430120
482710
460980
742820
467383
617227
202792
1495
460310
74487
697690
129365
775331
577366
121363
49376
958016
149605
348559
592679
927543
91422
688428
837835
510391
668559
501182
37199
276413
374230
703551
398364
8526
507
200804
392431
875232
591978
822730
904480
936985
975307
920847
310096
328879
736000
900222
967277
125294
613434
499298
773476
485400
97080
883195
35877
531238
769182
765839
666892
523373
679790
617047
455473
411868
190693
626842
451085
993121
559732
802392
631495
425644
495257
855964
432986
187468
423514
973621
429541
242165
562270
525694
478672
893026
290152
633368
241877
259095
478832
106041
733618
448320
189152
432606
597482
756853
840424
194588
941682
342815
25598
368916
912895
59060
937206
823621
957802
530846
898169
478780
440188
676729
916389
609382
129244
698619
992961
466310
189522
22511
311515
469313
250487
145178
823488
889751
762491
912446
527064
196012
830995
282108
787547
809476
707965
444372
608692
698574
413617
139017
166000
511063
237158
210784
759011
469855
473661
179718
984408
332873
372110
200593
111346
865323
101006
846943
165603
868358
245914
385691
8520
973647
872162
39646
276384
453804
595636
874545
305704
555002
749668
923313
783636
173003
963542
43787
6891
837165
796904
284903
51775
639013
53246
93922
323464
422075
135979
643315
981469
508271
18360
330223
769614
218185
292117
253671
78432
928718
262298
843247
678822
830734
192056
586170
955704
749019
645888
725025
107859
722452
976144
74242
530765
256799
310934
806277
149043
740789
98114
197946
423617
423638
894476
451998
80764
934814
360095
913149
88432
491888
148641
598065
223554
13902
609759
896712
21489
878475
894362
370244
88877
901079
994088
694651
379348
452858
144329
650079
129989
447900
959559
952408
658211
819200
203336
939597
245416
656593
702964
770114
845155
441365
840765
931739
734799
77502
935567
258559
334290
952543
687958
420952
147407
259004
913446
115638
403368
410682
646604
46291
35987
333173
217967
846129
592215
988720
55073
324448
745316
581287
403528
703452
111693
251521
554915
626194
803747
403682
965499
180867
980975
829532
234409
426562
175051
868101
792702
105623
401501
154019
658706
144262
795697
946564
376556
621162
795314
780779
912843
398330
705349
733220
107279
37549
991299
170297
235655
585530
360657
808765
860312
557945
312477
355781
431494
565413
759094
342967
513954
164866
494664
96826
456528
223451
181235
617677
578932
93861
365320
28468
211961
577152
772576
303308
683197
779675
935064
640960
492956
589110
678316
156116
960088
15619
510703
754078
533858
221350
50916
475733
650184
797084
858429
412546
17082
364151
504109
515731
362490
331527
275756
881038
964256
674837
634951
661283
925703
844937
703393
668826
505560
282667
454090
618795
719152
968070
286521
686828
675953
102952
792169
185061
564706
377927
705294
160767
801732
612670
64435
615771
984818
122996
215986
583104
860531
836062
85071
29740
425120
265370
186609
430731
181484
273148
352637
431942
601237
708710
679568
317554
796710
130896
44313
677737
295334
721896
604562
586038
602081
572115
709721
156330
483152
92561
495279
639435
260135
748286
305355
215916
864828
223092
695708
960280
964687
461582
692634
360360
513210
727880
956424
981748
871286
188098
108616
989862
958151
49891
19354
206762
386565
200218
565171
519681
757769
205952
177782
74485
227696
463578
18385
717863
552335
198394
759415
879620
382515
963332
979701
172182
199059
97294
225075
856055
544533
285153
731274
675232
34105
204253
828412
690719
660646
516408
324500
185319
388431
919654
190235
364929
38722
245013
440436
692129
344333
425552
678805
952275
526733
266371
583330
213268
688788
81310
500584
334909
522486
490450
400882
389658
691568
846200
352460
938905
925814
999569
843090
524254
507480
205928
817203
597748
666960
179476
583816
844893
772970
430873
169995
68042
504272
75054
972597
53094
223921
298586
36088
176588
463694
824632
480086
753306
377249
188185
594268
890589
717610
378696
160831
117483
824215
319272
267153
301328
126159
560314
976864
766368
664219
329403
829804
918124
821553
195690
768834
362191
688863
594216
203129
585640
14096
952439
462280
814626
639294
421221
819779
634798
480821
48834
958128
627858
287680
176972
724170
953051
22514
970988
536529
606894
408402
400089
591372
847613
993252
787483
69661
148501
35216
945898
408383
32019
341746
159029
931678
570295
538877
128062
869266
243024
219916
527074
794426
901783
384391
742710
339697
676248
830702
105869
440368
196299
690117
190679
584512
234689
862620
73508
139033
807034
310074
178694
370396
810387
560358
901651
295594
54044
843025
842313
907679
326600
52067
952077
394351
853246
41760
24268
808027
613644
864247
906498
798287
570363
837607
933785
371547
530813
48142
417065
172428
110211
997392
164766
171111
597739
809312
933239
703745
768919
354990
77035
290558
929753
306477
656358
749092
995914
231872
845361
300059
588282
485824
689711
62083
875137
795052
237955
267762
991156
487278
923471
526152
880691
577798
217240
732785
136736
869653
34053
608951
433706
509512
531974
450881
467463
206175
134930
552813
724864
50137
878728
529861
662950
44606
401911
398240
743778
67145
246521
873816
418858
786415
276410
87203
670288
401488
616214
233232
335604
567353
962401
645664
941978
556564
835712
868799
744278
63405
348340
683229
860836
657825
584183
663150
830484
86245
603583
282170
404066
253872
751327
725473
83172
86150
746893
525487
703132
295907
296190
168472
591853
450944
784493
666256
668011
42692
884667
62281
338059
475722
225841
919114
747897
117707
597217
391273
922697
191784
743466
572069
971013
786519
355993
737058
265893
249127
822316
202945
79644
872049
665651
33563
565263
452637
70544
415259
534369
913550
200669
144309
581033
133803
502956
767367
842565
60875
800553
298058
35720
605564
130268
189749
306638
475889
397835
180462
498033
465093
106237
932333
22740
663664
39000
716272
625628
823813
19052
73941
746495
332261
467145
917335
971188
597252
922698
363495
176458
279381
231797
941222
533717
41109
579578
895549
162947
392561
501081
974234
712204
309333
772833
974663
254024
30483
200659
796328
168026
890476
251109
344721
66954
733437
469410
50626
180977
682120
58606
128832
859469
215454
608616
128529
692916
341415
954536
735635
310310
108430
470504
540921
248763
251019
710334
369955
895867
181774
195975
171993
733644
213893
696416
856869
527750
978570
409806
278538
398243
267372
181309
566564
103634
762072
853542
522973
54826
153701
701833
289033
498107
655801
234586
941791
326721
418714
964408
859477
52530
676501
574424
657623
932727
120261
149312
275555
780407
296128
881648
747076
846222
778468
165147
36520
542236
992825
621842
508128
66938
491267
412290
946805
917128
11303
580052
96161
303010
462967
641586
370225
302705
429340
572202
810421
722141
988383
302059
986912
367776
872084
832491
701507
701174
89891
372907
995809
684081
333940
312658
571822
687336
473334
794998
794729
945167
35725
66746
245395
331107
708758
210769
992778
132732
193304
583585
728199
903300
4488
62594
748081
600902
94328
317029
936731
476512
588446
227794
989281
695699
920317
664969
244314
473017
788466
676042
462714
394390
167581
635760
50567
808006
790570
748409
357878
19606
679035
538977
174434
523759
609652
767787
717032
488430
643746
10369
235873
549839
106441
181747
687613
835079
622664
287771
38456
50352
852331
476193
290300
623647
605325
881563
418451
449489
610024
32716
833415
3716
921787
767949
27161
48227
479766
713866
545498
42137
493893
609059
309992
992967
564695
338290
224265
147920
644170
742380
748125
487505
270804
196832
328067
570798
432592
664541
444811
375752
325188
196017
407571
525835
997643
121803
669632
335139
747172
131394
335323
863950
502613
25199
824133
577548
518141
504436
932888
233652
239221
722464
428508
761569
382946
270379
622435
617289
559131
740380
86018
858029
113393
128010
294252
655724
372959
97470
221164
898995
74959
895672
141567
945551
748743
468297
55307
116387
829486
478877
63488
986549
197887
491867
185610
415074
240137
631525
401776
568946
23008
697146
464332
820870
547492
986235
486311
617710
635755
220939
29872
76375
554702
198031
822681
331234
460749
705748
407887
529423
827232
638416
768212
308504
739867
714497
98554
921690
566972
456754
29565
658350
494036
589084
417854
743767
614800
392041
932952
740563
860324
497428
267233
895956
620371
534316
470143
58761
370333
407286
208100
598229
559044
277042
614951
698785
755965
894838
500160
724941
674672
157367
891552
925057
203884
780007
102379
900194
898539
315512
534099
89889
804732
539326
104658
303149
556755
39794
766916
218184
912681
471826
388638
26935
464081
857702
919631
913555
8089
210526
906673
953405
938009
204312
500908
551983
110107
868925
485096
28717
16422
645899
889772
622937
905065
309933
24600
735910
56769
657606
180091
583013
498855
569100
837906
224379
271481
434961
926430
567796
127715
988254
273056
358000
544874
10296
988340
514235
970517
537860
726663
792443
58232
352902
382775
58626
357278
512261
197318
440708
53138
784459
827641
712162
85770
114632
123027
876324
186993
441302
68329
676166
572880
539032
348386
827625
521944
709115
973709
184106
684174
383774
520543
735952
796883
915214
918279
688223
675663
593642
573936
623305
402746
586342
597587
42500
400070
394091
590070
722551
371180
226074
912068
136270
318226
800305
454922
323117
418518
57671
659084
379328
411898
574577
451522
965169
578348
339911
62130
384883
822576
977152
528811
921467
910764
889594
392219
681103
845136
800855
609102
574967
287520
958081
601667
281679
667103
977677
883628
676990
717401
653437
917763
236673
577870
685472
533508
357409
788854
416404
901451
168323
167605
778028
571018
228830
240157
709292
206502
991879
94682
92145
229167
155048
662206
215406
247994
311951
698602
353232
33501
327842
518421
241923
506631
12465
748860
195854
511801
461668
66342
593946
75045
353875
246931
328656
801377
193524
611905
287584
749768
398255
951258
692957
141614
8782
895613
4293
38909
210640
771239
479007
363569
698525
916286
470397
339884
355603
551162
231969
246518
27198
572848
544636
271381
256679
254013
737617
856837
231491
972363
965561
966997
143756
760515
665727
373470
469869
183567
432555
40736
122071
308746
889884
23290
116529
102023
698894
369734
376684
857595
519164
376847
575156
76552
899039
863663
676482
134246
61076
18634
600078
304176
819803
70689
556066
639433
662395
354579
20554
926761
812036
524087
216104
511688
430573
681166
607076
707813
126683
44840
189632
848691
965443
517398
147593
29345
150950
783560
126889
737988
220795
487682
568090
567844
779627
472319
399797
391136
58550
747490
668009
464446
415603
13717
528007
416595
971188
293377
261113
809995
74119
343016
863891
180438
552729
317154
779393
937712
734774
826354
41440
446730
501804
176580
613418
656026
574413
257093
216393
521084
69970
618399
914572
30851
695900
58960
737271
364577
736918
292646
279796
273582
129015
414361
267368
320536
277668
534148
336865
343592
755698
63938
273195
694125
149513
701537
651714
76615
900004
9222
203681
70674
469492
789085
129081
101292
93220
917498
921533
366501
91704
880657
339162
205890
382991
249614
738180
344046
14599
358290
275500
967742
925183
623819
374926
221791
677303
407279
972518
615839
193172
729557
631618
3156
384385
242480
897587
895596
403247
221352
765789
295891
805180
224343
885998
235323
499634
475293
810667
348491
813606
946144
731686
979430
600193
706787
336332
615510
789915
624578
461147
115669
10691
521991
764976
923320
243099
29356
487742
787577
603104
425390
263067
11103
486216
624907
950132
415628
487108
304856
704801
393762
637093
523969
82643
43091
93147
388829
552810
994437
402840
895340
691555
492894
951058
986673
387631
414897
639016
712294
194463
420868
335388
205345
903098
821565
336190
819649
822513
406249
171754
355028
837162
610537
145896
317193
225848
360506
569265
145356
218540
111519
859281
979396
886725
610861
795304
832933
702978
31859
925322
474290
766552
116356
399558
318227
254336
366946
3460
93006
667943
925320
892487
363429
611657
735380
244051
531788
326680
38991
600168
257798
500182
57882
726764
796123
455682
7352
190438
133624
999470
136370
275942
117475
263663
698539
672387
183321
33967
840384
535549
4037
134429
347931
59713
124191
748163
814357
352970
63967
998135
36869
17444
360733
585835
829354
340363
115079
176032
24176
388467
413630
561463
710755
928545
308237
928808
351853
297398
121798
734795
624653
170892
21243
282708
995287
255161
390294
858204
464161
829809
876246
170778
206033
742600
355046
580016
595073
343828
344988
338658
145740
240624
281675
345185
565176
893598
130693
687430
543104
237956
153392
609306
370492
261015
257475
643218
830767
228949
993886
656664
687277
533484
101828
41924
689767
466040
559734
724841
762837
428266
875500
21580
419198
632708
929010
96240
133799
296448
951966
851341
522902
419472
66154
145182
709889
712129
46770
462425
683352
535673
384267
257018
695596
345567
200893
747769
770490
884185
98911
467226
262872
297648
99086
940451
403707
659281
720457
454247
437731
316269
177580
645441
213347
464191
559623
545181
222224
393645
653979
625648
747142
871496
932912
233415
935250
511790
976022
983933
556415
654799
658294
884999
595648
602956
952979
199273
364791
788027
103267
146187
349024
659911
57028
521062
870941
433333
981213
149401
453598
549761
342674
801944
418924
795559
139811
733572
570835
552893
606818
930709
634474
975869
411471
860915
130816
652193
755729
912100
899685
762983
575635
199584
988754
116276
157433
579521
70326
63701
364926
829206
509149
759712
575852
232791
699263
537913
606838
325810
556387
610544
929205
708484
627566
948104
733885
811811
202892
703507
949340
463320
775098
14265
587503
629930
746285
194647
756576
847701
299746
207875
448831
323546
927491
933806
91260
226480
447987
60963
396095
929624
329270
617324
381092
457998
201728
430163
250134
2139
876313
419718
619655
318792
875817
708564
337481
827821
628838
392596
420364
794663
655318
605348
962165
579623
480963
760015
495063
361703
719547
436360
704336
964024
509057
679763
643650
48888
846804
226563
152621
379935
121689
905950
987750
377464
104103
887900
632886
642348
715887
417038
983314
85817
983494
889948
472946
68674
905169
702695
893647
298753
50892
828237
373310
644824
670263
605578
432612
962116
303261
350075
140949
160690
14274
490430
228622
873836
102504
281846
645898
942188
845758
100267
197124
512721
122342
477262
956171
975279
841761
33626
978363
365313
182042
406357
716189
336185
250892
611254
534237
186232
598992
2336
828900
835546
958086
990284
613714
984424
345696
109894
118361
258481
890694
334542
429433
323954
591017
204703
922515
8946
357672
284364
17581
815275
245528
218437
179905
214626
920372
370041
860482
869272
346721
661654
870252
927385
415899
818603
46150
141681
55746
139055
109879
807294
493051
570843
801730
666209
476164
269810
300320
540174
775704
861729
112377
182275
584763
508736
905342
470934
148707
44088
396006
984486
102339
470783
192450
687603
599477
511103
17919
411658
519106
731606
31032
790105
128337
434294
573686
328353
184747
404843
878085
227977
787239
19197
516147
437070
779639
224747
541672
693720
718669
304152
131677
169960
918443
601090
308859
508078
731078
577708
828944
415608
645270
984542
383408
975748
629373
969155
352166
210166
812049
964080
434838
266213
105224
507780
381360
755983
399167
708522
409491
438061
857447
169915
308156
680162
638668
14785
58985
790156
265219
355479
777166
282621
508912
669868
202995
462276
364337
222502
30312
610404
605035
247394
431014
343398
366575
33754
184708
511434
59464
125152
16210
943065
474851
1415
293142
27734
191003
654496
427297
626963
132641
637410
61452
727967
100997
455907
177684
883805
483491
751811
714831
141424
295596
56680
67082
770386
542160
977635
317762
422596
561605
690353
952955
420064
406519
245662
572479
541002
752716
998212
888118
811909
9938
720818
302687
64353
128776
125672
49897
797266
983302
889470
187120
44893
209034
652067
673751
1387
530783
338243
35902
411776
400235
20738
980192
136901
763670
236262
538444
840641
816147
688721
214654
144166
545996
911467
614170
502408
410286
43550
111556
317928
937358
800379
934366
68655
144310
457338
51679
93942
456977
36126
56397
104578
417454
381303
625687
7437
320564
9857
875537
199359
224227
397610
428556
191164
614082
349169
322897
220567
834091
455530
598650
614692
864815
492702
296238
293738
996839
34319
240887
209399
956568
343960
965698
650254
212994
892083
3890
9852
524869
364885
128992
140873
557809
214708
82803
766281
618857
674664
370969
756882
560690
299375
14623
654151
396445
523595
18035
38867
832911
904582
76147
535986
133354
709014
792241
956905
183322
377307
984134
561110
513022
617028
485264
601762
460016
919250
750537
379922
730931
730549
622597
268349
76600
717522
451464
189976
496461
592678
501185
617005
543139
123780
204775
637930
281530
284346
421167
959446
513259
977490
711079
203870
199441
564276
669810
816270
894165
743785
945312
340379
692693
38074
661929
46749
620913
498167
937735
582810
498290
412243
525613
267516
882134
186924
86631
841637
83004
139497
592783
753369
567592
371325
957609
831322
50612
181384
638620
665873
273300
921692
83790
442536
68036
693532
718490
803892
562640
317185
555377
381840
277887
530614
571338
973061
865181
137251
227591
113317
439652
957896
873766
179511
333319
505791
313632
224460
220442
458531
288929
817200
6945
792848
912549
306364
546995
105920
665196
376905
339850
6356
746969
155135
626538
301428
644653
804939
805868
169549
846170
744751
74791
217529
81287
823667
843641
739837
723680
512825
952247
969387
996374
324718
501231
725608
108154
623388
243350
768648
340209
686557
578515
393493
391765
179755
342951
322415
187177
185874
710711
240845
649718
694022
606071
923745
745286
532625
972725
430874
762300
496740
374719
648771
687694
87183
27186
47881
661473
765516
47137
225369
97984
468470
354910
783336
457720
249815
459432
118220
38546
910174
543665
790024
618606
316144
838538
276261
507320
246933
892077
680123
421770
572883
80871
783375
805278
56280
42400
794518
566062
687376
806600
69848
945770
871831
408800
108464
36757
24200
220066
743664
449277
270644
102350
497505
579861
3375
692627
953703
590256
833732
734166
357251
539484
194312
35553
113971
611033
44300
831787
12852
258101
223724
244928
754407
327557
830980
598285
524753
439682
328707
742026
49277
114557
557335
829572
473980
886912
862600
188806
914125
655491
399841
532131
185751
704968
130056
233251
281491
61972
669551
699848
819142
294986
196707
771835
883372
911717
337218
854488
324017
92561
63241
814419
965400
872679
761163
851013
169087
659843
400510
165271
35065
280068
441392
850377
434651
970080
873623
298912
384595
541473
319045
998378
529521
399936
852794
251951
216969
255004
352660
345206
258481
590871
128865
994737
932198
228174
551253
784710
225483
844339
533271
19578
498513
239560
506421
142204
311218
777209
40377
289996
717590
482391
994195
25798
123609
130797
658613
380623
807396
724993
173374
40282
149752
6056
280014
810136
348233
219462
940792
874810
856647
765730
185749
216036
531767
476258
726709
412783
672576
403239
175473
925211
783362
976647
395804
409104
135457
463907
975512
16527
263584
815205
565380
198522
425959
317144
741843
674556
132263
594852
742968
446166
333588
403620
829693
751623
729681
454886
411635
896600
921962
621502
936196
14465
453946
309383
22884
357435
7981
583928
511270
474531
148128
980318
735467
60104
910693
225595
7477
492433
819938
685883
297177
3342
478937
227023
964307
387673
896322
523753
347764
236456
576724
715986
717558
282803
857058
414187
608880
914620
809314
425214
134180
971584
535626
569728
9462
525944
121876
898981
563896
10956
290080
268896
919904
781269
753591
364534
601179
970893
304493
212478
356666
611542
249889
327991
135947
526371
442975
671110
342787
919815
896292
549962
46038
869336
186817
862941
476137
558911
822424
777770
765023
793503
509507
509478
44112
489376
285333
687853
142552
905687
154552
665977
427659
883412
107253
687745
439686
515207
293715
305644
74849
646991
70678
228848
801152
135201
916840
850508
305865
604689
917334
212830
51696
941632
907441
895137
730477
409251
39061
197639
813007
683115
352966
433263
592426
141974
352502
96708
392108
260754
30819
548721
405262
152521
453597
825732
135206
600142
932133
887838
936793
669090
798769
682388
482349
438242
284813
381670
834428
104017
510747
2586
836
142910
875707
745332
21724
785746
122437
311187
368961
161016
645299
332267
463119
589033
532572
450266
640139
467603
623067
225385
131997
865957
423118
388770
447067
788345
320442
331529
414208
259231
948556
986360
636475
243074
745722
925850
249508
583866
442952
725700
91849
797869
664551
360235
313639
5346
959480
914566
379700
521060
96302
993473
224281
817743
901457
787418
725053
731962
161182
796700
507325
873857
646732
2358
415224
144301
849961
611064
102790
625218
627811
908585
125064
226470
986723
100743
571994
949161
775828
376028
89381
164469
744642
350905
199250
297747
789277
240978
307225
803671
59868
626293
919095
680874
184894
919848
122430
736562
403179
586143
307974
380128
607353
970071
779521
465877
953932
284498
416493
72178
683285
865967
611362
710395
105659
702693
744011
404902
340566
893084
562225
382534
97239
271464
575795
917967
387270
550754
286610
382405
316708
561573
802921
583750
896239
700834
976313
416368
962116
193505
971874
570672
545310
471701
750318
337512
594300
179674
872520
365756
559265
216269
487690
170426
566133
513160
824500
295139
194633
525944
516792
298650
246712
435165
241841
264744
327593
222878
484660
461610
604080
521479
157375
79448
999444
888096
298831
426610
302251
958315
549262
385353
182370
877689
17512
644391
694361
403561
715774
959580
609003
19454
938868
540326
932939
75868
107813
46588
7946
181983
86774
13879
87541
57240
257736
564765
882458
171622
745287
533260
925995
38636
438623
223424
911356
115444
865295
355649
291495
97632
331157
363116
649167
873160
577801
139355
766017
560501
148934
626868
522230
615993
600771
260491
768117
358057
991679
343605
53589
798457
340699
255338
761632
862322
718017
688661
91604
563538
809346
333436
636227
865664
28094
388551
542490
667498
773436
394543
194302
932285
356698
78276
261458
364672
830494
369626
539093
827726
917802
428945
194153
572270
978830
671808
540974
676368
467640
407358
738253
136487
611974
270092
189521
544989
860476
345890
116847
94519
313233
669141
810214
444999
202596
713121
262081
508232
955148
381017
205306
202841
625357
419624
70649
541721
566054
258115
203578
449499
960454
510125
846540
100934
413023
229222
711861
656332
204052
580273
76019
342405
441996
19585
727069
747175
129512
867647
390056
994596
780433
6970
295558
25569
942314
519980
545321
545614
73701
791077
862886
501414
306801
207447
695732
984901
692305
331325
559123
24737
753672
80616
606025
298662
392305
266407
766215
133682
523371
217170
101995
262634
396784
634611
375519
426487
961031
849362
762782
767777
949328
861212
2647
103046
835709
538031
790378
59574
640864
315333
29711
901614
110942
634554
635990
150320
791939
347259
869256
253691
619440
494669
198189
21420
248175
852919
668327
24753
852263
299662
469628
174310
439402
243739
187569
371406
798124
685866
475025
658735
297359
528562
275853
689482
743705
82204
593469
900917
657415
144818
738821
820631
888891
256549
538259
25472
157072
82874
371908
72930
209358
617299
477414
156784
787257
327958
487896
553682
970372
986428
571790
554370
446115
988792
233457
331334
183102
985409
232547
317194
231809
596798
286176
713113
229200
51853
166912
522360
596440
150641
636824
104671
82689
614998
520257
25109
564479
699649
32688
671335
383304
338072
625988
718980
214880
162187
345055
426616
330832
912158
890987
694467
925045
862613
889150
790422
314676
187707
533144
729001
630475
578318
757193
506939
609667
58954
797936
255399
139201
905744
113502
69792
115196
15155
854488
627721
179529
493216
6971
822515
232915
849063
598138
633460
358
92266
809731
386400
103658
251041
701313
463975
938860
883143
120250
595083
753240
718500
855127
423996
179715
600952
645700
779089
112229
206465
571310
914533
939556
68649
973097
931852
930955
352912
284852
537713
559449
415409
905620
681422
538550
357363
844956
677702
542465
463438
238158
416226
185028
91160
917212
994598
327689
393004
500295
231055
105414
86197
865001
600812
265907
419100
482894
715606
649084
640972
974972
187854
175698
467230
697683
621937
533341
221222
26831
883930
743372
427609
636587
186324
825996
257497
562208
922362
357654
422687
644364
918254
555107
446724
204205
161714
268667
716268
313292
784486
156523
871312
176950
101854
146197
101798
567845
750815
408673
692078
679934
776503
504722
787867
243764
586358
851891
927709
980106
365836
538800
224263
864565
860417
659264
92834
327711
230411
104384
878797
71176
452559
433116
165647
577159
390391
235238
740347
829231
199724
294280
889854
276621
361904
306518
819017
250765
397851
585149
585301
404796
863024
483033
837015
684775
398172
3746
634242
128099
943754
219589
171956
795302
360869
608593
116542
547795
816427
291336
776211
443091
396075
528022
642380
313182
760731
826782
396437
374170
226456
269807
469688
296922
615290
162645
713540
834119
957779
596492
974169
205404
736581
552208
199571
60427
216637
590352
259153
472829
513424
904768
229153
189751
95536
277006
71561
449816
459530
582316
531828
557246
15808
602060
943288
503113
137278
512362
264704
909111
626811
674562
6875
963439
515790
850915
422496
645593
520682
415900
190843
790442
391416
487698
423641
839165
63696
384243
514156
515101
846035
394821
790043
204319
551335
307352
312010
362348
178192
70170
815809
651613
537320
862345
135163
408831
315771
534147
971213
737333
894081
973689
204401
918909
554552
845762
883823
324555
599646
953740
525863
436945
31240
882029
67197
304608
917858
924055
579297
723304
878276
751594
232121
904539
707116
618980
676718
460016
13470
954484
83088
860548
360341
350508
823847
448027
504612
721300
768791
46467
159662
899482
736367
397785
634750
741479
504590
507493
750916
150030
973682
327073
163949
244510
275742
667031
204894
487895
704872
377192
844940
817145
350108
213480
357626
965495
148176
534119
905040
795339
8198
16395
855509
429091
336759
654617
758858
993913
476482
152658
187170
297664
638833
166266
541665
890234
246307
794676
675343
184614
549276
414792
14233
69271
976806
664967
92037
977888
901473
273158
65552
628524
43566
163526
118246
105834
385204
615988
442238
633765
680973
800715
379599
442609
966289
274903
999602
799617
483837
831893
737173
421270
312767
431415
652825
361554
946784
286595
686346
965035
840014
728411
503608
60795
753605
546455
138550
100019
712282
747342
786030
141168
690276
104244
260831
615590
57991
880221
340789
939065
377438
38432
773828
700202
662596
140503
355040
980654
134015
579842
88027
710619
414794
256331
161052
229883
370750
629924
537944
51459
709980
955340
75888
950110
734905
277425
551143
171554
929607
468912
656766
869796
948732
449912
498991
713446
539744
96460
514946
804911
388152
74599
805454
910324
176586
199545
795728
819634
163469
80976
751137
350237
654959
578514
576407
778098
816450
906086
752955
332713
229188
411507
134562
71494
359369
197888
12906
678607
560839
92603
853714
443416
48254
171733
17847
536762
181698
361738
577319
927138
240614
630142
155620
283269
948167
726083
837879
428337
701426
192823
586221
614591
376499
821323
135027
337445
960571
380318
666185
25896
468973
810887
617638
620398
365125
520562
833513
474673
264165
202465
112887
872272
892606
739476
10485
148224
921431
674052
675427
355295
178301
804169
795859
269353
54152
938843
539077
303107
913925
609781
701857
243573
277125
497941
999313
939189
933825
927776
52664
364446
119336
395619
938258
495232
669127
564533
528041
847696
527700
191224
78705
866304
97495
989310
465473
932266
86710
430536
816238
13477
190683
628457
966534
689018
911428
892873
327590
826097
518439
866693
496761
297668
188479
173236
341005
298357
477303
723205
820051
352635
16498
406148
892083
923032
838069
719099
219466
736390
416882
49589
8257
107535
658674
248030
719947
74556
965277
436102
382586
239397
821609
132420
391487
622888
223965
967543
583868
755829
449089
645928
395016
646021
689252
636683
941758
644394
8329
358244
767938
793922
691695
309191
755154
623237
678524
192823
644420
402558
116805
540656
446754
368919
744445
417473
799902
570700
818999
289296
74227
369538
829145
510722
79131
568496
410911
695090
318887
23803
507721
161566
85246
14944
560227
485025
850804
321483
173039
751514
305542
91652
624496
46380
95472
773705
9429
131423
109227
185270
487105
518821
868614
409185
501107
530678
70048
144258
914007
123036
658688
602575
789928
787083
800529
841894
163072
113960
808253
696036
173181
946538
394532
3155
355346
605790
174649
608383
306407
173700
600505
878953
869678
835223
90569
914901
763268
408042
316204
776190
211839
516590
673694
70250
683482
214928
123791
805080
686202
854655
470911
502421
33436
995723
552626
658606
505630
900009
968785
451135
834278
885011
973789
326058
264371
640076
298000
351396
481022
238849
512594
986665
320460
232075
552148
788367
799123
232146
245581
26616
204678
746251
149839
358306
378495
742561
682821
455641
821513
720946
105100
991436
849415
435568
87018
561468
928707
537512
665775
590032
717655
904287
971175
413126
704242
730968
159608
593988
880200
192499
526943
480012
590744
541552
643393
59086
817435
862352
523504
525912
577670
498012
164477
901161
995324
973695
552309
869347
802644
841486
117817
895262
709186
76137
591358
963801
834020
109433
105693
206539
386987
440280
712023
296280
613668
693009
109993
383199
487330
69692
807560
911472
441290
429452
512122
179931
835259
662180
94993
876707
261080
188515
856196
435218
572275
512705
770539
195494
214103
946769
581335
299945
540402
394662
578123
211230
653021
93074
12571
449111
266250
134538
970784
226596
159497
836197
736917
3941
35254
442307
253714
371649
932483
579466
225250
698543
683230
230476
767555
335153
292926
952964
675641
727137
468815
461567
993935
673764
250872
401944
497899
790971
266629
383260
27533
409144
99446
22220
23076
114445
266467
267392
810573
6336
580170
657640
70825
886331
593847
802734
136985
7167
940687
608120
332441
991609
912376
991625
317110
997229
48488
31559
43821
985935
579785
910167
93794
375600
193606
226596
934265
775125
339701
998591
176789
44772
918881
768736
885483
308408
200115
468491
132738
604435
392380
797198
819145
609715
63137
581991
879892
237181
692771
462274
730677
738518
300809
437535
913971
92689
672301
860050
195434
752770
895713
286564
861246
60721
624828
355223
514237
656619
931396
48263
986257
463282
594297
985708
867998
498004
831868
973308
814078
79513
578138
437805
944150
294613
804601
304344
165909
225630
586974
55225
952521
252376
974873
148115
443613
680428
731982
616241
515443
864215
94368
22983
415642
551327
81339
292598
813292
669536
799742
192430
251463
938628
558148
656366
767718
698065
269582
521767
187867
817435
415054
599550
415403
940955
142610
463280
728454
308184
672780
469201
631265
358594
950010
34221
329522
508254
872246
104079
400967
824410
760220
388383
92548
164098
623379
405478
708407
376907
387130
120878
483737
192013
226609
828997
76836
89294
396097
683744
756748
863993
770473
809627
593179
285678
200070
933086
761836
232243
732126
133724
110531
478216
167817
914101
536264
293847
803772
431355
79454
637578
514931
436306
781028
593975
383546
159153
249224
991735
626713
559813
129219
922324
859546
105396
775413
225760
886456
864894
713949
302946
969254
990784
116660
272108
340600
3283
210663
612040
200754
497233
814384
325264
368876
263864
187216
764829
545886
224358
693739
216472
510926
980612
539903
542828
357779
674752
216130
848284
667397
804402
416984
368368
729987
743840
246766
402571
667680
242077
580982
524568
792874
627212
872575
72099
93465
437762
480624
804932
14353
686857
83616
133877
826132
283777
719637
920389
466375
880482
264536
541733
441119
126812
181361
15456
246184
861855
160005
363624
276082
250358
893256
435467
724056
940942
108960
162437
66990
700053
532376
742894
896390
457790
592509
693588
678559
292833
171545
629027
239979
73278
752329
564225
862652
309218
764669
506487
482634
314082
973196
514377
447907
445252
428018
408230
914416
755582
218855
887866
987103
87766
764764
554273
739314
849832
702549
963255
770596
791366
120221
234187
948275
771385
954603
522034
240847
406182
32400
482807
933213
47372
559129
220656
464168
661418
871303
197228
219109
278590
146920
199176
625761
128615
904209
855009
790665
461804
268283
46883
482069
757589
900088
695104
758419
785655
107792
499645
877580
270222
849596
632486
718932
844354
873534
789282
133491
886284
864923
711201
877035
535090
571254
651825
962662
423598
607115
76848
889214
511277
218564
634012
540008
388531
942971
390278
29182
417371
69901
485030
107303
644540
814423
710855
703909
435112
954448
296547
747514
139470
255811
781449
925816
369727
884327
746490
955364
136269
413020
252116
466822
997264
514309
961190
986000
499074
884732
900322
122152
732298
217654
897392
40404
869846
91829
655775
691201
342561
368484
372854
237488
728788
459218
362089
37438
264840
667278
177575
622478
417962
152411
280464
566485
245496
358672
986052
699329
292392
558543
224599
890055
293031
871455
991904
777992
463422
507369
859569
956703
785105
845836
881569
306633
519618
135453
35012
705713
200434
759166
698812
927064
641576
100057
903081
520286
218378
950522
326524
799471
858055
754375
944553
420493
549335
473628
301499
395893
410394
35463
764609
346545
123677
976669
521318
214650
31804
398711
495966
468871
748705
754188
642108
842294
571306
681132
544417
225302
789289
170199
543440
55311
41541
348792
435292
103982
686781
327169
890242
981841
778189
286180
452051
261611
751593
481771
191690
537973
648038
724980
279932
902194
275768
610189
439021
151901
340950
275688
377726
79408
396026
808571
639236
75603
688580
521079
121973
539168
551614
22370
872700
343759
461434
419155
619628
205571
881624
577289
511312
98544
617060
202729
467617
64039
894300
717843
860881
145471
48015
124960
872580
351522
847904
564857
416414
735089
613738
215767
555511
82453
648381
522066
548651
352995
864519
252264
68943
318123
4815
881037
550270
351965
201050
188329
213009
489881
556080
532083
712493
401362
378424
499560
402677
277149
806336
267623
921248
251036
460185
299052
729318
914689
115679
902055
771093
827841
198231
52152
967360
759192
599345
994634
2326
944178
3372
402377
670288
861757
280984
664193
662724
948105
494199
256916
982807
784600
739197
766424
976208
848264
414519
641483
149959
621466
807368
619315
158524
764574
681358
166679
364675
176445
60194
561811
767709
727522
22270
979804
709091
258438
623994
52497
273947
127896
500783
693305
935277
684869
195836
46623
732207
852585
681959
959943
697885
290450
351899
631628
278884
363500
840015
724759
640989
154575
911560
453502
41111
527074
983029
928183
676301
793578
180535
208183
906743
675059
13828
399595
267260
106649
941409
80274
80644
241907
300236
422389
594924
253149
898876
463236
841299
49697
228288
857999
503697
518978
592900
625309
97672
235556
683507
23468
364434
638363
460662
245382
986970
660110
501850
829821
10310
427719
895503
351107
379602
43995
811980
659048
292664
212913
712912
89200
343115
354160
312004
309840
333924
784713
756669
389189
231347
658526
265309
81234
444791
399437
736152
280724
599048
616094
597524
906179
590929
320645
544554
115591
458076
839059
243082
438260
49350
500991
971067
765796
626641
44365
643007
148272
951256
943513
492500
422923
809501
851650
14679
763450
656254
593910
223748
584436
827143
432405
668504
787794
457633
974724
60439
305394
287207
559953
423210
265134
100633
398718
989344
294068
505641
376876
327381
866050
407795
781606
30384
226497
545290
77446
409158
179003
622381
767047
790364
806585
684185
947241
454985
159549
961080
334139
474618
296728
642103
299080
612304
193898
911285
424224
620068
65908
268823
984898
235114
68123
586040
182755
984755
316284
435326
770461
988300
52454
711560
805175
896324
347320
76227
471053
450443
848216
105180
479644
976694
673933
299856
60076
403807
46714
308190
652570
78314
608696
187678
338817
405602
62926
407852
864005
495809
382480
169852
572859
143118
202897
41809
440312
322209
606022
387337
328757
218306
762424
616656
26460
784880
859941
711797
483505
613757
297140
145241
680288
906518
43284
999427
907103
390817
8176
265489
96639
460799
569872
18890
476565
991217
9295
175822
786495
257622
309045
165230
332949
615314
225329
754776
312878
173579
937204
859115
870156
315789
876396
13033
427109
819086
778907
845258
439247
630795
509588
96429
474311
597136
303634
543722
68509
39831
284021
797123
198656
951560
879898
329336
21154
918111
729237
504953
925191
105580
590222
386486
407279
280243
226037
415059
778334
397747
801315
150967
818245
315844
225038
745668
51918
726297
369257
235297
235273
934566
132886
239986
744942
724699
273545
643113
431630
242062
403066
512502
111451
374198
369350
598938
12560
788115
208035
857881
417214
470700
779582
544654
584181
862832
954355
291928
498955
209662
275880
43378
519884
577792
92551
869665
707262
281650
402198
996230
421199
477761
32564
982035
982493
62606
559858
573210
962786
685585
163147
153089
948923
826138
471810
135058
190867
231027
218199
922991
238064
186914
488229
832611
970714
267339
385243
316371
989603
679473
25236
147219
70680
36125
309718
120789
634498
349591
823204
746812
172953
297041
22912
437006
959814
256740
211137
376008
639251
433778
322572
62348
114418
129898
589106
245686
256999
655785
483558
624972
972818
981694
197913
177875
854365
496710
504116
162046
575166
632502
607089
654274
612905
193143
439127
983941
622998
356780
625232
258804
7402
889743
428776
561332
821381
871993
81572
944368
498471
860864
112701
258449
630015
535866
700536
310028
126034
646368
977955
30612
6020
676494
549741
461233
54279
719271
32355
220841
337309
650198
370691
672474
4427
969967
625343
338793
184028
149171
219791
290325
74190
331059
693619
49765
284638
453003
542788
179328
303595
937488
90294
359451
990089
819332
881901
841932
373221
411718
76152
19134
461648
954951
199022
993853
544874
900854
940003
791921
453676
231038
512263
338408
629137
280549
805340
294924
563746
775957
415827
307892
370269
238456
461314
893653
377601
849660
241283
491033
118009
756022
849387
769736
468258
143714
874021
812835
190459
797577
869995
883536
976616
801915
221024
465966
961891
559228
826573
572426
961280
718843
801271
1259
558042
650877
76761
82056
715167
587993
517444
175066
246902
185884
38735
55372
256776
42764
649660
567310
514162
602442
434152
967816
135493
30033
500526
20268
691832
895835
858138
56740
47467
275298
897157
575019
314968
488195
752402
23479
363928
265087
592771
221972
581840
424220
547641
851340
919926
825321
984902
149762
200835
153694
677936
645343
272439
533921
81541
798179
774724
739685
661142
41821
484440
734253
782545
358582
101898
837423
20415
601184
930067
466710
615691
916027
810074
551676
578319
88224
994012
171865
939909
717347
159274
118487
36440
630130
373394
594745
609370
346875
377408
6805
122169
459067
113601
882735
159441
309540
929443
859444
564123
447338
557817
603152
626946
419115
640635
476716
912534
824441
341450
462535
423449
202885
784656
322480
985719
274601
421382
922973
442836
319569
197327
911211
773245
20103
83138
254899
988224
37659
863493
264837
279255
443627
571668
883076
369215
16404
728033
59998
251751
482613
48982
527078
655108
896093
596598
874959
684929
454225
825761
160455
331412
883835
647094
830765
949164
447025
641874
494449
113414
609057
271031
113479
627679
220567
810633
878472
87108
745515
905841
46565
4037
698570
730852
763528
693320
749663
317182
768393
259705
973149
433800
149769
401375
249132
953433
357039
818122
294253
513560
559933
24040
782188
882847
614094
891960
435425
166651
215150
173718
538019
619536
772374
146804
861354
616538
553538
591785
130815
188494
993393
807331
898
692126
593081
554617
776023
18780
61636
96859
630575
551286
865834
656619
313006
421087
404973
851876
533118
764495
256843
567544
429488
244640
448196
928761
618058
162137
951272
813613
225585
213000
386139
300292
412788
443912
290153
754149
375474
465571
265600
170020
888554
958416
966862
530064
182749
943581
106360
839466
941538
360744
910899
845680
259910
710855
428291
972950
441309
381703
736590
38806
12650
200786
612060
973535
468390
881450
466990
40297
236721
955538
664504
448808
941842
133067
771771
210270
109548
29435
232835
730443
959488
703659
206202
147520
253465
50087
49064
424594
713816
25864
770568
106921
293788
914510
667848
741048
700685
814183
2332
633863
887174
656653
878079
874283
308829
714443
348679
584536
922192
900575
462243
737741
693517
661179
607156
343789
572317
152358
34246
598126
908271
414976
944234
705898
137277
152034
159985
252755
528797
994019
71815
286340
31846
985080
986345
78194
2429
670963
63684
949313
956091
868204
780972
396147
654652
342525
838261
3387
847879
380198
404658
603632
153493
864849
298824
261469
567232
443121
846893
275061
48713
468675
591875
651683
822918
396663
990283
8576
604326
270120
958151
104030
474915
231557
18481
479873
371331
824404
222737
121901
555274
619853
470847
988827
59455
505378
321013
572741
698585
683806
990288
228064
96646
828779
852387
937834
745305
133294
128184
343705
338190
475661
975652
29299
114426
17936
611014
209340
178580
67045
499036
164297
979737
962046
395713
360435
379489
789845
246151
99303
281532
835791
773933
752091
555784
450302
759741
645211
63187
822593
181957
436225
628967
742854
329455
669315
770230
175024
499839
194662
23395
918483
889769
836561
509867
401308
356365
21116
316910
462542
183632
576263
626206
563495
629720
208871
288515
794273
621476
486843
366184
646932
737221
463869
399525
855545
817788
331348
56778
539081
62450
799173
511781
79747
491918
720586
875633
230285
530678
585787
832347
118962
348390
731753
322353
517898
729254
113930
442858
636407
508651
395470
94732
947531
753484
77648
918782
932359
214239
607656
759338
320831
210992
723293
357518
936281
239581
539896
909472
805428
977425
613491
13724
289701
754779
783312
437355
459932
219242
503623
351665
223205
741543
810391
812275
685322
218927
805694
34340
605526
605932
12612
275467
916277
621775
943025
138002
284856
89900
903070
670380
138484
792049
767721
446948
535178
892676
134850
574655
30657
655097
749730
191566
5134
436717
51292
744082
402294
566210
987276
760395
16010
323190
44139
500383
555345
517538
450565
451812
730500
43149
612609
574730
892083
959787
828767
165608
194885
218805
303425
214305
491804
858214
276000
430898
878039
144719
742879
775452
719473
238295
847996
864616
654215
882387
509411
898076
471670
162558
767773
383352
756898
255189
967845
439149
455828
164306
979803
601371
532987
499458
46610
659205
14995
709829
754948
906580
707299
516450
620837
134788
688224
368132
268692
261231
311343
938517
274862
369140
812104
328758
425277
820164
270582
369624
149646
432009
204475
810042
748768
597043
22096
746431
203320
67232
875913
466667
690258
239014
105495
707322
806834
987008
547368
706461
48344
919444
745513
701906
280465
271645
583723
23710
469162
659066
884003
589482
50112
35090
771212
836536
289395
903970
219623
226368
284281
121764
811618
660331
995790
294173
976471
162923
235913
711812
627947
761589
926090
127114
360407
979100
978320
369546
307843
771403
64103
832271
286862
935903
249470
946556
306794
393631
834391
356572
4325
292249
710551
435271
250114
289562
443837
81837
665734
109769
461744
772162
951246
991072
646320
720710
376669
677896
551855
352368
293300
991377
705849
124214
578330
762699
823501
281532
531771
825027
938704
851350
85293
157469
867095
911420
670349
759755
77282
217353
8072
140135
254505
489647
523510
336179
135694
88764
270560
354794
461233
249729
551330
963330
432034
4580
916460
425217
527089
524676
127394
316473
25762
650180
903844
426658
804413
356599
932584
984530
138177
237798
465154
854811
740152
606272
356613
193793
337702
788767
254404
677526
900187
482547
813361
86324
93288
604877
644839
656023
63022
551434
886915
564885
11218
906330
611629
798010
624396
213484
59317
365380
731295
448952
127640
18167
332323
720424
701793
410974
191870
904868
122412
675296
62705
874488
804870
978171
688078
227556
540208
192991
275976
884929
820034
530345
360483
31115
121517
326138
710474
413199
150105
933364
134911
273842
774573
418321
656557
443867
878508
102495
688729
404542
491132
158812
190327
587526
909571
902122
823257
31390
700842
597871
562562
217757
403267
725387
838233
865036
169287
889143
511161
284116
681528
107255
461029
517641
895397
755963
299865
498317
479884
876568
585787
399586
85145
477086
76464
697616
834957
229973
172940
282095
72250
294553
657505
38610
397931
521743
881016
526032
997152
797955
749662
775472
457398
38880
184853
166832
703845
74762
552620
983986
140580
661532
682921
824324
737511
574841
351330
661770
570056
552593
964971
197451
450116
248754
988713
7444
683228
27080
956165
193036
917275
544499
56061
57750
460471
731523
736276
621084
49041
867603
459433
136767
1367
711807
791462
436376
533577
190467
60367
392553
697368
343217
80186
841317
735018
449166
571998
468184
755067
142730
412995
566644
176989
659419
607321
986938
256288
843637
927909
877633
31052
175336
346006
741030
63179
280213
328118
398161
185892
34446
670460
740319
225954
784522
761022
808369
697107
579073
507395
226321
272684
380714
287606
199676
24138
806735
837047
76368
912979
912777
896076
279187
317435
361374
720373
998365
910819
18611
439069
566500
938011
493871
402348
517474
680584
730223
285754
696101
443489
842271
269853
431346
623827
57979
730787
955799
204933
922658
375067
619852
924149
519572
361998
181637
615169
846088
584715
84631
522370
979501
912416
944708
928339
866491
794597
610341
162991
732340
219378
47411
395576
979452
863152
273137
152212
348050
258701
17914
694642
74986
187593
485922
745835
519081
504046
21772
105219
582460
637916
162952
415566
862293
489986
744678
755823
120836
855401
436828
283644
686638
760938
498703
903741
733228
735488
750465
854484
899202
692088
442840
631862
399354
561669
932551
623959
244892
84784
501019
868964
458829
921388
52324
814442
442306
516551
160510
767316
120479
700669
557115
934801
158192
183847
914927
502740
562114
845713
188055
804853
604383
820136
134950
230901
337829
544914
223790
617631
649794
123672
718247
662793
410190
322942
966624
734714
564549
86516
817535
997733
472480
427109
179190
515860
710670
209132
795524
255392
613844
720166
956581
16540
323198
14498
496920
315986
241793
942133
201483
141861
484591
955371
91556
913494
71061
974872
163950
56737
967412
331788
769374
733767
290906
504292
817410
549031
46557
86141
503813
187974
914932
562052
392161
932782
173874
273641
564833
317234
924320
218162
142546
928143
995253
801004
556166
930989
391604
157244
960708
451781
703843
919699
882959
377566
617251
689152
231441
616496
922161
638879
963492
846569
107000
351407
853374
518157
973520
766401
656886
823032
191319
310413
636727
988095
560106
659615
453184
374581
638721
997294
459797
426697
745252
12237
608069
221389
141454
688379
583641
687889
586141
405333
80470
977838
726386
95723
494127
881375
84843
2095
604555
725001
995130
92937
586414
740251
296290
196232
661766
420176
131470
575924
676245
672849
731982
984383
618485
234808
194286
277850
523981
998192
541877
807843
50063
748984
252535
358587
337579
982022
894807
336310
981011
435720
893917
70316
488556
492741
704368
597292
873102
181026
779696
510160
507768
369921
488242
250924
33875
213828
622105
653600
715425
54319
539021
998221
102082
673900
797787
135204
320611
483239
346921
619610
362947
986458
453652
206712
158755
991011
863976
291854
238602
894864
167675
426376
841138
88317
199974
107096
349779
328085
671329
592659
966729
290228
117818
54040
451428
627565
664050
973226
737484
524839
72756
181919
687759
361186
472243
664626
221129
550360
405983
156531
610863
233726
695683
745949
797816
966569
95550
873928
882920
160782
467868
172469
387449
367074
898960
464135
137513
304992
377360
342353
817563
805865
413581
959818
611434
259653
244366
64349
589393
573639
780968
167965
28016
478287
233884
525206
919164
454633
116429
926591
120838
564947
473564
522187
339686
605532
779042
965278
879876
128168
654729
863709
924226
456784
688391
573982
380041
482278
1272
38655
328175
137430
689751
924562
568834
847592
579418
993334
490932
946657
443495
641921
521443
45129
923126
714329
222723
63176
2372
151714
11946
303210
430640
206225
535031
770178
868407
386015
701920
260458
38471
537114
792983
225000
293889
132117
640537
595180
229584
308096
487187
397878
980641
196242
53361
471764
467006
786402
923588
711305
589323
952214
980046
972681
135963
875506
843053
270113
432559
54482
395106
725044
371213
262131
248510
184352
202682
122219
349928
744256
441876
813305
973645
380042
275790
635191
964196
837335
984072
673964
100509
354947
59274
781886
535013
583530
232733
186052
172184
574611
145798
586682
643012
385641
725024
952718
380054
996580
109333
621975
274532
269127
289976
579493
130454
604610
817410
22771
609713
247095
378216
535289
681346
554202
189973
692318
456355
88561
903241
609611
399149
596795
952973
471387
254266
682669
988626
218222
538005
351063
269030
621917
153537
719461
261330
93511
381539
335426
833874
764298
412812
500631
446641
856654
547751
805105
940673
196475
419964
625153
413236
790538
771230
88189
475419
660153
628919
935779
903800
703448
588014
367453
109825
109697
789426
872576
79604
2405
528934
883630
468305
943169
210473
973404
84921
916527
663232
238190
862625
961112
365667
413054
825651
486343
730721
487996
459585
662297
401776
626671
897510
999953
912469
189914
201787
189384
542380
828538
937907
587969
993685
861227
907220
896922
952507
89129
858066
63071
256130
641972
869578
239353
688205
194830
741272
44420
618729
81822
344725
102910
53721
947447
85552
110746
501310
809906
358952
295477
198883
649655
989603
459104
94435
131355
917358
356187
337335
895907
646738
383267
413792
356967
364815
785251
666413
797266
422648
32902
385706
564486
364394
263724
716517
3484
804010
341050
710494
146761
99546
629004
47562
410076
282584
196870
916228
902755
787252
724808
348625
462126
822987
250751
764366
43691
630084
795928
428408
235440
461287
727824
632280
781464
701589
185127
233033
125252
443048
742452
142503
840451
657256
721041
34902
724364
787622
897206
798764
135400
324153
922851
278012
376109
919378
36343
667904
33764
283646
15582
605922
617612
311737
205352
303975
521592
694057
103860
90808
605715
324862
819595
678159
982020
481571
316425
840763
431468
197217
182709
251343
541260
543121
985266
550573
803908
278588
860815
815210
227958
418449
318009
910174
363849
368961
584656
520011
390282
125947
648086
578344
546668
785855
51908
48713
810928
740129
737719
517420
914272
491484
948551
585378
281781
58641
641657
520023
945176
876251
157514
950465
675461
678607
836523
560417
839948
428949
483405
703161
152242
987869
786386
749323
261492
819329
448931
206409
29931
244726
634783
466654
319819
405357
290032
522647
71173
684748
135354
713840
916365
444420
884781
66999
896309
728590
735930
52255
854136
758023
401891
843684
416340
356006
919658
191317
205070
504150
986091
137219
86873
510132
829062
111172
898769
760935
455716
133026
541462
572667
335529
515654
382730
358908
563330
205163
78946
466474
262284
954610
316461
319765
417152
528340
903144
857764
987963
911071
928531
172193
922987
877790
589426
765487
256915
565655
472221
670678
618684
144494
696772
929663
962105
513319
872067
220539
905045
712841
624862
143485
859803
589853
368793
476136
567169
903894
685367
455427
198193
554506
867085
333834
409269
162206
623873
353438
633343
323649
611236
878044
557267
811791
504234
719946
786130
660309
841346
341742
410468
9076
901014
441721
251072
233310
117601
591200
458331
183870
887719
583820
267307
456244
51094
195047
24470
301630
718391
800855
869884
230258
630161
778056
960158
524455
57882
705505
118377
869428
202203
62744
345955
941264
271263
33633
601713
207321
109527
787585
312322
568304
681997
728706
118620
278209
159363
43071
139265
644832
400744
673887
421437
260239
997686
47070
658895
902556
538987
850311
598577
82023
707873
238526
243078
41729
801932
156793
940704
955057
475472
273359
614251
685264
76221
407913
693305
578772
787816
738389
708138
301737
504423
793081
446391
323899
638568
34212
152540
389969
418478
735232
823392
758227
890665
131428
525442
632748
880626
176198
473345
207946
648672
339213
583880
671042
392585
378885
523637
575185
270489
892652
353093
564093
635272
577129
699101
19099
754683
359708
333559
609769
649337
764752
976807
601755
361992
695373
775625
932915
224292
275723
328650
404873
466011
117313
784399
72682
671688
502043
401605
364317
511977
178313
794886
231105
996383
739508
891237
120402
383875
916875
993238
961930
329119
835004
361405
391908
289104
640703
442577
553851
181878
595404
97453
39569
910741
621613
381619
27245
319691
910573
531869
703260
540462
35056
210081
549143
313089
628892
34880
834629
438419
771765
273580
819607
607157
793607
219476
501073
332502
406972
91021
351081
524349
79629
223198
325192
107617
98901
769640
525037
67304
385090
780080
862705
621243
442532
353867
56421
730690
242600
221797
760855
415873
982814
284269
33140
290830
393525
618529
617543
563822
883657
156721
116191
980236
771155
346963
303439
475797
79551
134370
589839
302515
583771
307443
974784
123555
442731
255863
492685
165109
432857
417158
518701
589536
220041
731534
548996
631103
358859
692055
121129
7916
555178
596594
852099
291255
168865
308926
689100
585092
320749
932566
673912
518910
830206
529562
970030
431547
924871
67225
293749
109934
269749
722136
277290
871299
598588
613953
820077
676315
238988
748459
82332
550948
426530
273602
595255
398995
260283
169491
642787
300801
900388
504951
100810
333984
854830
748953
557855
92184
94525
62501
438463
576258
662399
69198
821683
735872
403001
511932
298258
34166
694780
800657
528771
570794
438647
622039
49889
249780
970662
534023
893559
50145
752488
245112
526762
41258
643119
209955
730742
556364
688913
661967
978641
358084
620475
935325
487275
202921
287492
460466
750999
522085
991391
160060
720707
900753
919083
433123
220131
246957
254117
151950
724333
344569
738813
164111
97021
183346
73862
794604
762904
542508
294662
223179
470477
914184
643117
586041
795191
429651
399651
768407
692896
258492
119354
156897
340992
933807
751363
117212
690659
288658
248508
499356
274472
5403
809191
76271
973605
756940
860405
591850
961576
640524
91617
951118
409049
673635
911706
592085
243067
877650
234840
649951
59537
707853
573200
88436
79645
707350
63298
20917
166851
903927
425200
54180
286925
63644
698025
853644
721544
373322
118467
820303
102091
440128
84646
766858
858647
794281
60997
138535
993050
541114
708392
639102
578062
617582
111205
809896
649214
997660
503150
122723
16297
72433
384323
587611
590783
428496
447880
79643
1096
599875
335025
329999
328164
932252
761497
40117
275501
24748
270450
410336
100729
847455
245911
300009
314619
974131
852542
873394
678409
943891
649225
881624
4408
44436
161275
631733
28387
746379
345352
771342
987659
126280
382021
170272
219608
951156
755006
829378
722558
986690
803110
868407
92219
488469
673129
334738
467580
687406
257438
152966
618271
230864
941912
13321
162195
909747
80604
512421
248668
414240
422380
304731
359283
857007
61954
638516
710794
307867
931352
240613
211245
913407
544548
667550
794756
505648
640226
954223
304949
425206
477449
141527
10278
219623
330911
804971
331808
716002
219240
944032
265167
848741
467962
539445
332006
599564
600172
911423
791007
95143
548076
908050
435296
4918
956656
768713
286521
822403
747589
64883
863882
241372
588739
930138
119810
218540
830434
873841
262466
106998
384421
803801
494752
491501
605300
179152
681031
228082
603655
222519
506491
585642
707326
273406
180602
559547
384335
356590
165374
448676
402263
816530
310751
223158
646417
891907
127766
87731
338660
497231
449565
321026
700950
435333
561009
972107
281247
782368
104057
540789
130008
491342
228033
301626
944274
241883
512671
336419
391491
369791
583990
197861
146908
351488
965209
899608
752694
401029
589447
598480
495978
968057
524180
29402
680447
582744
996585
523541
50110
459865
308834
527402
641186
146104
285653
775977
627116
152991
254579
276225
31698
434480
407686
76124
850263
111218
181018
832661
782582
452693
967928
544215
578552
841827
353037
985939
481701
952006
775594
522653
991767
804272
959205
297700
551082
299883
770716
321228
557647
291645
209817
674922
500992
328823
654993
184027
853774
147930
178311
871169
672470
572839
918350
188251
979730
307394
172523
680128
522187
272130
228633
348472
87660
957208
90661
969079
625138
603929
286906
653431
187200
583273
224695
977329
725327
785478
224444
192439
12419
59118
896132
554929
497048
825006
646700
430386
988411
30857
563986
703158
927861
598017
336921
914618
198402
974020
57352
215288
137344
585334
901330
491326
680323
894615
283056
441898
977349
439377
740586
494276
560891
959777
149238
763384
429250
74335
84919
244846
311864
443371
750502
117640
752360
80438
278222
839671
31965
711594
112113
225083
166679
498295
397320
814133
142876
485820
702184
876330
780645
178958
784320
832406
521145
44839
935999
448938
553944
832302
42386
902501
509965
149278
414795
23818
518119
494038
31773
422467
197121
628221
616068
903826
749052
241488
309122
905328
17998
35530
779267
277060
908724
930095
209762
87041
902595
738356
17860
647644
113692
227790
239138
431721
304702
196373
773221
227601
108662
585301
38762
320754
633009
8434
168677
870547
783154
370805
840033
407874
293662
333623
440933
55949
671477
974312
747315
88345
829211
785724
35434
607202
575572
755124
315467
477967
637583
48261
138200
974257
368345
407462
568984
805848
254770
714363
981816
861458
46525
498329
464332
518273
361744
677750
474162
268952
747308
699694
856791
104882
139142
161588
125075
577870
64644
632083
141488
689451
184067
288032
318472
365692
667733
893631
175756
433225
491656
263950
690657
732706
161761
368433
896292
453696
74216
774011
662158
104953
400861
369717
834035
259167
264072
273615
810469
851511
716590
255008
750261
665041
99551
154844
376985
876104
111021
253329
628073
223704
8503
435677
892228
33111
607523
418224
841104
959826
98026
825082
50654
252677
148300
357489
585835
717174
679205
400192
590914
430830
880664
943759
472767
977301
156967
779115
422831
936745
676389
385235
676308
227867
221570
298270
55365
78022
163334
367948
949361
960972
983449
253287
151876
364239
324542
816149
141986
837641
534880
652925
739216
815945
176389
202004
598322
463435
763103
152515
48239
651762
612865
917111
164336
150116
579503
668804
256456
658562
431886
877494
782382
414403
236794
94774
180837
815020
679798
331030
515516
866414
956926
525881
279921
133723
982329
783714
14833
951110
719371
443735
414075
713975
188358
294641
40610
290568
704064
512131
737521
219296
762431
167461
301225
306953
499025
446876
327397
723695
779961
589735
587487
917623
12291
485993
628107
769977
647801
340398
596513
88668
443054
467291
529464
837261
661495
562871
650254
611995
714234
801424
257380
89523
284382
320779
399238
725043
565218
37516
995240
203180
952650
517630
438060
270969
761651
601151
572033
795382
332872
711019
702245
479391
933005
465412
565450
258055
186393
131131
475159
640946
893728
836381
846917
895567
825646
418077
56426
165077
830064
44026
625683
289976
135213
816781
767561
21256
42706
340273
785526
25063
956842
923470
486818
214501
130412
690116
395478
564154
908526
746929
187809
846751
90936
957152
292024
346825
424819
935374
824760
949955
901249
452250
939336
202534
588518
133832
116634
11320
824099
345649
618832
708383
709603
904139
93883
481280
605775
585809
686270
912761
993532
486031
505937
50934
945924
232268
20642
202804
277170
491859
680597
238800
926295
17888
278956
310731
192569
951460
274498
182621
388139
795509
680818
48626
318648
153750
439765
86277
575545
902878
280935
477720
298054
886087
524427
732749
333513
58645
815589
228388
758126
212832
175333
822674
603638
931648
919204
787194
542507
272277
2662
725579
404270
386032
372607
673013
297196
876578
166419
184456
277679
509919
1654
482220
587985
678221
782642
234295
666123
833711
767974
748334
233387
704361
658827
349980
521636
602991
412178
616904
495615
477262
332265
516757
864048
289111
441501
514363
366211
461476
283354
374366
676853
842632
809997
362568
784287
629463
358058
156104
896333
310670
154505
673638
757229
865121
677164
468673
18275
500512
448923
706887
813050
362181
307696
453905
619444
794972
486319
224857
53762
932623
978701
835736
561295
312973
968594
517440
821622
917719
499096
874323
895573
222119
588083
708895
328505
957117
763307
365462
499641
274439
658596
354190
958238
577451
271135
594193
553727
381493
286809
256162
919212
752088
86545
578381
871169
838627
880551
769961
985498
166657
94944
346478
950757
521388
994182
482477
936722
578992
885740
123696
730023
321304
87119
879342
120817
500727
978905
641259
322965
17428
764351
282346
693125
592115
272457
635408
334
652860
28338
735383
443981
594891
972005
71531
284226
859539
991335
341348
41917
185647
904468
125409
97140
114375
482690
69053
913590
192795
454978
235441
24442
343279
734021
543878
885393
975571
744474
720565
813307
365518
172181
548765
676181
243302
994636
854879
560815
778191
417531
552346
968508
223022
5127
657598
783587
139784
777120
268047
262322
204428
996415
141880
657714
635129
738895
148873
727317
337069
394856
607887
119244
337100
517110
14607
578933
734921
221432
662238
418226
7188
456932
749856
412821
227424
303976
628059
495159
434896
472140
796471
1256
917501
530419
143700
28928
646118
224769
262728
869332
50357
754710
811956
410181
722218
721271
567425
150130
276454
87822
213052
148045
608918
781704
757260
864587
925562
881948
1804
644469
732369
58028
49161
563356
416931
606980
996569
127657
132779
764415
287702
157970
261918
575624
441398
990889
342492
774782
72520
39566
610610
389489
375373
236549
547594
745097
138417
44002
44400
956871
183525
862497
853633
500706
855066
990738
733362
612307
924827
332529
873466
654957
930887
619412
723549
544291
451114
340285
261526
785262
568504
487119
661025
95878
136741
539806
850466
334925
24804
932639
409141
550155
898617
710719
93587
146708
132989
523471
616669
363142
728046
23964
855305
15727
164016
907805
529254
173195
67749
544325
123917
248362
300964
481273
258790
546288
409240
482076
30484
465719
868920
74629
849150
644495
307678
623058
305659
245669
643975
443158
745625
692929
10918
156525
404170
775593
686117
541937
236652
504163
64825
313285
843508
28760
665184
723214
496182
90516
894202
241346
68179
482218
407937
667928
359295
32245
619559
48415
592557
407033
138122
494891
501082
582375
409111
656618
999539
226175
761656
639380
860004
210000
178427
456065
375806
375195
538113
7508
31172
366806
846494
958165
785811
197772
906452
409501
69227
589409
134119
273962
730078
576179
212509
178450
626259
667421
454804
296149
548727
399125
12479
857227
927618
639797
52415
782268
872353
711383
355866
277518
764422
704217
349402
578777
682632
78655
354756
483415
49847
593144
489203
547127
516736
140985
752850
552464
352441
742534
536307
489651
862347
976591
134286
444761
731001
295031
611608
650619
82769
977327
260351
97409
303533
129601
972736
41682
744166
381545
717286
982730
731479
693790
631648
394697
438217
845230
864253
777000
575296
452103
464646
338439
40097
91154
501496
822850
187454
765689
997212
559618
458880
615689
860613
864303
316144
15347
490598
262019
614498
953261
718349
310778
388158
283254
279936
528038
388460
897846
320306
914399
980251
584707
3426
278103
574127
175296
762065
471499
992517
450016
93726
417237
55587
755720
612351
404318
219329
717267
949662
812210
291630
81775
325198
212460
135521
66980
209000
723408
25693
987125
435846
788663
571327
268063
620123
489381
911783
634942
320686
213302
255041
897807
970929
722039
650159
944144
328514
759698
208789
467716
797117
916769
218560
976786
572155
588707
896691
966861
26668
608524
766864
425359
974413
652150
796192
250494
716997
330614
637823
56176
230178
837769
971175
322859
433707
201326
207319
106309
791713
974285
689759
324266
875479
823252
348363
203452
82091
522723
528938
874901
190496
940573
900666
616680
577497
943519
41969
50373
567092
17229
697770
883195
134785
219656
948266
804375
970590
968252
464655
570635
981360
939285
982292
595626
960704
258449
604995
811088
59760
638448
401976
607007
163416
470345
338957
269796
97665
787575
145511
741143
213500
871856
789788
982273
909088
32885
214848
173880
940959
946661
380171
774278
886276
819117
428264
682856
716236
875162
899868
480434
466142
572687
555281
707536
162599
970770
552191
384871
937110
651776
888886
924441
975601
886881
117834
644264
479634
220118
717019
525682
30146
749487
281919
130202
997425
53913
289103
619847
59535
333301
896971
267782
501129
877571
823402
35723
112547
596861
496067
501653
35374
711936
476625
665839
114791
177765
927782
152978
891244
992495
435503
412840
910491
694044
814368
444651
418825
327646
627004
127212
108060
691684
948226
400368
463430
454929
605687
137461
707742
475470
303949
721746
51805
923643
383725
873404
525425
912320
470246
661284
876161
454210
83441
732094
817470
434418
619552
45085
462370
276415
846051
430842
472329
114027
744695
217684
369768
970043
604012
980721
646830
299400
584977
475778
393397
155699
414333
89828
487141
581686
648253
149443
380454
339029
995925
810649
782719
599923
749557
589332
24336
547904
765882
463062
546664
336592
687069
33238
820484
764615
74108
829156
492709
445681
324419
64713
339277
676462
451319
956300
573205
198218
575263
207505
397038
986091
534863
18397
134962
181475
846482
356277
478502
633702
871603
442915
794191
868245
841192
305754
787949
781816
692060
126513
220504
65483
840663
429707
43254
251247
351117
442776
38487
416833
399808
383604
919469
715080
979922
778221
337707
825928
151851
864930
736504
503731
96258
289990
931408
599359
227340
632708
69624
474195
418047
937469
293340
18331
89730
794221
731142
363707
307443
782699
461565
485151
491412
938063
587896
120561
156819
970926
127549
845604
152692
491392
857499
111661
295901
868323
590656
12306
694526
536952
696632
756379
844442
882923
105859
941476
346551
403857
579921
760852
647710
625066
702940
731560
893135
967173
488482
183913
100741
352707
243966
266620
57057
250675
341410
637016
126390
161949
496627
800786
579504
690138
974273
809812
704673
795232
792034
679916
717418
687516
922474
540288
549250
439992
313608
816672
619046
161724
743104
722676
686045
720080
623232
559700
4327
838048
520546
598262
358082
247832
506301
254274
950808
798415
510760
644866
768328
122624
949772
171701
643663
581682
134181
495683
900819
207034
96213
489994
832780
837079
23589
370070
447695
185467
798297
762608
72248
606313
20334
768013
396020
651385
646578
855079
88425
924921
394240
867818
929730
184366
827927
890116
138394
177912
779671
200671
953092
709843
698327
208107
707509
499897
601509
761108
565199
749285
566555
448595
953354
318963
416538
828384
688961
532068
211558
705925
810135
638077
227230
656142
682756
273230
201174
675741
79871
566160
539539
154778
565386
728040
874658
127239
716053
366280
224405
150769
103696
819189
863579
537410
944464
68195
863483
475636
121885
767932
595885
751904
157398
949503
989205
134901
756417
347077
1628
59972
172531
517663
782765
700471
855832
253660
166921
55458
700512
802087
945800
918641
188614
222028
68269
435969
703678
674459
631332
134156
68411
870245
351258
251196
640474
77732
691193
346976
202094
313015
376703
76540
546409
363658
951802
67642
898723
702932
932514
844671
757578
780090
363411
989273
666407
934033
383141
570644
287753
414401
803690
734188
394000
731652
946307
7452
908503
34254
276767
42645
92479
835271
634513
950026
475157
746355
691469
254632
759903
603571
627327
513315
485128
644837
392905
459116
600741
532646
162391
667455
277091
746679
596831
33496
282575
851581
716922
916357
233538
100770
929498
644759
672167
88474
713640
919538
667051
434944
208763
291396
259199
662942
502774
488722
430028
25163
802686
851758
189365
817519
896854
972933
410050
719011
355610
486421
948526
198963
101717
306555
713870
579717
77759
615018
152667
296275
697046
808568
838111
144659
794711
84498
874681
540665
589657
129232
28044
989010
833287
965283
130890
407889
532280
706539
788504
569319
491117
238629
655775
650315
420774
496642
29679
272473
805985
897747
860943
19159
759152
828127
727397
937234
707957
62487
406654
354919
579901
169761
679547
894941
577783
864272
863193
352496
993552
2805
396507
877289
323948
603855
105878
195944
619394
211933
81497
557892
414228
248404
712246
227593
928138
60653
910770
9952
769450
304982
979717
893196
897014
61576
317325
387856
512227
12984
251734
134127
591281
535975
870078
426379
640299
600916
133192
976239
875261
668242
180992
969576
482285
155956
905669
222478
765048
144484
605880
66080
89930
152019
26560
589453
311577
784586
626551
673167
205342
938719
182196
392370
536241
118020
547382
99891
833536
168954
867177
700547
334123
613539
961048
824427
598463
715380
427632
340937
988942
253577
242925
237432
188391
166290
773347
656654
196407
939371
756843
451518
629180
167178
21288
917086
401570
560913
220981
101956
176828
279428
70957
445193
610784
389460
550742
127919
396703
28634
843498
960351
437087
696031
26628
490187
243352
608344
706852
665586
712295
893487
170143
33857
877970
171644
14566
294679
241881
897810
719536
114465
681269
209974
528775
285028
934960
597867
822445
236314
938208
588457
380776
156915
971201
873260
263985
452028
669678
264680
477749
533789
313276
207513
431622
247869
742643
947001
166881
14400
12970
450251
191580
746224
634110
394901
544300
304121
611502
205482
1936
926414
917782
157925
333150
473130
686023
243506
166888
918769
828223
337862
818379
993461
149770
49967
332628
361236
209908
244741
896334
136254
262889
254272
120620
467092
173420
724963
585935
407276
445616
220886
736181
222257
83862
600146
108927
627239
678404
195062
518622
265933
93726
558710
896665
731099
627748
924659
178685
508843
529576
465509
236257
157300
156330
267124
689492
899761
510162
70951
944870
59744
325833
940403
138576
145702
65012
850869
345600
266191
569677
21947
168069
409012
55520
556733
200852
260853
963872
419625
122101
456934
559268
565468
876109
54023
574145
63724
843336
982058
284804
158434
56482
860473
444940
119173
742803
674896
442818
710417
923541
889478
941367
227527
453203
701385
527448
772766
794992
404199
576528
235799
594224
871209
546554
718318
70535
974042
807809
117484
505596
35941
505943
764442
448954
945436
260430
260176
401459
110293
67734
262187
209329
103919
269460
865180
517691
544434
305051
178909
719712
732244
178505
786303
684195
601752
482817
925728
583555
103890
681856
250744
336037
739717
139806
199890
191712
773549
772772
959255
642341
263000
817540
241285
165513
729198
157561
821375
458673
739090
633852
671487
665625
581665
320031
461031
878977
275672
214666
481524
500916
735186
173137
55123
896502
425198
798126
564878
3785
775375
797920
622815
453148
370813
598751
898917
559185
554472
905082
586740
851305
582285
843151
526023
308367
320690
764263
43601
390141
4683
996268
835248
815951
925119
752391
579587
325986
859844
495130
936914
476456
351718
172119
888684
589260
549159
45371
816910
298620
43841
250411
969535
751639
835655
403497
754169
432629
868586
567859
342657
103565
400406
708024
276760
694279
969788
961015
406666
168735
837483
117367
750243
890418
702296
950941
1409
113705
806204
205869
381509
90751
758300
122080
780771
494512
341028
84253
908185
750528
981549
706583
844733
664933
639198
607364
503854
864850
824686
710134
480045
450016
188615
929943
526340
598171
586054
56965
210852
689127
625567
894792
560141
390222
79390
630316
527142
806247
926408
854976
754668
443555
210336
340585
744967
861111
932805
876707
625400
657121
468856
76502
967471
584794
697404
730193
893626
33623
813462
438053
706967
487483
629556
385440
304746
701980
263786
681061
493834
523056
89559
566757
75701
431572
107942
526588
352228
431672
917745
834346
433018
811755
183487
10028
678806
435967
856494
586806
991047
803289
768556
510736
577887
851735
391775
930698
872544
11934
152421
281309
351507
428030
37493
926432
593976
365380
723492
700580
355736
143581
130372
295340
173686
708514
676071
734348
133860
172805
561217
775453
128177
888341
597547
794073
336896
91633
199428
75866
257012
636551
472178
885162
251271
661128
758278
538182
639802
895402
215358
542004
211367
165209
753508
595326
558194
629307
282515
993610
185374
991518
190681
685399
182011
960961
943544
795926
890941
547836
964999
217890
438185
880396
79542
980254
280296
411263
612271
917866
589246
16760
815895
157506
62420
317984
932403
862451
237809
274922
400360
410553
259079
341696
497435
504378
995562
811535
831479
573337
208860
273772
251148
87417
357635
818273
247764
813006
503547
985176
472018
25697
749832
853987
464468
97120
976292
529254
42135
886815
647607
284194
999945
919727
665253
727454
47529
874457
865985
759348
164554
512632
267615
985845
765111
379120
163718
48826
641265
707086
915204
387336
865236
222590
697244
456735
693976
657315
781019
809951
262706
238039
670857
137688
464794
599423
527354
432684
305640
326153
518148
370339
305496
267269
280011
115019
548076
853917
116087
154506
653681
69747
361735
596738
84697
842965
641343
486047
218375
179999
407037
753600
399914
463982
735466
482047
862784
95100
749451
853727
950460
585437
331255
543889
720259
13525
716771
126755
601360
589459
440345
871366
400439
24078
956424
289338
817542
511355
497908
526104
773703
376744
221262
723643
301346
603000
182430
936972
710047
572348
666140
174377
671626
822506
756575
423026
902767
282172
159149
556783
789317
120743
162096
743201
722151
245494
367434
584420
421373
820739
702271
672061
241849
877906
572049
947654
1789
777354
197161
93939
2138
679569
149489
262784
196916
675331
798911
673657
133185
140686
298731
569957
564592
343468
407489
838352
777126
809662
244498
393204
490851
107522
630565
808771
897027
774257
457291
848916
627297
903928
398352
226471
868758
942096
496589
394327
578975
116860
74715
619931
648029
984159
833186
529272
2805
340215
330319
401799
62936
891834
421028
438558
620125
555531
762857
100190
33097
703641
403392
801241
479601
813141
957014
643101
430326
911309
159669
549218
770800
391338
319479
199564
94758
545922
607318
342684
790392
740443
374814
282489
157920
346813
738499
458711
70221
11123
552015
333186
582767
675422
885620
23049
748369
772597
471167
202825
278111
548956
871277
732309
271433
532640
53528
291647
979968
131341
486538
918214
776606
715884
681331
67036
277282
238429
777077
336786
50520
480140
354587
726754
797527
792787
90154
574552
18276
902572
338000
440543
737973
850129
546617
285860
60431
402675
344257
929833
787600
104019
122819
494952
674889
993407
376784
570401
196291
282348
430524
675970
421539
15853
714578
275507
886760
196494
53991
847035
436624
610703
881676
953106
77787
381312
548253
191811
439015
671542
497846
208125
90746
980711
838598
369784
812062
856103
909883
614719
340903
976768
779805
686045
946384
706983
225591
558568
488644
520929
859119
638885
577656
304050
462263
878998
178357
828157
309724
850663
709043
474365
396476
300977
496993
909470
501269
179880
896066
390777
885560
517928
245489
6187
283
966487
545285
442257
615054
468278
910927
473505
942918
821834
32832
734824
307605
540513
631656
170908
805179
980675
856793
526237
961238
110583
423850
560269
384820
515502
962327
494728
944201
1360
308806
169538
600316
215394
615140
971260
439516
469713
39982
442723
142704
626654
632396
107141
940779
761317
622679
287792
828862
895563
525500
659113
966216
315907
224056
595078
152873
55869
789635
194345
9268
741741
851657
934233
922370
704179
254035
94654
649187
812716
19717
327673
921904
839189
7360
170270
716028
895575
951207
571599
120617
869811
861887
620598
174486
343242
239088
517726
828854
68042
10984
919214
710524
342129
407391
259844
713906
292543
681589
216106
600041
725692
664183
167288
585099
263011
201024
236422
950284
917994
771772
137739
366655
947887
429448
843735
792581
607680
588085
488745
273120
494279
693932
761006
77541
947280
895851
465943
542544
692857
917101
605333
967858
561909
509224
285364
354565
543356
588208
152337
326688
741779
408121
496441
13637
324723
734074
929632
246872
127065
434028
618107
679915
755242
517809
949498
23284
310656
30162
820517
346400
209429
235297
244882
658880
476618
826749
522752
435682
806741
876724
97300
181115
211974
467651
300077
441664
170100
365496
166502
663955
54024
567096
673895
679386
756133
67613
182568
999852
989491
992503
623492
796005
727175
396212
231414
589721
474928
81818
501682
362085
563745
998320
498466
126113
679542
932221
38267
950577
540645
398248
794236
803771
384258
301758
883331
394035
125038
241107
173324
993361
442461
22591
207046
275044
305987
169033
80852
980224
572251
836002
657117
362387
525588
16456
158160
172310
898008
163403
291767
621535
153977
826669
756343
311187
713723
272802
437154
67512
39736
576374
182009
141928
353524
177038
783873
90913
377342
15622
6272
450170
292799
773434
522260
39344
134818
341792
498481
56415
853664
400467
548597
508236
348582
128619
66602
60575
753830
610503
282583
680558
352119
307052
568835
758196
276586
968711
663175
467616
30250
649742
328591
276106
280655
525957
526381
554240
977087
62621
534233
550335
983745
943862
29897
638013
422176
26757
408361
47779
633912
883921
37880
655641
850144
436120
978751
942265
539059
693326
478126
735781
95677
305029
663764
804852
732543
686376
915962
574663
554207
132065
28573
140410
360880
93083
365447
440694
24985
927585
283145
538596
190628
586853
679127
516028
235621
890205
30784
566459
949893
734152
650248
657843
673130
231503
824547
543484
943173
555398
188176
792904
225719
539409
795216
556949
749152
737315
155011
889211
513286
296418
679325
437605
495583
679335
414025
149916
272252
757857
541210
464959
766482
423129
447018
597519
906661
97040
47825
20455
221330
142084
294852
691400
642554
403601
634311
608466
593735
955189
634064
133392
423260
971756
35386
11626
304477
318970
229794
61693
165848
91975
316706
315400
47822
945508
210984
242685
301154
970220
772978
708728
369501
930693
580776
329739
349212
534534
643797
546103
849431
78003
676291
361848
774286
350179
174195
29752
260817
713218
242550
130147
114796
730803
546731
372506
619374
833613
665750
303361
288021
175431
909337
752755
17880
737518
754129
993173
361681
465554
419151
150984
389956
631233
645745
477176
557968
347115
950109
996369
86577
965285
622681
968274
510959
912009
700490
377337
5926
373306
73351
566878
265779
892869
105626
241116
652728
13986
525843
182826
881165
953755
661320
802695
641667
157764
389548
326292
572950
6120
932490
447931
11054
622724
354399
273677
925266
94636
957714
187754
492522
246732
174161
575321
471791
532682
959433
413816
302897
174342
633921
663629
499908
304323
352916
303418
732616
50207
112969
966095
445460
138750
253009
310010
572223
317765
669404
133401
260106
286722
725784
813424
153389
55081
239815
627446
747132
337658
326779
669962
18806
304190
249265
755843
608235
326191
179080
232229
996871
232247
878684
549679
930238
743761
38403
318097
819798
528588
85796
515578
941132
580782
239727
975824
943524
12213
777852
821113
165328
760057
924548
673622
42300
24429
635638
102544
679220
595396
483895
22346
26867
783664
635577
862326
946249
424197
523383
949635
276328
366908
350026
166452
635595
482388
666795
589132
823682
518292
382086
551014
135967
648747
712887
841825
252599
637943
707491
393272
303637
767972
151349
986799
401153
963437
191860
281833
958184
583806
650878
550615
398120
100986
885988
530699
264826
708248
712161
896938
464381
518760
718327
530560
659611
112372
406952
185454
786778
431681
390990
334718
651585
749621
407383
714199
574628
725586
234081
101196
929231
654048
483246
842574
147019
123178
114436
855106
59599
195614
925412
915373
819783
645208
623140
105548
286521
258232
866731
728513
805530
810543
301129
773799
168044
980313
964721
863878
993234
567685
486676
112098
750450
969616
453658
107822
192837
718318
410367
570270
73150
966730
442760
113818
25876
108870
50529
739150
161262
574491
616213
247582
276842
70308
836521
387895
597002
863094
285013
200321
723964
355751
623072
99824
757765
387120
75607
434938
742985
309357
218153
986467
508153
786369
815586
754868
70425
539542
255554
886794
156653
671746
658874
7882
545215
2373
459458
174642
853968
53103
987546
706827
440153
965470
578971
729786
78396
388773
394488
962614
322892
274889
484503
751189
148534
805221
372806
635391
656394
864557
603867
715331
224426
733327
36973
884936
565965
72117
975400
476187
710704
341735
55121
873064
889371
63310
937303
534788
744780
929235
413650
765543
896194
538278
216475
39095
154279
702043
185927
937791
967962
780334
167232
55486
286169
259559
40002
999196
506824
559897
63151
155832
230240
204804
55696
512796
683895
573146
780777
620946
507111
898271
327928
673232
837598
114217
324617
634446
248514
73287
535225
449657
179071
747646
166981
35071
373678
69807
353166
187211
334755
726612
91883
603467
693971
658409
161195
886316
90144
701031
746918
827175
446083
261163
633534
796277
696469
779702
74807
680542
980154
288781
945904
377263
282794
481345
399678
396426
211485
533065
207844
534807
966291
811083
385072
566361
566461
262458
345588
640475
140683
776280
223648
21577
349651
684125
627193
50970
427547
996784
825208
772587
346115
849618
307137
109224
565138
643674
59774
109091
695963
121754
955736
165063
723211
731873
189522
37669
632210
301082
118530
733293
745196
199762
590764
596666
791883
983
167164
678788
863331
698107
470048
299321
292881
571832
979328
992229
628585
286765
831899
633997
202139
161351
226751
670044
449856
39163
156708
421237
72007
692463
634470
659815
124023
12280
405726
839870
524896
197566
503388
960438
39138
905980
554050
62667
839257
527012
500608
605996
929252
760352
125415
482893
303440
452274
543276
830044
452134
87420
947452
656011
227598
624604
337334
48076
822431
733679
217098
568283
605572
557495
238700
375733
472396
345047
577332
695206
464013
841403
346965
566656
798390
172436
382391
363879
868208
473153
903732
813066
32753
458121
316204
231212
338653
855109
849862
203488
334872
822043
773251
351251
769965
456484
842816
859907
712852
208623
650824
421070
565667
382751
742547
731237
591956
896943
625952
654879
85487
103510
371562
308970
364500
86918
965834
128412
902631
704206
529320
925223
506200
756447
826015
702891
575181
285355
395501
669286
650799
402281
145939
385735
219854
625781
7247
545056
840882
699733
82036
77689
736767
797015
666211
660224
541507
608150
816616
621662
621408
260827
653427
754662
26513
386975
42161
444199
305306
54255
333446
728929
455952
686376
727465
41812
106946
19874
438109
208435
398595
166313
943432
85496
495125
339558
694129
731089
837748
501917
947611
520888
323644
863696
338040
77600
572151
842880
666444
747659
30343
511123
877280
556921
496365
34193
995166
71034
155507
535368
277072
568101
203708
591312
887088
352865
535718
123305
663531
35040
725273
942144
83063
338732
572015
115601
183181
625817
203840
257062
37765
24410
174472
588541
44046
350512
437047
987143
443206
264125
708822
130317
794300
762487
974545
424365
635583
240824
526501
325699
106467
469809
66983
800035
718480
769855
729838
754434
389190
316054
247454
434228
889585
755546
41106
815759
790756
485388
965797
290991
446517
67681
734301
10324
261622
559023
67893
726821
141067
651840
28422
251607
935597
696201
101841
512041
177274
708149
712555
704583
862838
971994
111813
15246
758178
486093
265495
961007
259767
111377
986153
398317
663103
507178
294334
678016
106961
543440
785949
733916
493223
408959
726781
96779
408285
837099
153676
70519
568712
27345
165916
207108
695473
932713
425579
970714
953133
861239
2125
835200
187930
939265
633784
350115
495992
227931
125420
390071
89697
484702
716669
427765
31462
122935
104766
710914
256200
787547
936204
846192
382096
383192
394420
810141
533004
576839
143874
459897
923110
890654
876135
96998
835810
411490
112838
523640
323955
526649
544155
887515
526203
421149
685832
150420
370462
452717
464510
494624
107777
648798
261508
500600
113061
328078
651047
987126
481434
53305
170238
378641
798305
26116
571417
899140
629730
547575
355718
661262
439046
468232
396095
435474
569010
634834
644403
744094
826145
370277
808559
616136
527133
453302
344745
828469
624218
447223
660905
870003
355183
124034
104917
429254
328178
179823
895319
954368
807534
755204
215405
830985
720195
960460
815116
234303
19803
667200
716658
345910
853124
916898
166983
943648
993007
46377
897839
108296
374404
741911
604271
420921
362848
180518
770105
977467
414124
523296
381909
442621
391643
865102
703214
315150
399168
430280
91063
107461
228745
255660
634552
29953
170012
898410
719481
846475
912396
95291
433865
866520
931320
550641
817195
522666
750208
757866
312478
111253
135525
645214
306440
435935
453244
484376
373566
587393
758799
425282
864242
626186
11280
958680
881914
685603
961595
6463
846777
581037
25159
385838
262316
313414
869128
815434
271635
958571
364324
288144
984570
708728
788975
6188
787426
968394
834598
671782
335953
28485
211013
882172
231987
380081
134917
21898
192172
841279
866998
42278
140539
676458
425076
148232
760460
996345
14857
722534
551130
56416
593119
965662
150590
355078
486304
817869
430745
270946
678828
964157
799451
632319
470646
804091
476397
717214
437948
932741
239553
77306
12001
919266
564595
290534
488232
317644
368284
608403
948943
368137
409780
476526
356870
655320
291233
752230
216714
702662
832416
683979
868771
110304
309839
836306
592694
55874
56980
760949
289223
379598
265582
900535
663823
800825
319958
696133
352438
144191
696017
276024
919982
667703
343125
278327
344364
11008
912789
559290
16770
745051
237867
120297
306013
705107
904801
54498
458201
51799
93661
798170
810684
317736
349990
306203
93590
82413
763031
607147
754931
352036
67807
289421
79034
773939
905841
98401
366373
186140
906191
45862
22749
741775
674351
722208
33585
629210
125255
655253
803443
757500
343610
846129
604463
825303
518814
219785
126665
443395
445865
183932
584626
680639
79865
730229
513670
418242
296061
639694
502854
623408
646851
757903
245293
72552
945502
167124
747888
741754
944755
739724
148695
773686
86689
786910
432051
745951
693130
142438
704443
292223
405826
943708
178183
778900
496660
803605
568872
15528
850027
272228
236642
534782
289700
610905
611975
122472
909741
552809
736049
444086
809754
332206
688539
995656
922948
98757
77916
474373
311454
225493
715778
150564
446486
285039
814279
775784
874147
904017
229298
888744
254321
846853
995341
493452
706919
348455
313919
677780
457297
29251
522629
496530
859567
822236
81745
740152
93209
24202
165183
691980
341837
417723
388912
143352
118871
335513
17093
458557
841179
385484
977722
158664
250178
816727
163356
101533
490047
911773
420328
716720
222013
912070
556226
706130
708135
433021
915279
898952
646291
596689
573999
81976
98444
205179
436698
329661
341114
93375
58006
643865
624304
581867
878354
753354
408210
342908
436707
835125
307361
789088
666264
912127
188005
91607
670843
932859
758326
908915
355303
239677
645670
391422
942785
27277
637134
874746
213268
459640
587636
826947
684749
901696
910614
564305
103631
181043
944278
322138
680692
481497
227521
825044
737250
594503
867581
988952
841861
737872
757903
65698
406894
504411
739143
683765
641352
385936
798921
239451
140338
415660
298488
153546
114174
694197
757760
632354
685894
742791
187520
496851
163045
171852
398483
715612
14553
459530
374010
644142
11123
644566
338983
821551
106040
368102
702504
397274
343256
184004
603502
534659
144968
399647
858234
507000
834238
932796
325667
25924
228873
672073
56838
323853
838986
653394
627274
773725
915411
187020
163662
63869
75802
910863
668338
927293
738585
482209
477055
361169
168134
353197
388788
776022
432362
157459
180526
251954
440672
564633
818930
887256
778669
230527
91418
957931
815542
26159
445851
798650
726626
418771
91247
472426
848269
816193
244707
144625
344293
574354
50303
520958
808805
418704
333197
739255
204716
694733
574792
703130
446393
995536
734563
411013
268997
985323
587826
59536
31293
719144
45113
52568
935003
418914
199824
18391
859616
623215
290607
287151
345968
600507
830492
229574
326474
297200
527726
336266
682402
480721
956988
176917
223708
993254
607847
342508
478759
337042
840193
135650
115380
29312
564185
602522
116562
838460
758501
770089
487016
988830
709386
62234
561806
756960
511498
622475
897992
365137
725130
776628
652959
45475
22335
627784
624926
492638
259765
984180
276454
614711
774396
835524
396526
350843
960431
56997
322587
580582
67618
683141
539192
500880
636775
357398
244690
773767
333437
138674
584051
349816
893590
961881
773369
581382
343876
218901
30098
946493
575231
230079
82581
323232
946965
132442
640384
385502
522158
249628
540810
639267
27963
438541
100325
762251
655803
262153
890258
518898
219178
962207
827424
876263
61958
246940
432834
3455
105982
928546
393292
414853
553978
559537
880522
121487
774465
525768
355133
690412
125579
899300
38963
234937
379364
572967
315714
51603
540794
567060
817184
302118
986435
289399
324962
836900
2189
16098
787087
46674
58019
221521
232353
330748
670233
477103
863639
338377
643957
439865
141545
101754
537505
430634
308970
899538
257589
50339
917034
599319
30941
385426
38631
468478
353052
15182
933363
556192
364494
373
691267
586599
109192
264356
906278
341521
977052
49106
768594
319332
778171
335817
669209
716975
510198
74434
831547
625144
42077
776605
124374
772167
92616
953978
596089
965134
821492
119479
524758
930675
921220
528134
690453
779068
889001
788329
345989
640854
486877
626061
555373
163330
26121
4032
491009
943005
795975
162769
533808
967690
476033
563907
793114
487869
834424
509293
66783
282279
19937
298929
229843
636409
65322
607383
942478
350871
723546
328133
635167
346972
802646
721437
189472
204483
640895
471283
100452
226296
349689
143913
355213
531516
695623
650218
886971
569583
390290
549567
674143
134333
977673
701201
704813
297384
799777
918588
481456
498733
448190
989899
971895
525398
921578
965526
242285
437979
539073
137013
269382
96118
746032
350048
315222
244866
724114
697253
121020
347471
703673
672388
22651
553476
362958
221162
789480
202481
600144
840776
730751
970545
603768
79632
617425
545656
30013
860748
247897
134975
92275
164891
224300
288009
315855
24008
714638
676688
868421
594952
961825
45457
82898
320144
629240
112817
531158
782417
730953
210699
855769
361809
989633
290007
312302
951719
63282
662008
741428
48275
639399
156897
97657
184439
450969
91685
196922
453878
212218
633819
796870
335080
207662
347690
622721
326903
281753
770743
205891
570905
841107
268072
383776
163626
51640
583507
345091
633957
329245
383176
555251
828799
997661
474423
408952
495520
91153
377792
262934
473598
132830
558358
745656
728472
112679
846926
103144
590348
999011
12874
207995
452950
296970
23420
823050
846310
187050
496345
484762
101725
512662
536412
114781
130211
772605
658740
747858
131943
967640
783692
548743
234932
232637
590964
857471
897069
542097
287089
74606
963429
497819
734
752097
345373
662323
375932
813562
229019
158937
809310
694169
426787
821473
185962
71447
664021
316940
897612
404908
493346
815859
963645
37488
796396
761245
983403
99774
191354
253103
334918
904053
401877
810627
181543
307352
220993
264785
88860
55701
469595
119689
628244
415715
993484
185603
500580
813572
561383
523214
761716
793642
156325
463909
161545
329462
270970
366400
726063
478747
529747
174086
367810
170913
815087
181215
290265
58502
98903
712360
14928
926015
97531
639232
823025
324700
171307
541375
671678
834185
230575
28039
299550
123184
384643
284594
331682
352764
568754
328363
877554
185721
418125
325912
568728
376791
42056
274549
296425
447438
88370
232764
740683
234587
414672
933824
876008
696744
989460
825114
813230
897929
145023
732218
431679
375075
367760
759391
967612
890279
600295
185889
789161
71996
620219
610731
873789
554107
628789
180999
423049
766035
581031
217618
842562
408013
874668
422798
77997
65707
267804
156118
199718
330665
303724
338988
222604
784037
543969
85486
28108
50330
493103
77416
900553
637896
860978
504451
194213
221168
312520
120282
848751
862203
882249
524013
176361
781306
732068
322350
231796
175560
298839
212473
165722
755340
269386
593697
870200
368283
168201
960165
669318
168122
399644
637378
12101
703041
729861
904162
203524
687131
143894
586930
129102
831785
441708
562705
713011
995270
186508
149028
572465
771813
469720
730822
376256
754327
329901
221469
605495
185770
513500
473672
459550
683563
220420
509620
546705
238027
617097
395598
653837
219743
865011
999251
366554
954497
104933
561923
858709
241172
927351
776627
711513
908901
435315
297090
529802
592494
106729
402787
859069
803508
800815
146713
916615
253648
983929
866882
353633
779210
366225
806346
388213
530272
56242
953344
1543
484903
545799
134149
321347
290761
9915
853729
797791
358764
133180
744815
661036
899444
868370
77881
821439
492830
729750
592798
560502
70157
76304
194544
985513
521250
410545
499226
365743
768388
826345
46014
286730
785535
7398
83933
75760
406280
615787
290992
316790
469983
545800
680915
810843
765325
454267
690913
171951
506893
803043
194395
255903
797447
709597
884225
550045
58167
625854
147651
833648
605292
885803
975697
996885
216941
387415
969615
875281
872310
373658
109092
513632
141227
462450
714251
442974
125818
344736
267075
280355
702956
149202
168181
650145
141620
287866
936754
736749
346955
603976
159276
441279
712523
55677
887326
951637
115502
807965
600473
22070
851678
872771
933293
159572
93688
424718
470128
947275
674978
813689
628014
613190
945029
784969
329325
287168
199849
999903
167515
625768
773420
733485
547478
348702
35359
874501
159064
544987
277053
278029
964861
885549
577609
969167
709363
824991
280707
789293
679741
130039
9030
516018
142435
678552
132801
924291
915450
682120
622288
985460
736588
744716
768054
21239
679523
812336
860921
335983
836023
299171
659802
355298
959729
233982
426736
472269
616283
153381
413024
790674
534375
750214
345787
827981
245401
629247
940852
903492
265105
810012
538876
714620
878201
195774
560956
431976
622919
499479
432687
879101
214383
613009
948697
961441
590505
376974
504871
851649
713498
398474
39140
901122
888162
150429
532118
873935
748993
610013
247859
157841
863846
441185
802563
332029
438102
235168
715475
206406
146421
180279
667987
77492
511412
477705
327245
142477
384920
323265
621122
300015
132643
905907
133603
855871
378081
150880
391145
207164
134800
655832
997969
591661
200429
104378
689848
545145
189015
731415
97870
812437
789602
710517
461882
418839
717243
860335
907018
262506
709107
112377
615509
806938
880874
597954
658032
743823
332953
680370
643721
803159
76859
159571
146787
318556
138329
706060
123950
966069
201009
399431
527106
832791
952066
197300
665144
947500
162487
978535
851045
627772
371821
91677
629172
465864
53667
974236
542367
964022
925821
788216
989386
107174
296629
643889
401084
800994
995358
933370
463674
139316
623062
585045
977410
72978
122760
612761
216545
217845
805147
815766
907121
126280
520251
266191
614963
10939
846082
501029
220613
535030
566274
582613
728896
328811
295602
135192
494064
294596
818482
600745
814896
637628
584956
341731
559074
56586
161641
819592
80073
783799
69853
978718
118659
912208
791249
306419
535910
521720
71611
778178
684917
564437
856284
262446
448126
307242
289126
390891
287060
822597
817671
943676
744229
229263
59414
377878
306743
322689
786841
266596
754691
358838
86257
442468
43566
556827
754146
399983
58784
357698
446787
898389
446979
907734
531262
526502
825306
590761
115973
114254
988539
324201
347794
823448
293291
178738
713752
492499
491220
398013
434315
743250
138085
865013
930697
539660
503494
727850
739812
277604
99063
875167
834317
133188
566852
954621
899230
592482
950567
119659
283715
604325
454266
333109
762118
846304
617175
586345
721782
299708
607950
316481
68276
869685
544706
603386
201626
804731
873824
237187
765064
344568
311933
759441
768332
876657
40011
219151
683437
528006
866936
672499
538901
328019
866404
444396
650328
877241
570684
861111
277797
859895
405368
748113
684232
31217
848877
862535
729113
676627
616591
297001
425093
143119
918343
139421
487222
785026
931693
410127
846754
256820
41891
719494
540333
574462
395661
697106
111676
500934
886064
265250
809175
312230
622630
511794
311866
48299
527483
164833
421881
540217
929000
627808
462989
83852
960745
899270
797631
755801
189629
468865
15727
360659
543994
817256
508097
867977
660618
777899
249125
459052
847558
42988
989186
635887
218157
926310
259583
323719
631489
434443
961006
462674
510974
95021
241876
573460
959288
190674
733465
651804
720400
538154
657481
490885
699154
247132
622852
12376
849966
173116
731336
322127
459345
202650
95577
674228
405664
479860
760779
790632
820561
803083
467628
399360
382885
844690
279696
797002
481350
273027
758649
282989
693241
800461
470755
739310
935615
580456
302762
893903
413006
625544
190105
850386
175719
785007
391376
156891
566548
625245
927185
239731
261120
337507
664487
709161
658802
934998
366451
929235
497063
325278
699476
616818
140172
796398
562482
971635
108565
330766
165288
497234
125629
506899
587532
556441
608282
784881
498651
403079
486108
736935
685702
447243
973026
855704
331603
910383
951672
532346
260466
484114
360753
781927
638941
828174
750878
710545
224042
603704
497128
689555
997424
65669
659151
44066
934996
760713
311743
238882
925295
284379
531532
30293
277021
780181
268619
795630
419301
844216
832140
956036
221824
158764
382135
607970
671496
28772
349442
39419
591166
438496
862732
28858
345400
507084
877465
395640
883749
77638
579435
704775
806782
90813
153721
995499
999371
504309
960526
41832
906319
111462
821185
902007
321042
782916
88845
999890
587081
385178
245708
743151
838115
978640
532693
938313
629170
493131
382318
163993
445301
812851
153904
554148
29886
721808
200054
538926
899588
569358
694529
870028
700807
400479
920044
998807
133980
213759
693190
672764
284756
785491
752145
262961
837261
603435
610582
61762
360020
222438
656099
757641
321781
823861
659811
205756
473250
976632
263576
90144
676604
711428
632951
300508
998976
55686
706655
477224
81169
852609
537656
926244
279134
509107
895461
22341
254831
450325
375333
435626
882962
942466
870987
58317
882460
677231
337432
525013
80862
489880
163250
252872
81318
934524
197699
634909
523118
53630
2097
335663
669734
688749
842741
911118
452761
26909
457242
957552
726526
513716
996436
528709
738590
168065
942779
36456
946460
851014
498466
745905
215910
184662
976984
68711
528887
243865
582075
852755
249990
768685
103539
841199
863374
899687
80722
92990
639675
59255
692998
204789
789422
448233
150457
594455
33389
11528
251078
769502
982698
815453
347863
140821
618606
50709
820191
341187
240098
405504
518449
191361
567610
982774
940028
304365
34815
978580
906467
498295
781943
444260
347517
561944
89970
203803
437286
848547
462196
340155
989696
212404
763194
544473
913482
532932
938731
956537
144410
441759
947996
957717
200250
683628
373376
462717
23709
58795
301035
352664
328637
59326
786561
296584
864978
139742
282879
299756
181360
704238
306405
561663
699774
952684
884543
356381
956238
621892
545103
590310
790591
846169
85179
910762
166616
633291
36325
193068
747311
88134
692374
470642
323351
857229
329351
764569
591242
107977
348992
934507
734908
84342
622646
563923
783116
742766
348878
471737
315607
655056
598272
402686
819303
422413
326679
871637
444233
333455
785172
118908
231101
46277
646066
22934
228038
624591
531973
505191
661536
354179
319292
494571
210705
661018
216645
752275
160856
376315
614223
74269
646402
642721
819179
842447
26716
148523
825484
314575
437059
474432
866925
667746
936151
612508
69202
801407
757326
816764
560166
803087
315812
739810
626435
592964
427824
108165
656209
45907
65938
246105
885189
70415
758665
150966
618187
267044
581985
990056
569854
289068
224649
359762
807188
27953
724675
636223
555223
931712
630900
81159
416462
856806
89499
908954
702842
516234
448351
860140
19964
610278
164480
432765
673748
898659
95344
996611
512964
109777
988027
288567
437843
46144
402017
992761
453613
242366
752836
456289
133863
819565
357756
412003
875617
254015
663944
795102
143301
76433
345312
783617
447339
947937
952998
221850
258783
258606
8762
134013
252090
937451
775980
529229
166828
838047
616012
800170
948572
340124
369822
8119
369254
550745
970538
794566
233219
654830
566063
2723
744455
286572
211128
477754
126531
419479
625670
655334
682890
540802
152044
255318
603921
676869
874426
833758
578288
228508
964945
333272
847749
456735
356054
94965
788983
109785
895042
324260
184728
706056
93525
654236
55972
515697
671274
357322
495526
205405
988134
405650
500090
44275
229450
154756
892077
230579
878824
985885
309056
753549
192563
459383
740940
684188
980719
74702
902271
191874
664007
189615
609476
150176
429309
189503
472641
414450
259452
744293
234490
156358
61513
648725
663443
429271
174488
860410
463410
968970
28411
600383
667011
190980
32693
850939
502421
229414
620461
580023
327074
153574
733374
999324
34156
197963
367339
179774
674626
156741
683504
29823
242274
18854
765683
292257
163576
474049
490713
13676
451653
62557
599670
373688
673115
147734
995420
193880
559876
851857
328212
432099
375490
40410
142827
973152
935858
710300
358307
94157
223114
33660
83659
361036
84161
196562
743721
170283
643598
615940
602067
499854
153416
690625
490909
445371
97068
223191
271212
432002
309245
707506
28585
809671
748102
465842
697042
673134
175547
545511
68458
47841
955070
945260
567057
463617
358333
854365
814638
560294
961144
182006
496712
391829
987296
671817
321524
292157
162971
490332
625641
959534
580836
308509
434479
775127
235664
887234
605686
886074
852843
101441
323971
502830
500673
48361
218245
505552
598968
8924
18246
732040
595994
51113
118781
563123
614385
807562
526144
347250
346699
650999
313942
202510
120542
954660
884586
637766
464324
733214
644124
529976
323943
735614
84658
499496
247032
531143
549484
514927
483608
994722
288309
786178
619290
809395
766197
97694
256352
810967
643332
119501
843297
378172
18872
697432
736781
894942
705887
347018
779015
477082
158408
907996
993681
347440
639740
742530
228358
831194
230794
387921
609856
916611
364992
40971
861145
566054
203702
950857
76815
883140
501060
456131
478913
881409
841107
624127
527958
346460
464337
49876
941437
627017
140030
888218
917902
609581
512804
381233
76880
594806
423331
967210
223508
412436
73962
643413
254334
648087
134786
890600
211235
776870
629444
337992
939918
724697
796587
123319
546717
694388
485828
63835
711497
47873
726722
849191
630915
688393
105198
964328
900217
145134
778043
128814
287095
49320
524663
826517
376363
889946
101406
657327
474561
769360
119305
400143
446573
253016
915460
395445
191879
98362
971005
464977
596175
167060
707607
133046
201490
900951
852382
187228
670438
528088
4949
37457
179727
931924
191596
358334
553156
416579
611790
920338
684683
311639
60822
435917
645761
853073
233505
322539
651638
927040
60222
673323
30901
773656
938050
780730
161121
861163
282233
297473
604986
681542
852983
926728
90175
878955
783948
571717
808302
923302
179669
903685
147303
783246
591535
593590
431918
273690
450567
904079
845519
402909
426957
71580
211996
858207
758855
742121
111762
176922
586306
325322
444826
84174
849763
367878
204779
426113
161755
651230
275788
128919
173369
423229
691191
374537
426329
523837
699610
329413
481466
314003
999351
75234
854062
235609
845290
209278
390570
368247
591371
603639
445885
390765
371625
691138
582750
259646
974135
397291
844189
17148
556419
464041
543612
978605
995681
590621
578519
834263
344422
696487
739326
804397
333456
666789
854819
551126
611203
181513
234030
345686
233390
683414
116271
868379
789452
734903
387499
757670
141895
720444
727895
933908
308791
612530
877539
321801
886791
333853
432109
462008
581048
412180
180566
485072
187648
617914
178738
507526
964234
958804
695065
11195
733089
807884
536922
243083
549287
263873
799311
826802
532223
877129
881100
182938
594635
771780
716977
564293
441935
607966
619615
288019
836724
113632
115015
695089
939305
520692
943902
992414
747044
636147
46253
43099
427974
962924
248900
143855
299677
644276
542799
380180
886787
47653
900608
25345
327907
668021
399148
211733
579612
447923
767410
702109
765630
78175
424853
250178
743793
250471
719467
99730
491764
796602
518511
983849
364931
249867
436273
133755
280210
250788
415661
910401
42167
406244
89848
679934
314724
970327
998102
351661
359569
693424
399465
893321
224184
257893
836100
536824
100666
118311
554846
971285
699423
390589
658658
721113
916027
23164
742115
710629
397740
734885
30509
805550
254911
693595
454519
607429
625970
263423
370356
670658
931476
315178
355784
221901
628937
213766
697048
776584
274922
975497
57146
668252
192137
626640
884108
316383
815633
968084
110368
96799
654220
253003
418197
608270
768895
775901
133761
859081
495344
484609
817610
657222
677704
774132
820180
87642
144531
207574
390996
489893
27683
18849
513411
690523
992469
550022
238127
693999
295275
696742
16747
657694
177432
919593
201767
476053
948571
161151
714330
133375
550083
501233
722843
568687
775696
646051
830032
527015
639802
964456
92413
32003
103819
64450
864894
329797
791911
829045
407632
677694
737900
800518
692809
109461
537908
318101
435688
519159
334391
822036
816775
962523
469006
86883
967021
231024
183378
762698
9856
888422
186531
142290
222807
106390
192517
809600
889646
252303
848420
614767
876147
600126
815416
969865
124605
388217
315907
458849
146524
954216
133303
623280
277195
90704
71350
521771
737410
537277
44145
938493
74280
490956
777265
569830
380838
605011
63028
341168
139031
46061
120239
59337
437403
481957
47539
439682
306123
373694
340138
605539
440774
619100
213184
539240
339370
498451
865630
591837
116511
648075
867729
442705
267405
524812
905929
158970
743214
458732
140670
17701
115261
703442
730669
489495
680589
914726
621889
181958
38391
143703
758284
836077
314156
656328
15988
345104
122345
135128
963883
277452
95304
86988
745110
442649
957106
451548
80079
36704
586994
494487
356102
467123
235557
878963
669122
755053
516110
545973
922821
776808
467014
664761
681166
988372
642512
721247
876728
229178
680138
650386
939584
742734
818048
407158
339300
192426
231131
129645
646886
802157
282679
73670
754992
638063
455570
886148
372177
199839
607583
653702
837861
579836
394299
13528
273171
987628
776055
842389
875633
329724
558931
95350
600002
628917
284108
334524
295711
676311
582733
825462
903603
683189
310593
319023
675295
934061
293896
535032
475519
193153
746247
970253
903684
666007
133594
968999
867264
362377
831589
192158
579777
774634
142600
910200
669524
66582
281328
449618
75563
546741
81738
629353
783385
170892
395219
220869
841529
335999
385036
257796
543983
545319
295113
464703
33478
808204
621863
749979
460857
821887
104413
91438
285197
998487
495724
397835
420123
926534
292784
796908
659820
582359
798681
77307
563965
102726
499315
233725
771937
91067
47904
944219
874374
771173
477416
956431
763727
42991
787047
508839
334369
440546
145508
506297
664826
111511
478594
163812
729147
502103
602384
130814
61702
728081
485435
792223
831554
674487
66787
719561
586299
553461
833738
130675
825447
753998
734825
170864
16963
623893
912029
3265
501596
289158
507455
98740
367850
160383
261585
297078
953431
266590
341139
991164
905949
302392
705142
912458
402188
966322
59944
946847
897707
944448
507790
480701
220663
806456
962640
77336
802183
463762
867853
122395
315471
418494
122927
834961
155715
277410
176922
164150
426963
62127
314046
480731
202197
884767
538764
278384
432897
397581
729158
936241
432021
649712
722990
586416
212697
230069
298400
185467
594749
160889
990716
911081
905630
126240
835579
311174
826023
852373
551587
493144
94996
396382
800341
355854
152402
141402
904452
602436
202883
146650
791360
862069
18717
312154
963888
865278
351538
75483
820191
738123
490442
416094
533869
95712
124204
27134
628901
342598
803900
494635
328559
875024
386174
236095
905436
851849
766840
945534
420831
946235
757494
532335
726491
267742
309415
618577
117143
522972
532581
499388
183887
699389
653458
484502
443172
559092
585053
602734
974771
15301
939492
83320
22018
718225
253812
261285
631511
174336
899691
501470
235939
468617
516543
843870
417372
320609
514967
496298
475816
578941
566551
354925
849973
188166
473145
116404
772965
284185
47703
874498
298215
935799
456581
91409
173473
104144
742618
779814
16137
954279
125904
116047
629011
644257
647297
648828
103748
495216
223057
519992
886566
859927
825643
280642
667540
321241
563747
500108
229365
828674
829307
105551
659973
812689
787201
965193
527375
30592
986198
37204
178871
721778
619401
137316
348979
302264
303713
605
614362
616128
267066
179407
618069
539803
347974
702799
367986
822122
472885
144819
517399
137572
790255
240233
620691
399557
812094
843060
740368
137878
566473
506949
762917
310870
290811
377138
405704
873730
277507
738261
298721
976326
224500
4484
84921
261888
50956
74600
775633
653805
618577
798204
233807
566514
86167
143396
610323
286281
601631
198823
326376
692038
369306
968523
186647
930245
410187
831820
81557
720882
966410
587832
335004
815157
966692
289706
710999
807544
17440
741345
182774
868246
582172
885756
47330
112289
206102
257364
642698
371728
562568
53302
69916
665156
285674
755195
224784
485109
5595
853958
199518
158845
172506
290586
221328
224705
256302
904789
550193
667384
178214
526157
892581
61529
113467
337670
39122
788645
195409
91341
535292
315662
150684
397876
224303
654595
860000
756841
948501
793881
361168
975157
356903
846423
315864
761679
159488
611934
494198
155546
791886
871347
296195
261762
155361
463979
393616
2926
716198
438258
517611
415906
376045
704759
858433
218997
210789
637688
914845
886889
962474
794405
62095
474284
801141
549363
994600
79530
622066
393024
932385
600269
311215
172318
667099
271762
592816
54207
559297
999945
184991
10107
427977
486185
77152
550656
833882
349133
4483
728854
475592
42639
582611
292173
367994
367680
787531
821702
829421
505601
262952
407004
552657
112513
136794
808749
219921
667155
531988
569736
33712
72682
612419
305717
724495
937396
143195
698331
774667
820561
602956
386642
220547
595119
761683
796166
35127
144900
62702
830660
818123
982054
11240
45220
542123
768586
544978
882451
301194
75991
474386
312636
53443
497766
748949
190803
526880
578265
526240
886654
936888
110997
214340
877920
296434
986781
890224
602370
852520
89932
346400
295840
843752
496303
90291
420238
205524
465085
489819
184581
375401
835443
213166
851727
551196
833552
190105
341194
80160
569386
277043
268316
968069
277612
880943
322803
626618
629805
927084
226551
888563
184429
906279
571983
241765
537902
187472
963149
121582
524653
724986
55031
892818
904443
314411
716019
168993
285629
347155
905102
939124
303228
570650
196393
306005
564650
953170
513088
2942
657522
405260
601048
255290
145466
196422
715205
69929
389624
2
478549
768863
835566
228657
918941
73515
369539
246478
304861
692660
561408
574472
85202
275455
250851
240663
855833
885326
964835
449904
278715
735715
845634
251027
326489
66787
143432
621570
758197
855445
478177
964172
111578
264841
12245
320391
144042
407829
736735
644507
789314
100411
144941
457019
415051
49383
608372
687919
612512
958995
639916
367309
627735
120013
321135
961991
981870
13393
458218
619805
1620
77520
75453
811635
838033
639890
285813
15549
91474
942199
169379
451926
361045
32729
577177
385329
693677
689549
648512
101606
854387
743881
360409
612462
885257
427423
637262
565738
424140
195431
44468
681629
30805
127163
575776
956219
219372
322588
703011
718873
683659
412275
28387
615363
857994
843633
287255
643436
196267
284567
166238
218304
968452
50450
706365
663382
769413
681406
472627
551873
15333
343819
322555
589382
134190
35133
156382
60647
360673
447373
22450
90206
453063
194093
456627
172901
802965
73257
363835
398770
124795
766441
982305
328065
809801
900051
934508
821193
270078
56205
761779
2896
519087
463712
493074
396826
28817
95352
432138
982845
519011
569735
180854
151248
173434
422666
716582
346690
753578
83556
812058
172294
236622
540262
508189
949228
790133
93616
540987
959755
13673
895857
933600
116699
277533
414089
626126
923423
536626
870928
460794
385791
463846
72944
227716
178931
4634
543085
55826
61596
130558
17221
815944
112493
196699
556723
401637
521350
556476
637133
457789
96353
594234
971213
581134
673189
672035
197804
626946
341592
953350
997546
487745
243314
487838
596779
346287
839820
154521
94459
325769
17271
291971
17842
2775
429481
238548
994419
381711
414035
125842
765710
461126
910798
161636
938821
722899
147251
282549
416492
590786
213257
949953
369450
779698
42137
587903
576028
473804
594782
734315
795544
677280
120857
183919
158798
647518
51201
934381
835915
36333
502934
708204
275351
697131
52886
590556
357951
77378
314889
847175
305133
485091
266551
617623
253619
681506
298106
943870
251942
877230
213870
320325
895911
427819
989444
655413
666109
493678
857974
757660
373726
207572
381781
116220
420621
33983
365566
906582
425820
314543
701931
953038
480531
253625
72741
78011
590313
539878
415831
436557
473327
393642
823102
970779
894220
38142
780477
800649
948131
350685
204557
885586
355345
598360
821458
19896
185426
884183
478216
776709
467203
353261
198876
494652
720386
215190
881559
753377
868977
137680
600885
12514
290714
109779
316180
399969
489324
325933
190024
128991
821092
405822
85963
146886
443719
728014
217938
147731
537931
402310
282939
806046
946006
217490
812641
412679
488990
884304
938514
652927
125103
962421
926104
604528
438283
738941
945268
927626
316715
756300
164521
664235
57828
345382
525364
274922
800421
756360
483481
620225
156701
218337
715544
768084
780281
872944
937279
618402
75275
119163
960601
835399
61510
83433
254212
382443
27110
855293
211296
429003
597676
838383
878499
289826
616007
674024
89418
371507
533326
591258
214122
262582
559210
931963
66725
739293
244625
73500
245239
296705
764909
724266
61296
887854
257883
863231
281852
592455
773326
407270
933342
700440
377556
795050
360379
670519
771313
228889
109331
28885
717927
381082
816778
631526
701591
175208
950756
232683
12481
253482
712080
747608
370024
733169
833947
129767
472017
793933
185221
628601
790441
22988
199281
989156
258502
756944
384245
419997
832006
473676
643794
760515
315860
323291
174269
406854
46153
566845
320732
104882
563822
462382
614540
769820
596768
244005
917151
767911
94733
553382
60067
790835
400218
176516
331997
69348
819431
647863
42389
648714
758442
634645
16843
639090
699768
759857
942919
627912
100130
71565
788494
462183
954748
280060
825585
582847
417657
549593
751231
743842
631090
251741
708570
726251
736645
113441
449447
704523
883290
758001
551135
986609
43841
838601
163011
596182
526327
686895
35244
680354
324104
800044
343936
987262
50574
741672
919296
578551
699991
107745
136831
212043
400677
479560
187886
622292
106830
506488
811346
852366
471556
910420
868246
371591
238383
256315
63740
27234
666550
34795
767919
95111
27997
246447
378997
617707
218953
857542
670848
323831
773662
355218
697187
481752
747849
899129
25698
501346
694041
132060
955938
674081
736840
282674
765631
829246
316312
764288
925693
58187
582361
362551
162134
810219
832967
901418
660081
194273
355664
77354
399028
843699
967602
41728
593456
203898
438339
768134
877307
783689
181194
531554
557979
868024
971
854368
942558
534668
915297
997483
515719
117444
244099
708136
360163
48643
826537
400623
186937
977301
919495
349287
56671
90079
405752
211389
496553
87144
533110
424833
398781
17214
102022
340765
462338
258758
254833
91634
143223
316452
91756
83921
172320
587714
945241
49298
227034
175297
512550
467029
320080
100154
267091
574419
327174
272752
255314
736927
491923
662804
95751
705535
849067
744691
530927
571361
118682
63232
312732
643068
504141
24570
46558
123076
588235
894009
207102
305929
133825
751835
323556
421421
376442
439877
95000
754176
370797
859672
365349
50362
240816
356850
246298
872660
489931
217694
114986
945987
126375
739417
330419
370706
265638
824066
13851
895195
589644
89757
31703
436513
795226
505219
477062
453965
108027
908522
567225
49411
126104
341325
808598
393761
361926
800120
532242
991444
878367
600882
510043
930710
565998
734086
141144
712584
580
221808
505800
798055
882727
330017
760967
625198
935914
592175
943279
529417
903512
96284
131739
819953
195786
278914
231879
364584
782104
158168
227731
686419
276972
55651
413670
559471
153650
394811
824559
641969
207211
666232
687751
112766
149665
522682
865843
13892
364021
130258
109573
20659
618132
851665
957089
353756
869384
149290
273245
817572
791083
215686
466306
960996
924086
379557
263856
119393
534711
846508
126365
761955
582753
429199
142014
398900
661053
637851
178238
172151
4223
90208
719915
910498
995699
409658
541616
413017
214038
826556
558781
93928
418113
317048
720067
462237
585408
459692
920091
111744
334978
901388
594438
29424
432168
315559
762063
153244
819520
358713
183693
334106
272523
3982
445637
303527
718906
646286
622636
502588
720376
409449
962377
286921
192481
610463
596025
612497
383632
249132
395724
459297
129237
613327
147469
745198
986630
916470
617120
310474
23532
906952
273219
634819
345246
517710
182134
506264
633516
44671
996599
922649
598194
783526
994215
605850
62412
795442
593352
317075
360488
139098
867048
120151
356534
636715
811031
944623
144573
43247
816339
811219
174983
980732
408709
531908
965949
145878
42276
933705
920973
369218
351800
158147
627271
12776
608825
874543
312327
75747
145110
538744
898573
370537
955665
947959
800041
974994
722631
283272
253265
188615
925134
561098
892501
161544
361975
128498
433961
66649
592114
453324
222881
371466
913937
921680
625276
269794
501605
677277
154839
935783
6404
931925
842882
259661
353004
344148
46320
337465
147586
643213
345672
881072
315699
555267
852184
302816
883708
844962
196265
438539
168836
653624
1325
302156
522470
49491
987157
275272
275853
57463
706623
449522
25145
761980
965773
979258
881630
705602
411089
467539
18603
848850
803364
223263
618728
263123
964886
772922
413368
344806
751807
340000
604542
131870
851060
938620
781468
181727
325270
374158
836631
412818
188100
798391
840982
564034
647984
153956
153417
278806
975183
628309
453479
70635
507434
101449
207439
760269
451986
425224
686288
423827
962928
263052
385092
542868
662010
451085
830551
681353
180994
826792
916774
845185
56041
576427
221570
407035
419440
560319
828051
96867
407151
445107
992729
854700
448158
480865
488462
87942
986640
226303
849000
55293
810048
680772
280186
797742
184580
784308
902906
271910
386142
449290
346077
870360
327282
664130
588638
446395
683409
608192
919326
35582
510515
487136
168166
258601
888068
372187
68424
294289
151765
643922
635299
529207
488051
136122
441220
376575
928917
714597
987050
528392
430446
468905
158306
549868
835363
242415
50577
212693
300439
959578
250832
821562
623073
173393
275057
678389
271199
400235
531168
899331
414436
758582
919717
67735
978636
953700
904966
470939
950641
651091
112138
701444
511542
81463
284760
753808
612864
244455
559421
476383
937413
830656
344972
675755
577340
483066
122399
879910
881972
945669
57980
845551
933377
134815
782676
181872
480721
538229
630437
142167
35932
79731
867838
34926
558330
420010
922146
656345
370190
692893
835974
12076
629216
13096
10421
425382
160201
859406
888660
976142
766599
634206
371007
970281
948272
383360
632913
955221
702340
648801
843459
760454
191323
71609
613164
227482
34941
29301
905254
264154
936528
795078
543249
357071
719980
611206
42801
767615
2891
532546
890227
870403
175196
653544
258061
898310
969462
868622
710786
36316
723178
841628
496197
590524
598257
564824
305397
903836
136324
398668
499207
497639
346315
440022
522370
18526
984237
367564
264035
34376
551942
970377
520736
933015
11702
901465
67786
972633
967702
335933
99787
688855
555078
372187
583439
494606
356002
776133
501632
419399
149971
484388
451241
50389
436929
584193
211388
125803
160358
868015
1966
978071
19518
813785
201216
307359
255451
739620
335257
252599
495125
553280
766095
805211
724126
331280
893957
527247
689331
255284
45806
1649
470894
126895
43824
219640
26488
908218
28451
47819
49437
237028
745144
672896
800248
423588
919351
351279
194317
349565
730784
804915
224501
840140
40947
723133
746932
175089
298508
320404
395494
585496
444710
577645
168280
235491
989056
900514
700980
329718
552348
971922
673620
679710
754212
404374
867447
330078
99688
707867
374801
694488
720898
709217
1468
159829
98331
391247
497677
907377
891142
622000
821378
824742
864073
905614
558231
638963
259005
231145
534327
499624
569291
480468
450831
128657
430230
739885
283007
810621
390007
126071
330986
181289
552547
389206
635181
197070
908202
854118
436652
335556
699864
559352
596296
527761
813630
39849
524397
252755
208267
303457
999559
892997
531539
507173
781780
90289
992434
391194
555861
566066
615114
714455
834206
346597
465831
978469
398157
770156
152324
569750
376727
880798
668839
474302
764158
476175
583079
419795
262942
526519
214222
492125
845607
79553
816857
291161
464037
759538
76444
3248
81403
779956
65026
624655
634159
341247
680882
273507
199134
908195
197390
530290
464144
462003
308053
97689
867494
505681
687144
423262
840816
44691
27754
463665
165211
457871
818048
357956
740424
268617
27448
604163
142071
792885
597765
102578
622626
340586
129640
976163
432422
262950
965355
829648
729948
417464
130888
131994
267335
139470
126950
962079
14821
21915
772483
156530
297640
234724
480493
301946
756223
556968
662890
465128
694541
904938
527479
903894
4987
785948
27181
654073
500265
538602
795648
419843
921151
500384
595618
951320
414946
187896
209541
156330
543875
435140
39997
88499
569681
933492
120707
726606
167054
153285
181078
654195
881599
498951
778107
691725
959741
68296
540774
506874
560745
935970
884465
314270
386173
559262
547401
415204
71997
670724
216424
371155
762060
501505
117244
569672
322394
467827
660199
888086
737339
866131
637408
516342
461459
455359
371446
249581
625966
526691
912949
235961
916012
967491
552417
45111
141913
546856
484319
414228
220955
320101
917683
462957
383236
309253
408036
177350
808840
424276
656700
660068
409544
419334
468396
880136
667404
855175
697100
160136
774992
888927
747711
367179
142389
933825
638325
502240
609560
893874
938378
143931
505664
791633
131339
453582
409841
827143
470361
267329
246749
295691
234343
5773
527546
94098
99678
27130
148399
490898
84127
299251
228264
59698
554536
513539
828105
91344
819472
91694
15678
145838
196908
430638
460273
972537
710036
668617
109717
550520
633344
99915
872992
956302
843915
869349
916309
734123
699930
165858
889087
51093
121878
246786
926713
285519
102676
738037
52906
128419
312726
759285
363919
448337
459051
334656
653873
546964
762289
565297
64437
525901
360827
649530
218386
120271
438413
639809
664733
757446
855236
341524
112640
309124
347923
225225
844425
699882
516904
307446
606110
816239
829164
268361
719183
360848
45226
903494
721604
109332
529991
377372
834709
12219
645551
996322
639032
525570
896913
354483
346581
531286
3840
595554
195702
887443
201530
209820
906650
826935
569094
513497
201257
353959
647926
375422
931585
453534
8972
587987
697006
567534
16825
482268
180921
971508
117248
237846
296919
584989
961850
122191
748354
851726
307698
528162
566182
378869
697072
115599
399281
301866
423827
885043
592717
986497
8983
357992
287338
298030
605559
841147
263540
28757
109420
68870
449828
778030
763091
211690
266227
213394
359212
802283
715112
106532
637247
463592
613138
337758
75545
770357
866322
131575
383604
533015
270672
898414
239604
309531
984974
594038
908238
478035
921817
622334
612931
109358
516379
273180
780298
640051
154318
736597
883084
805274
405131
673611
221897
665543
95873
464644
12504
931812
786241
237459
669835
788249
345461
151525
552561
819307
87537
435178
634100
473070
396129
158045
230307
17192
728162
358962
622859
503492
881134
943772
892030
600304
244271
518968
217525
122579
16052
46297
869521
959918
30657
989424
203453
586574
75712
578456
643440
968363
914582
998076
215695
812705
152913
237798
357871
674568
601213
166180
16888
483826
842454
123353
442789
573120
674711
415837
456039
867361
54449
818194
985706
115113
552855
440260
388591
48650
233014
203580
476056
161393
197570
403426
500482
589311
478636
300876
955404
662370
2096
663079
882679
570768
296970
824256
581094
427360
217864
461424
308164
316804
470715
16994
12740
675239
564295
649346
993987
872479
12250
38148
317899
791055
740473
680142
179697
215836
702326
24451
134430
245130
950526
256941
643626
188658
268047
665990
204388
870946
266246
182116
950318
760529
436950
659198
839045
384061
784341
674015
390303
371619
131312
951845
480045
738202
7295
90806
459520
914381
624691
206721
468168
754707
490028
483308
343735
585069
956712
226911
983555
492955
156821
936300
457291
288475
514183
820506
459345
365631
596228
682957
466918
326058
672701
434899
921571
188199
600344
854541
847187
162021
444712
456248
856174
49107
695486
73687
799168
157716
251097
530431
85481
409247
653176
422015
168189
834103
980880
461481
15115
435649
629082
220929
904635
60551
147204
469314
780433
832200
985543
584007
244814
221241
409176
978397
594293
951772
265080
725346
460267
43260
845222
256537
692983
484098
898485
416782
459946
271223
755320
188512
780440
296919
893337
981040
676932
270222
586889
610789
63194
351826
402833
603481
158165
267868
476039
520803
260929
766020
634653
602433
340314
742520
258004
289634
874644
418712
71630
204046
826804
77362
268096
240947
220635
99093
793158
473613
259939
524564
540048
925040
646754
256089
441850
595509
115020
897955
282490
964991
965237
253597
290930
120937
687475
425820
206886
187918
62690
415733
965063
715444
687489
436281
863086
348117
127097
431567
208612
941004
201790
67756
997342
454937
857166
550769
671878
965137
878359
584992
28724
691493
124213
688380
574459
46732
625369
725693
620064
956368
422917
645229
971494
810610
145523
135970
115845
198075
792214
262424
905785
332513
884344
879146
318006
189202
7618
727341
35192
179871
705626
417962
117369
394888
150758
857845
165052
713952
700336
856878
199559
159517
577954
384788
417453
338238
58992
160513
876681
390681
129684
114310
598407
74304
546165
931939
956444
849359
382689
649763
843734
278165
435513
633106
839437
352221
859948
205084
606009
138200
717467
576516
73821
952296
837020
346621
593122
301963
834523
724585
420478
584162
514778
800811
755667
121437
177752
195691
286996
890822
796240
146342
408354
837286
784344
66798
815925
526872
178730
820485
896373
282792
65088
537042
903081
836198
419288
227838
63622
258445
145175
67246
33769
897099
20938
14237
94241
615597
998151
353364
745443
289513
981106
597577
885856
76999
142940
532946
838772
93100
344901
672068
252789
187140
909762
544684
754092
915275
59834
29481
774688
918393
987018
459429
257613
667400
761864
728622
365556
661411
869221
393013
454220
346412
199596
196385
242262
4394
393767
670545
81934
992270
409504
136429
906685
182752
199877
596199
198700
877451
896613
467924
956147
914369
947031
166945
822447
983052
277113
617651
212817
773875
323990
717791
295187
55621
5921
236995
368454
694533
679518
683071
228168
746225
842976
702931
972945
585841
703277
821207
443436
893913
772733
704081
303426
287899
424161
78134
500369
922700
990465
320512
486780
895313
565374
712360
335293
294118
360246
461761
828406
965066
413989
64369
384164
753291
797544
658380
33780
928489
239006
817230
486704
309226
368807
197685
375122
208762
127118
705273
2233
247868
613699
526441
918713
83441
399105
893028
863309
124099
378318
567472
341544
866543
120481
150970
944105
4942
636893
265066
565164
633726
557564
341282
339708
831281
685191
363028
883047
184658
845441
497789
759467
157839
237604
136130
964684
350727
333251
416165
99591
15122
334606
253220
315936
17639
832628
660910
306968
703342
958563
984707
823739
778211
800811
263335
856725
799395
452416
833410
100228
830103
144478
914775
914217
45242
302983
78303
392568
527688
579240
203073
647727
531653
497241
296945
599268
141606
224643
673442
960503
750496
563485
744809
896422
266124
610383
588912
47358
632116
244343
978003
808559
929469
817289
809306
579769
928752
807953
301268
974979
924646
605012
455820
586506
489488
20244
886123
444150
127521
565619
78890
418952
752728
238383
120113
243184
607021
528332
645457
547196
771415
133967
707291
135466
510200
678694
153819
792926
657575
878885
386932
153839
468375
655083
691417
238363
610280
183907
297253
913243
678282
141606
240472
560146
315018
550718
269039
533343
653947
235590
788767
54097
839298
601005
785645
642810
373693
730713
528237
253020
989264
479527
307093
98304
88142
888145
363196
225318
161281
372329
378549
178583
450711
632578
936962
332694
850665
38254
39927
262453
781992
213473
305901
890179
356198
269556
595999
723043
21887
539334
949156
301944
341218
712701
318537
734332
125695
448874
320650
5168
27791
235594
963181
391534
913211
957161
353788
862554
680810
313058
512157
309879
190634
890177
903567
562133
442874
610121
928003
665832
106929
113489
912725
723509
964559
31241
549477
814757
445599
510106
307415
858684
287173
589099
954915
119907
597418
72257
354969
798881
231040
592830
641653
760616
195572
530442
843930
996300
829360
406287
54767
777231
694794
864542
876691
103959
758988
74223
692094
928321
216672
478149
42997
775310
797336
111984
442409
68283
616472
658668
352557
771823
419745
630311
792210
151438
350010
61152
84130
641259
814716
87659
62005
809562
633723
198801
923442
658978
477324
608660
353702
385681
197560
37648
662778
822570
606908
135548
420500
365498
511865
376080
391501
991497
659902
586369
51082
432235
882480
836328
226745
408694
853972
540032
720490
738190
736633
674190
313159
138203
218181
867547
546738
724252
242458
359581
741754
446677
92452
361588
154617
553572
883265
454992
962828
377138
118030
333871
136048
384388
349643
788996
375861
350961
743018
520179
290786
816302
937529
110073
767014
130821
112104
58793
804662
24613
441785
730577
258311
93330
819269
88955
472298
725565
445029
759887
836031
409198
488451
639830
864727
368797
958461
326233
771370
660577
12466
744104
322225
747648
941741
457462
124130
932325
943020
884962
567494
878447
835852
214544
76344
472293
514770
919094
312316
750408
800280
934643
815993
577025
122834
811033
600916
334714
332284
356363
459691
86281
206882
30850
900523
915270
784779
622378
695887
877757
832323
586729
480693
586303
345220
833727
851038
560403
510720
937096
782658
810186
59918
241183
871950
418672
609646
217949
197756
256350
331834
444863
30156
540205
954732
603429
307876
630085
786886
918775
608449
170707
21794
964450
610841
523225
241366
814784
583823
699295
618179
339030
763538
860871
277307
192950
772755
705342
192524
765765
48737
346639
771053
618775
616738
507153
21828
412598
164400
820993
579730
56386
711821
760554
104700
701426
58309
930432
284983
190776
953823
431565
954958
181955
150079
987267
727891
234462
126875
799727
769376
341814
86488
215119
867721
816185
416384
422970
606432
617753
596514
424701
365283
758127
477127
682759
872070
854589
937676
547834
19033
664396
847521
78817
885655
867636
672732
746817
971786
764730
248827
995464
534173
464851
823989
704866
876352
886087
727419
142443
3378
803249
755856
86271
926702
879715
107586
316588
607156
228646
787844
385161
696754
245342
664937
345568
717967
396108
775615
727750
277653
821230
626566
161292
330297
205057
408971
222606
521287
945895
864294
409000
575278
443043
397836
141129
224230
740608
23250
818463
27769
597521
866239
882994
233589
50836
340364
279501
609709
385648
105274
775958
796838
395166
182608
366335
646565
207780
720752
329621
259219
544059
428885
512054
772618
460498
294380
358752
743102
309995
10379
407332
676811
547620
356370
950777
473942
11088
205021
872044
232099
633668
573731
338101
647859
87150
554350
711973
259416
759070
963895
727740
145687
343849
810973
782616
650231
422050
288066
451463
73644
702217
359042
211197
829851
299200
361361
205409
900106
254264
335344
171906
94694
221995
515596
473447
202095
296066
168115
693891
583172
831062
853363
989767
596423
612243
855953
505490
661612
760633
82339
959364
596195
625340
632651
63792
596192
214988
556112
857903
106947
265583
4826
464081
692009
581321
870410
14639
312526
748350
946868
352476
117405
972910
649338
783098
818071
66463
16454
408104
367835
182009
222179
253209
914583
910250
876665
862400
889804
639721
396515
931431
849591
340376
7023
151135
246369
936515
73521
946258
809093
174918
713540
338932
635097
50762
463390
256024
551995
205487
703887
762143
875257
617222
810838
462475
976189
607349
8288
359474
495635
41406
19998
94733
758745
778585
533057
249008
305154
358269
874069
834196
224518
648638
228023
769744
918826
643984
832565
949927
520167
482857
254720
996410
835002
874309
417040
586782
424199
229187
128981
580808
652971
418093
801237
696101
596317
758741
534758
814022
999679
261018
861514
923769
532039
683914
17890
611315
303172
577825
532113
906857
151440
350000
514926
857085
7697
287065
652837
467093
989291
527990
50667
481288
766854
490010
50139
223410
760439
731375
544178
173735
478605
892734
566435
550276
982779
578574
162904
271201
765149
46947
721543
655842
108008
657192
973740
210029
520819
30375
556392
456630
342428
804660
162998
939765
22104
804394
364998
604985
330779
230285
560504
703447
199200
689231
8246
440314
955030
772590
69486
137758
722727
169722
780267
172568
477797
88564
581007
808717
76819
530706
612719
951555
307214
334432
63371
442452
158103
945792
62504
165438
846909
235922
262540
504664
327723
881966
46102
907296
484940
161678
617207
555311
995862
355401
25617
390733
316090
791226
695594
187873
886567
59519
964877
555969
147829
422109
593405
974632
662517
175425
910103
389637
528850
120162
452099
596528
866851
708738
594966
519479
678289
362322
680776
35159
893856
167477
571405
915718
336731
587485
553873
71789
684384
709266
393941
786548
634757
959505
507361
797109
125798
855889
804389
759890
394189
496032
790256
812962
88444
41388
612172
596806
418137
382622
736628
934810
46967
581665
68850
257223
985277
381185
451033
908342
304885
813934
5788
731615
669747
30687
645130
783807
14623
108691
751847
983016
751970
165170
568296
990770
144297
67347
14538
180239
920857
375383
230543
503869
815311
707378
137110
617044
661714
114442
958806
335935
857752
105015
72183
798919
401138
699307
704460
676811
540692
289835
410097
741580
11397
35643
549502
699941
884127
773720
816933
829912
104388
117151
513518
234626
376605
322059
159819
424753
227024
983900
888730
939660
46078
893778
95032
483248
538677
294680
550460
668
628345
861758
866071
416770
965418
72095
714822
264894
916946
779554
201393
895778
190413
733019
55012
742832
38357
967121
738535
232289
371882
207387
644667
227810
17242
825443
639412
608286
485746
781836
509870
730614
781313
338032
941997
139214
905477
699906
530325
458753
428725
643603
356738
133428
765930
565616
224453
789640
98091
340392
512188
970921
491220
984682
968013
93827
422753
404941
291647
751829
507548
277482
817076
718174
597345
787940
221959
105779
145739
888840
700286
292338
79933
651087
699692
792401
78735
708096
931878
382800
509778
184754
182495
501709
133506
492336
523107
367798
428871
414709
418860
916312
200360
2774
110309
903382
247373
897471
704376
479030
829422
527189
893014
639702
953694
239483
866499
533308
112430
910256
673306
633482
65599
87766
389029
77392
923176
719758
875345
402428
968896
104062
20881
611628
643912
963764
366994
669924
602552
492068
142358
585371
275428
959053
50416
892976
256779
92602
118746
850170
640636
985125
115126
77885
867558
646646
208480
65080
443322
659497
276780
297627
11647
401421
416321
85141
691314
68648
20113
601356
711383
779320
460916
859366
607072
524692
990432
937412
718393
553585
519687
223439
864494
555969
436045
205418
863482
126006
667109
580359
722349
469605
393479
512405
940792
283653
21007
349527
491160
972694
546421
347536
22813
922590
378405
923227
241238
551438
273083
704791
356251
771588
492061
425407
62071
401898
724404
647895
574768
448251
713863
963970
582772
924774
324022
311601
532129
233675
960593
619446
696240
392674
170259
310390
24831
334587
104830
477885
339515
380384
744916
981612
227879
3862
146415
458189
49995
78466
812926
862727
52027
774825
788444
457325
208450
806864
592462
920048
139820
240706
742809
833461
904429
952752
522878
21633
883761
367282
793428
780177
570689
458092
379776
893767
163663
233292
990930
127742
231838
751343
423551
58878
408016
223907
882743
531275
992205
780423
817955
158744
702606
568655
280253
101145
204419
794212
999115
921590
277031
754472
36409
480667
769822
882327
347026
515180
936071
490377
993499
897622
851172
108756
364172
714945
996707
826126
99115
119393
503753
880559
456967
141292
220602
936341
38223
366246
502695
553122
36877
601048
63124
803520
81282
563935
72197
980101
827038
251040
25092
359857
959900
149849
118802
166868
68152
176467
365864
165773
767438
668020
966952
263789
803921
99504
19365
465849
434980
380576
988043
520078
995864
124075
694061
921503
607683
649504
682217
405147
988729
894054
689018
806250
166122
889034
610074
604885
636696
943480
274002
31109
58994
607173
759263
473123
351826
171177
288323
140831
367056
893962
311909
429516
89921
330227
497765
537705
773840
748067
346113
751355
845174
710018
664157
184021
986649
853615
85426
345914
191295
37300
931798
495449
610093
474715
806051
449782
25824
317018
151751
418474
601447
220329
971688
653121
918619
21493
88497
66177
790844
58221
459582
136586
754922
490745
718944
403161
646077
972234
901133
445542
343489
475788
307879
909230
256977
173944
611559
542795
842126
846919
366950
900478
194749
987137
377160
153615
921659
906611
777989
944523
217501
251199
683029
433261
121512
570894
255224
57367
581161
325344
104927
29951
360243
925955
724474
257447
616947
237282
217439
363332
341745
297397
104020
739456
779173
260950
538105
875355
563316
717556
49237
745452
815686
50848
806203
756742
549380
66885
862040
478710
860787
386548
860188
541736
446632
915997
517443
75241
395239
772443
216191
571527
449628
663654
836484
424468
940917
856364
663983
346250
407002
50681
514644
266440
740746
497810
251234
829434
387283
374050
367541
303960
85550
801868
267577
551621
854964
773727
953461
532631
570817
381991
724859
377206
173988
433760
797163
916445
850944
955654
639519
200126
338114
674376
518582
273922
128894
541658
79808
439150
858921
304106
777987
549153
90541
932394
417128
557754
13101
26316
662533
306326
628053
314444
897288
267446
698332
879335
610300
744512
635289
591657
477755
394076
807807
267044
126193
94783
503287
121020
285896
805892
260952
382752
329333
614070
62342
418515
256031
89258
413796
75496
909415
973513
896247
621452
880280
251820
313688
697405
939885
255968
448725
245145
812537
928009
676006
137937
305655
25890
740615
284220
141678
206434
388470
434760
393217
311290
262987
605643
915793
346427
621359
432183
831311
610965
255162
415724
922785
269051
161773
490536
314224
925282
157129
403546
623180
291879
977226
607252
529405
9168
340035
183454
116455
696618
224087
132966
430104
374226
397073
860694
593458
341392
72033
30334
612592
726814
497460
716784
830870
307590
14574
983659
417657
914857
886727
717807
645736
153500
932799
172847
987062
92012
507327
527717
77669
320386
468942
96383
862257
924322
36780
782775
604790
411917
409935
296448
429566
37895
704311
430172
961259
73139
217712
628235
238397
982234
116644
636957
983745
101066
820506
336233
217303
218651
803023
138198
966814
416525
657455
239638
993854
900877
591920
402739
860689
202966
616716
651137
528495
775988
532633
881779
822292
821028
121158
975818
938224
351640
187380
608104
438284
462743
541550
313283
31316
257792
122119
347957
724741
797678
81295
671536
334579
613559
403313
629774
31927
570447
709484
348102
491893
421386
129964
936571
82630
899071
320900
824494
741830
768456
770827
721428
4795
115557
659408
855171
109920
459328
459771
889605
273614
125195
976961
590223
421318
995909
446595
301324
235229
567196
781508
712466
572676
154669
26373
737846
56563
808103
871615
814587
64370
616141
272572
116837
474756
116634
586963
437676
990384
467454
237502
692684
650157
541767
457177
916793
108713
726811
544890
447344
244150
703969
964007
232873
380114
62848
104952
547241
375057
972991
630410
633715
495145
183372
777501
508574
465754
513048
114699
593410
374072
926367
931750
397964
293654
147077
91436
539953
423249
922140
708265
576127
384822
776323
894250
85647
470097
932904
451225
74455
388115
194861
767802
220188
215710
993640
313217
733124
909233
170245
799757
96073
496747
93319
681157
970762
936189
665835
844814
946300
657265
145325
80166
370685
891089
97316
490272
865545
868981
701576
379260
103941
367341
101204
377058
608441
594247
801414
787579
382363
319485
779076
597933
771270
630398
946137
614449
547530
614935
344348
182290
749085
804478
184305
461571
177774
362747
714345
297309
461146
18100
688773
983861
447800
439827
408024
669015
321871
410581
585354
596897
812839
265586
783288
356541
675708
33253
527033
804220
675791
384791
784764
916876
733400
39212
951181
311318
521942
781289
548150
140854
973318
102783
872770
477016
261042
773177
179869
814315
727840
577599
338903
457285
887467
108229
583751
484819
935664
449555
551948
424955
525727
538609
778927
354064
185393
569838
762724
520369
477624
661453
966895
286015
876434
285709
367268
893816
199415
557268
803783
371125
587250
526007
210769
102908
544301
194216
565012
583299
921124
221053
321590
955202
462396
109529
694361
147379
836012
666745
161819
629545
419097
178525
864185
936202
673600
906512
169166
549931
390541
688086
575610
392966
598984
249010
540893
331290
614063
61137
980355
348832
530142
784726
479770
682085
302187
331843
343518
803081
670542
351937
701525
141330
210237
882380
172150
787181
245591
520317
911973
639619
345718
215605
418457
991220
975399
781411
213599
693491
915702
550643
691895
78846
906978
429396
8028
119160
864495
933027
856098
608548
607387
459385
721015
20416
288488
67150
264011
887740
857304
967944
889932
297878
521527
591844
827978
323027
627154
985791
389882
15003
84357
350146
89302
360050
721394
791400
34849
792015
978702
351598
165449
144411
657109
226198
51429
92103
188638
80471
922525
490314
145353
637860
800360
286774
403860
166615
237232
255862
444493
707706
622291
947046
840866
508530
543427
611087
849044
739977
430221
584381
113418
753430
818167
605887
630594
352651
360770
243899
862690
288347
132494
855403
443052
956038
11421
80504
856208
803586
804591
621041
24348
819720
250829
897640
797455
831224
973154
842345
645707
969001
731139
223064
846568
555665
12240
838694
65829
11278
199794
557680
54009
110415
922820
366068
21128
453089
97166
58288
892273
554714
137580
143897
10244
987292
214157
509429
835793
863750
979863
949589
688027
847613
336104
356083
761516
683666
474744
635108
769218
808465
883162
81529
918503
514597
130721
727032
84062
477547
545183
95986
549305
226065
210825
381121
590600
454314
272630
66336
439468
107474
29702
864999
493641
206137
481503
449505
511065
884621
469971
260939
706334
793224
38878
113900
216431
262035
51979
441164
812980
748054
117045
429074
963757
969309
416171
949245
413612
66856
901357
283455
82467
889231
236179
118129
256856
701008
3341
113975
78581
192439
228869
242674
827323
418472
345825
774619
751255
545996
693220
403266
582413
322774
832308
482257
26225
355958
564066
144180
636680
340373
189284
702907
495857
223266
58057
47372
696759
495318
249929
756034
31042
508914
352810
921632
902309
103111
826588
797345
864708
812114
640433
321709
924064
219775
385595
262312
204545
55886
149188
986469
288255
85907
907556
134648
929900
556119
452739
606313
694305
56028
753324
933637
952612
993534
855369
760206
705331
471157
464193
970962
706415
494199
784171
370457
262120
643259
351469
686328
670337
51863
526581
462978
916608
251338
818835
140510
381173
703254
913074
507188
276291
628742
876530
410177
14224
436430
15011
299723
793477
479183
868767
377518
664578
681145
787204
642068
746594
345547
843852
134531
988069
896438
725324
28432
275840
787487
301574
854321
933950
697156
530666
881456
115089
799478
247856
613052
756729
96388
833611
239706
82320
155384
501834
300216
783535
104827
77712
732322
582721
181331
673838
22158
830050
539213
519514
423825
211187
892726
885647
889972
891901
228227
438400
705250
530559
154960
62585
920760
789334
335237
468693
576255
699591
136085
976086
681334
203500
754592
703524
303367
222713
453881
618149
810012
129771
159553
322741
930699
292812
642162
370882
375661
855013
404472
35655
454476
12352
327801
350883
280634
139928
88054
10133
508670
781983
652297
500631
112170
166828
168590
397396
478088
979648
957022
684166
730227
708403
677047
540656
816513
371136
94071
358069
622430
996009
558983
652692
321076
873736
307221
482625
445382
14900
594617
389665
440796
770060
158777
838561
615641
872675
356392
501426
379112
669576
768041
580901
419989
476016
975889
731040
811064
886723
484586
777659
685195
925248
141396
428730
477533
902669
600519
716390
570272
455519
839603
583242
688092
106626
758728
969607
388486
594821
931218
877973
423467
30598
533307
588694
884935
138646
676212
91160
610483
36296
644911
445416
107130
951323
173508
14733
739020
980865
241843
18088
814667
854731
188617
11622
861187
14964
271003
232415
81399
98823
455215
777806
951190
751917
86587
922285
854157
251159
586629
367085
895926
438596
441385
419535
491117
799343
788857
71650
306499
412697
873726
374681
402316
370542
59997
782856
955155
131479
256469
622843
613614
969499
59749
563955
838508
214450
658187
721534
785002
619368
350886
639346
576069
362027
889021
966470
385385
692209
369176
626060
5576
58568
421196
410255
202343
650747
498133
34885
82578
185502
876187
153649
852464
655991
533463
360088
895921
841417
253263
19165
521123
786302
579517
465147
413476
132016
771534
393631
898098
53076
183046
123168
861023
759875
871360
46236
187232
101414
782547
120048
526788
180670
937681
755731
376449
427150
463337
750800
669097
127781
751788
172638
18557
835020
790060
766109
809368
132872
451201
909039
77068
440012
235877
435313
10442
19390
834879
333141
927866
368612
683773
955101
693611
427243
773018
789814
227172
560852
712703
177519
639129
345083
112262
436564
45177
602629
414041
817835
135780
793126
799673
315146
632890
618189
7643
437011
691983
38636
539948
424590
998267
716711
526069
762209
128589
239512
723226
263214
104543
894589
403197
66185
211140
892415
297088
384789
177118
818400
350887
370554
95309
328896
638747
409476
361794
380619
983690
215387
636593
494338
510060
271899
417381
979685
445985
295568
883629
418746
454518
329999
452724
708093
880839
617843
716718
290084
334398
603827
186799
881998
366585
289821
177302
470727
400202
990513
460966
539130
73304
716316
116085
57396
59810
297424
967868
81937
6820
40764
269263
303109
913554
274221
407592
869129
506177
651137
106588
433887
68837
105155
695215
631236
457525
459112
657987
399410
328299
668517
445483
565775
723239
993259
748573
330805
88947
886592
617350
262943
525281
63291
217976
799340
114513
678428
216703
376723
592079
852998
722513
844900
597849
41562
281251
906551
862846
686128
664344
599859
770529
928756
572180
567997
49821
88027
123247
399290
727171
407745
718534
387779
655934
84513
353259
399653
114264
9840
488060
683921
583829
466774
759441
245286
298813
691402
757135
981081
369015
256520
298265
87487
690897
188978
832423
783415
51548
285313
18990
346935
630004
534310
860863
896049
753246
304897
218796
82273
172170
555324
427748
770806
419575
388550
192416
711386
156150
230568
515382
140320
583046
73093
308107
905482
107934
338226
353702
310259
422026
613616
122207
870175
739885
963970
533750
934813
491429
3759
246080
746263
712459
577814
840955
676918
518617
668201
73603
956596
130215
805064
943774
545599
367118
573242
885937
27271
820653
335306
50006
200805
959754
719932
691333
440551
247376
505578
924974
482748
294582
337216
849449
758905
20289
952336
285381
718533
146272
33107
712317
387751
760757
678717
493577
410666
568883
453884
365008
660715
640994
445196
1146
463423
447423
539897
720548
399299
370433
726579
497965
821825
926519
396295
710509
612219
576845
56192
308166
616280
275758
718489
643410
225896
975683
492189
815804
814934
651545
305437
239146
244905
234336
894862
178968
42102
775247
145469
180992
732518
366501
255599
187893
902112
439947
495961
837136
502739
291670
491576
900609
889377
826664
804046
609479
335147
487222
982651
354490
895221
652324
700468
435205
979510
597323
68898
967922
220927
435677
67929
179422
261829
977120
194611
474763
537741
383446
207945
164692
20403
243198
644109
585467
94806
465842
471687
233310
148643
877041
167594
367753
706877
236919
995154
423781
14022
143753
928349
836301
489677
327565
380195
612609
933844
556309
284371
977203
594108
171580
657195
931839
564495
898281
106515
140280
849450
719473
155095
802270
917061
915929
152832
562475
914337
271672
618125
164748
234956
911419
780051
932653
834388
415363
443758
386349
172294
951593
81315
439601
391777
843617
980372
311124
32220
356284
905502
535036
246225
712967
126739
677512
890693
474321
855567
352997
151060
237002
72121
792960
98494
278919
7512
381910
5384
116003
643855
581159
649104
395839
338679
338056
683377
534441
178775
487128
652558
6746
110146
440458
471423
640281
42126
749730
373142
667390
449772
700731
725261
576785
70185
269572
126477
483281
283136
924939
177565
671632
821977
633521
281637
922811
111650
716158
330846
719608
2505
218317
674521
178920
178067
434280
397800
926476
437852
166894
290349
623684
981355
996017
478653
405361
704817
577308
447856
380
291039
708753
588167
700976
49441
12881
34427
277187
870522
286741
490270
139890
745405
879161
618928
852042
748517
908952
280769
119682
990674
43123
533117
422917
901856
135370
540057
85071
268006
44877
938073
726189
767688
34604
115835
154790
680058
848779
528835
479096
337873
632657
627876
663483
751111
240672
900936
259363
656907
30175
528445
927265
959299
374130
847676
239080
320991
26507
682966
710477
718683
182618
83773
184327
634897
740384
804460
97110
227512
668193
391796
366785
980925
287992
396452
729591
535548
960132
565141
971159
428955
913216
58447
14091
354499
64625
983387
136335
981500
968632
61607
528528
219300
130951
700175
887279
516044
410096
811982
759780
489136
17625
379776
179328
129808
401932
441043
180618
365807
743851
326026
67723
930855
980865
146797
944998
612071
515123
453905
4831
600011
198869
616383
134588
287126
38297
537284
207560
311951
864802
303957
4532
141557
679030
470748
699225
234655
701330
581411
806553
808309
186392
302748
693219
15429
924708
961674
889364
157635
902460
6416
763771
315744
993829
825108
702517
629125
215314
255120
467959
29164
29688
837493
25642
321115
770493
920700
951409
264959
584974
309322
663494
798753
315536
928446
117762
873351
298990
523867
502587
506985
634193
187981
573575
668750
2734
541850
441567
526147
636857
640614
574432
864120
304631
591842
911083
421431
957105
935315
429419
796802
549252
727994
137078
263111
264661
201062
729421
347650
848611
417490
922494
611120
235061
103611
864361
587883
906738
377795
636383
769895
638479
258939
802661
925255
88866
187473
607769
261277
579286
855253
877996
209661
229176
388137
296397
31484
265325
43269
697959
436938
436998
829285
171584
834921
538156
336848
955266
326537
989686
489860
332055
959874
91481
510019
94573
694637
711039
286388
65433
953247
342256
858488
602840
505667
189037
435338
509168
466515
120092
422162
372276
278259
126365
436294
27047
664170
438970
611133
941048
538942
969661
944018
667692
575146
739804
890545
639322
742014
480656
748225
300943
273556
439300
823406
369490
369258
8296
203090
831041
482785
577316
774271
316890
802321
439594
73067
747542
529862
274276
384761
38703
787868
741965
584480
855043
922418
982748
210234
349776
47566
759386
665707
804767
954637
752533
414636
731262
751173
404525
149875
558053
986425
218891
477761
761979
450104
290866
279943
431280
360850
796589
448246
881226
127480
964648
863138
289278
120559
786843
111698
107124
642481
441185
439526
704366
354976
454759
689381
626177
176487
266047
209187
716737
967344
668180
760779
659771
398331
450744
532751
165467
770145
289817
808105
205998
183014
908307
207564
304834
183476
141663
479148
31786
858234
132136
667175
302430
790113
688830
697550
755775
256870
754340
934548
684663
429912
310916
689682
474623
9840
876226
517109
192570
518600
829549
573061
490303
240186
697490
898322
63412
688470
579371
183421
424341
926399
739125
522144
953812
208162
746207
118747
167515
632532
250718
188284
650541
910856
499805
880842
259306
760105
477138
953326
482417
448730
200876
257471
14176
380488
430824
484841
537974
124712
754563
617721
700058
572690
725514
659655
670133
271802
610445
540224
880697
830983
889138
559886
688389
933713
43173
70311
432289
257852
165741
465903
902884
892140
248282
890955
739573
658915
627355
63427
727022
859902
55148
151443
607900
543305
612140
965582
259299
588538
745164
59120
487039
555473
416931
164606
416549
468745
726367
727196
775815
388987
604311
650795
83831
932624
661051
192412
231331
680417
871725
290070
448510
656237
371625
956480
377728
158198
923294
733803
447427
347448
116129
205535
343822
792135
223415
15041
492783
427524
862480
524894
749441
521915
876179
958358
494094
142877
543572
517543
492557
931349
79907
124565
782284
837256
733886
588083
570217
280302
247206
432017
797306
718664
392399
91779
290765
379517
565616
478601
759625
548501
516091
503200
344499
319824
149095
519332
793485
274980
453864
805344
645592
862482
832960
923892
608507
102116
786287
487266
51196
697221
127046
216117
929386
561213
94170
431502
443101
462215
510931
406092
389334
382672
952548
924759
450240
65294
647573
73929
234328
228283
677947
396218
11048
210669
749578
136103
892718
859924
32129
335871
472476
49679
811715
549385
22969
442667
174406
719604
475685
276089
207716
927933
450169
670218
342031
371447
146444
206345
584866
458426
919763
716342
37842
816362
810400
653819
57475
859811
517835
375020
334647
169662
491566
172448
157281
668355
848841
450790
710680
831083
532359
432038
676583
241616
119448
817238
911169
600499
24061
800341
985681
645802
693346
80424
935408
368356
5029
253582
589104
716762
248309
203393
899989
23956
530581
400268
388196
22677
304128
316995
514451
846053
593639
47716
544095
713977
801558
247113
160125
542464
981364
695686
886760
958348
172841
187621
897113
237083
275162
67835
623381
262978
921103
119910
902240
206453
561462
802598
107279
176117
93057
331798
268795
679254
404266
730630
715409
974700
827350
786549
847367
640658
917335
774896
9961
187158
95180
737153
354641
467268
266083
99926
20917
392846
154367
369392
492315
69909
208373
448772
616423
132502
975343
572082
132628
419380
538931
572703
120129
710173
640254
638833
490851
816092
96778
190182
231449
399931
805615
4114
377373
874579
941542
64883
721622
347186
864680
663218
63370
608231
229236
569273
969712
606444
95088
953067
422435
120049
413415
865412
782643
579393
949297
646479
833110
675795
765488
274878
105148
237424
443574
893289
836928
279291
589956
296166
633914
583458
171182
310465
998193
872544
765402
682008
886318
719020
779175
977622
178731
169793
335786
957194
449323
215755
16019
755555
208291
510123
502574
512778
600534
381863
370822
626652
778302
320689
35940
116546
722790
733586
722741
349295
895125
759731
617609
745526
297700
187272
677815
957446
842737
662746
182879
733315
736428
416303
842888
285761
807694
918999
241063
568863
960106
481302
681857
159166
321180
12265
570023
251421
169374
103799
961056
943699
537593
137301
159270
662760
336343
389622
112966
931599
817783
864685
51434
205316
24187
965921
881140
853118
461724
227148
123776
443345
738493
696879
636492
162852
865948
812246
854772
222602
598501
582211
610581
780478
727713
308026
857812
811712
507852
408745
834295
344326
657283
647089
985456
886433
616860
485461
901754
647470
771280
593662
994780
654389
477587
836840
527499
837281
182725
49389
778029
849948
410496
88428
202487
84422
314449
843606
367927
541139
173764
630228
662894
165503
104729
467480
743637
629422
99923
111039
607872
813539
722862
459616
242464
93213
530608
15348
19491
288329
321432
347746
282550
151720
762739
594405
505322
379007
249358
790812
298292
111413
283142
958958
797263
704972
825659
997655
610300
283071
381475
550100
57513
735860
816634
912039
696432
326109
38551
414407
922870
86193
52059
308584
397492
934531
459202
589218
662674
152700
189723
664896
33839
534969
447572
918312
72446
673283
860847
585634
762762
294759
996177
34054
344089
296434
416569
712967
457775
183307
637326
537878
857258
587885
446096
322100
475210
683903
235057
16983
466451
885265
612925
880888
649739
541813
199540
301687
495903
812408
902264
430892
133154
713468
93409
647691
54517
330611
744366
630387
815873
180282
153751
215763
95265
824527
86270
538169
80861
726193
818435
789497
304465
430611
125366
390390
11757
732028
175976
59664
187477
478526
257562
273194
892073
622480
171607
522454
887007
695947
742622
336160
935051
742270
646711
937076
485056
185838
384742
483244
54609
174765
805501
804730
112817
210581
700876
338031
902904
500513
354356
386662
465286
278441
88282
984015
910338
809017
464119
471899
693628
768204
287435
252993
340337
392042
986225
932972
233132
636699
13262
418049
259337
598471
476195
892880
715157
994220
15554
988822
303761
697786
344798
977836
982870
886990
918331
867793
842578
608841
685700
360207
198896
33997
499195
837580
525910
61011
548747
235631
765896
796332
23545
726956
951913
507090
357881
882734
454178
644586
908317
897184
764507
317721
701992
518168
495911
270912
801729
898465
639868
791573
783363
109092
430559
979743
853745
943602
879006
461710
744711
905649
353335
500
530539
113568
905367
108132
729667
46536
373500
712678
323424
706625
865211
150292
260439
825438
647518
61012
858736
18678
233253
235441
596920
757904
538989
724440
777265
522794
275566
616301
15146
620710
975007
193608
20521
311634
56500
847888
809220
665170
110023
933489
829647
962156
349589
912189
456815
741744
317663
396189
471245
988738
646320
126386
654695
711173
779711
366988
688704
889510
540394
315653
529720
112642
719202
901947
287478
118517
518886
642089
494721
4544
369384
471074
719534
553366
765260
277033
290100
580803
638350
464815
264795
232826
795010
848489
166355
137465
819127
175438
944161
486875
382837
865258
648180
933050
587942
938722
994326
427646
604945
988933
240254
412295
46465
261962
168962
301043
293828
448876
203433
3660
507535
354463
815263
751313
651071
78637
765377
941215
236090
745522
777880
20220
360500
245360
854307
936513
900558
288336
895117
550817
115288
738998
420926
760282
478071
362303
460430
43638
185570
118938
21971
835710
637958
729792
142171
612092
609098
892625
448629
402220
379373
811789
563434
124799
351178
910763
67722
255883
874173
107993
649376
637586
702560
263889
962247
72812
406063
622292
717590
998100
736778
900231
492342
795789
366360
851494
410325
409903
798983
657257
298291
420818
388274
897202
202330
564309
922012
717423
330090
864332
966297
6674
199314
770052
18892
798122
877467
500659
7243
200798
252574
940673
453471
727174
714582
199277
768679
776230
934416
271966
20187
482952
819135
947079
118190
968181
701996
800181
755917
939664
901898
211256
394309
343310
386343
736491
421505
81621
36479
415394
19248
989040
6315
825584
725061
282157
757431
573266
150104
577492
261137
897020
170474
364228
992732
950269
98502
706091
913892
575313
491586
701601
413485
993987
351653
933154
97764
447677
10978
306278
391735
463982
678467
423519
405440
740054
717089
707215
198812
794801
808399
518531
364954
238781
682007
913391
241359
605034
42588
587943
42759
515742
137119
244472
583254
290786
917277
707937
103692
450284
64148
748657
501126
96521
557734
495422
508385
551911
839319
989823
686154
75772
655729
958791
78001
59287
131783
847518
814492
599617
873814
99902
766936
197711
897223
575463
284490
25863
210832
686111
940515
828269
963195
772170
377074
668713
765119
378209
437267
187862
720330
150162
101765
438185
211872
663349
797146
643004
728605
486886
634055
497270
656470
890819
515355
36441
508638
370691
81229
344744
175716
60401
941
456051
35706
97156
665277
533825
656944
768029
131673
473560
920991
938973
264401
585131
259714
780448
523287
413537
523454
523033
209428
801470
271618
345994
519125
450992
472777
259681
498274
543672
124220
46378
703279
156019
727413
695157
764140
29508
166623
31621
969975
538912
736185
984050
6961
876598
35641
705692
916206
358265
980045
281932
847686
172427
252604
846248
568840
687304
992811
396691
989199
687339
975932
233887
252844
887713
333073
663664
626690
715752
942063
394094
65393
948708
990141
447334
986602
472062
631275
712446
394210
126649
268783
871251
548066
151187
561706
250993
219450
302868
128105
962606
925910
649846
643784
830307
97064
194160
478258
208712
535877
795105
837251
901483
76748
267670
116238
581581
870977
192376
217530
985241
216632
936469
469959
691906
675308
231241
10095
582967
60591
636616
104039
371910
966076
876683
695108
472074
456360
647189
708347
26194
693175
365793
892289
128848
563147
834474
132305
732219
675127
646550
127180
223170
545714
448064
853178
350060
186407
241505
873646
682257
336361
613402
519048
410222
278596
86304
709396
666409
516015
746116
344784
307362
100701
889822
85836
539250
951474
101013
965801
369603
990867
881614
243395
875212
491350
86767
811307
482471
767065
240335
544525
636816
917998
631804
641649
691388
663284
45544
231197
997524
628417
102832
834071
208460
289339
461258
59655
908389
47814
115211
190843
50107
366807
428179
246789
814731
749671
529558
641727
465925
103300
688199
84271
574730
920322
466402
990213
430659
241166
578966
550529
28445
339810
629326
527537
846436
20244
707739
713688
818363
30858
470976
435243
244086
162632
869081
652084
162260
93674
672616
563866
556380
317485
549629
845368
36754
572967
475394
133545
988374
810071
906785
143845
222042
362007
658770
823044
340542
603438
655684
675106
896970
636418
597927
428316
354311
455914
221972
703286
645562
6754
83226
616734
363134
703064
739238
674187
710589
88227
469838
323264
442315
287187
249402
811693
786591
721443
356463
253812
863662
255179
130617
670601
544358
823922
354741
653298
888708
390465
426744
25774
944466
651923
128800
792754
269057
140040
497013
986190
843550
496249
404602
634415
185268
915013
342294
444221
442431
565770
711514
37284
223176
170544
572143
223601
823458
19551
445917
993362
856255
740753
614202
235008
638383
49345
426733
469816
218551
743747
591326
487908
402506
829677
214588
68697
231142
554291
668458
646906
564110
533329
269319
473017
418847
20321
547544
869181
484946
357708
371092
211168
931661
303389
963212
720399
753062
556849
618550
661397
967925
194379
451221
320241
10324
890116
407238
780387
513590
158559
666600
928710
374433
878266
961129
382359
795657
777569
967466
661203
639626
179005
968846
258495
745090
406570
339108
353089
262858
944294
366766
564908
56335
332517
675470
266777
564176
749569
865740
519600
762358
852046
9734
652358
415883
478668
125365
717280
173656
804981
196439
66326
369120
781303
460351
452115
489714
540924
102325
16057
224943
934436
192395
829985
984409
951764
307389
448832
663059
899112
892164
878117
19323
770948
990327
710558
106656
214792
175070
439931
958306
886369
251029
797418
729253
74428
381850
577857
588913
781270
600179
410971
385386
337648
567871
772185
884518
210206
748055
601866
168112
648893
944928
203493
666841
893572
426800
735411
541365
295732
940762
989578
391353
551657
892824
517491
560943
455251
722644
148333
681299
42366
312531
720075
482574
973260
268862
208504
13196
533317
239054
191451
670268
109957
165268
766677
677539
215636
709283
360807
892702
858066
659419
438513
233138
247889
874450
868565
726481
70077
500960
850490
828908
60150
778695
93869
375343
315582
145021
205601
251550
357710
467288
306839
508938
525507
16277
696025
761967
914422
850373
240032
639533
29289
704277
333461
421921
836444
80440
18228
735072
879168
741555
16013
846992
625219
178245
993829
482914
991946
953392
613369
813359
948093
419176
295970
698030
20475
841751
66708
221328
309038
609739
632704
781496
746874
797245
160538
393562
485327
206655
465717
48495
428703
662273
118025
373330
803433
529535
295511
82234
907314
257931
314979
157397
120469
709746
629024
952061
380402
857742
854634
345241
293186
721832
524909
880019
107531
609287
77475
796465
854958
916313
365690
4947
72030
844093
650387
739016
16299
738347
246695
753612
639164
809921
844036
845794
973148
128427
117877
70538
215915
194733
882240
998240
178485
132048
926217
216657
923039
327079
654932
350522
613629
599996
13416
423006
414721
642844
771662
866180
951887
715196
800377
330923
138795
510855
816319
835563
73044
823237
298694
455146
509354
372521
857722
489655
879498
434103
961530
97990
806266
25872
15890
35913
344576
481435
109283
692967
143501
551698
848031
614363
171991
179238
221041
934700
670212
921616
48761
683460
551682
603574
654069
501552
161459
727606
726267
991987
574726
668689
656162
441351
947425
590391
886017
524017
750010
941739
923087
613696
46277
354386
408042
539361
66183
276126
451315
91554
891914
256017
107478
955073
303657
815984
514663
542256
18315
404103
180136
530088
774700
905107
737767
408999
2263
376527
42116
3592
763120
607646
303057
716861
997805
614737
767378
166123
567525
751638
13539
772961
372481
953342
26681
906998
996687
469353
382144
245823
636725
715409
997092
35178
153474
184175
7596
290427
121440
519181
736960
503776
891622
658217
231819
336690
71050
55043
843451
223179
84340
906564
508197
167550
118253
251595
907590
627959
151414
834964
284453
567152
824181
553031
923220
584141
16138
760475
499668
145686
510080
399141
489496
906702
534688
514530
199796
163231
754395
443786
776661
808119
721819
65501
889100
632915
888811
819042
387608
130915
845030
617784
605080
688336
166174
645723
991077
947977
673162
886156
742972
690698
851441
678951
498721
360985
628411
662423
263920
752206
711523
423967
753843
150351
622768
205472
440118
706963
414577
287661
167258
482449
602654
978314
42825
635658
15774
362118
66947
67056
478626
828914
60887
797234
22894
488829
2862
930405
220792
533165
172418
373584
240937
288892
594668
644692
442368
30285
72602
900278
883926
277321
748702
936331
95868
755867
904356
38719
943104
773572
457788
5825
122127
655835
487957
605902
927988
575205
883339
625497
252222
608524
824471
607060
702912
658176
712677
851294
520882
608487
171523
231561
719093
85506
76661
683334
565620
291357
666277
791792
736870
946034
758519
355569
424047
780892
315707
761109
754022
707827
803900
100329
206322
728520
715445
622415
140429
935870
658467
507810
885995
644547
954166
343872
814835
582762
432353
498296
4268
62759
559633
913105
889331
688998
928570
742261
810408
253000
924492
838841
303465
775291
83333
960842
526454
414324
351072
242741
355764
173708
212331
507154
72013
222644
210102
72910
703860
961878
547815
743508
357062
95882
659883
201624
789452
243314
554823
95936
890589
354483
135116
843567
874849
219216
627177
430126
635504
771236
245594
301881
902296
919292
919678
229924
515837
358799
411015
305704
289947
929947
853899
136334
953960
197085
697463
15671
624597
812395
535522
203333
643122
898610
701631
736810
989233
612424
509229
232139
666114
842861
980201
759888
684382
640291
777123
978187
295072
606631
669102
840002
199437
202763
379792
344539
6452
867825
446713
386147
499569
605734
654929
945402
978059
288152
367018
739231
547453
246837
944661
788500
708626
714274
874256
736558
161833
80917
712925
612219
623064
229648
743726
404431
114285
912571
366011
994541
107472
61148
984054
664015
743748
554805
52182
445139
280012
527738
707216
729794
512810
669165
592805
986557
802178
648152
651412
819334
129758
547238
348911
517544
718795
910815
609227
32196
658080
416255
561617
991034
181854
587313
295601
731312
599091
57645
97271
449346
876825
193451
858165
385734
762908
873474
349664
5818
508920
290018
718519
871053
750176
673834
654878
29638
499099
512295
874761
111893
812681
49578
398419
831285
988932
779589
15663
1146
900002
748642
742965
137084
554326
323519
129310
288800
695862
310730
175755
552128
198679
684436
955775
981238
930068
151989
171886
803402
580334
888829
928813
406325
502285
732818
620488
198098
690149
907307
449266
530272
264884
525928
120343
612982
316839
717195
951054
484868
940252
653335
609898
699265
334979
196803
603312
949942
598365
873819
160738
640295
618726
267636
804922
232089
995536
907978
921458
965701
870692
365432
529344
116887
795917
473170
741088
827235
906352
671074
290441
493477
754035
409342
351041
138291
602335
147971
691724
947841
845728
168752
548288
227537
443817
100193
804788
894581
605876
39973
4439
647810
560743
513279
803228
765715
610643
489910
943379
278583
403925
156313
819027
476408
592607
644499
846164
1609
420433
34342
569049
290635
348801
259719
53642
367676
112346
193110
907999
512700
693600
351289
133369
95101
776145
871508
804747
687367
110695
430759
264693
13158
655163
916931
999921
215921
816771
652074
658790
192887
848636
911746
422618
709831
788067
942518
144901
603868
657116
565610
873728
131683
933430
506136
688732
216619
705862
968268
841168
828520
467887
855032
385226
471716
777924
459957
123238
153923
184324
279575
680060
644529
426436
815723
381012
770538
419370
33935
790260
335525
789013
618798
129050
931294
432858
789719
51206
950591
673578
929146
231151
772842
782031
965118
187541
665445
526805
581121
64502
44579
801669
39725
669466
211819
306124
410996
290761
498215
253499
395880
425181
296972
261288
260472
865586
81888
632369
459019
202233
808237
327841
879794
506604
656384
103274
377294
484956
585694
190802
618878
638630
413124
989867
590914
219908
945562
386810
579249
811519
374451
389434
793683
361090
108227
317817
80092
988170
434206
860191
301254
489018
470761
188110
543305
483788
133599
577125
728442
996961
73090
315039
891133
480632
562716
127065
838376
921597
419632
257009
883254
865849
705218
275786
395813
697576
123392
640107
61037
624680
438796
995975
749405
622797
155559
353943
519443
363729
161595
839524
278743
797161
371525
504737
827605
718131
256669
758196
921205
15691
633251
40469
322137
342076
841800
871183
526002
774227
834806
443684
957503
586000
29981
560078
656356
939638
584667
570079
438499
701890
900423
181769
990521
655416
108827
635002
703127
654232
595899
877280
434555
763120
288294
665034
995691
668107
643384
569327
540430
289479
189273
138631
979751
903492
961478
879063
822318
796408
944442
454666
698893
792672
562424
449147
413748
238033
445944
946640
648345
595053
604459
797120
374159
270448
641325
2036
190658
671018
21255
604747
571789
697479
812893
8696
889272
283914
335482
873030
533713
778328
676406
116092
595749
570353
599618
62236
433244
300281
783632
227653
294062
302068
297697
289720
479558
30929
926892
297911
728881
242205
77480
674185
751235
886424
664311
585371
787846
158181
550703
304705
855328
41690
259333
383897
582272
892152
618136
484496
724420
704244
23192
331710
13099
105460
654737
379501
201522
955285
610264
254327
221069
288297
555021
911683
651262
792793
426068
702054
33113
345751
101289
417582
919106
691674
460998
340338
206905
16239
681724
299650
363590
319298
135136
24739
27822
40878
661954
35496
117698
891299
171608
262313
520337
823539
939322
252643
931517
779449
619975
574252
116907
875942
687141
87889
208980
546985
673637
467534
318457
251258
27780
534248
111795
132164
608845
514923
732392
952557
569437
577340
893402
939651
707967
336986
626841
80900
297653
871925
908889
865034
345176
950890
247582
754641
938262
39003
727507
246055
191707
136936
403834
509999
234891
930252
980926
477457
616235
971862
867173
793985
998879
428737
942305
864747
930958
730803
572549
571640
893090
455119
706453
859008
891819
593655
349878
742476
147619
668769
512196
836614
748684
726164
577091
942656
246582
778048
305773
155421
858716
733624
651817
943648
919342
759501
67869
64271
853930
250376
895514
151939
857699
152067
529398
538959
416420
173476
391351
950155
481454
498615
869675
55164
397340
902823
838741
685729
606120
137561
369346
243164
612614
202086
154745
819771
792430
686835
791184
660259
650231
270062
711643
161368
451935
709222
21824
576555
678567
567239
481382
943873
511835
825329
427852
347323
330479
810037
21814
128327
820293
135532
324673
304515
64652
236147
969624
333769
521602
24070
447487
797339
548633
266168
554061
318636
321080
272652
417911
757641
828888
204660
691398
109603
887375
998755
646826
719353
57578
610257
90793
385702
231410
549643
559856
59268
955153
694963
327370
728188
345167
617435
448814
643052
857461
514938
534386
146419
32722
414217
458206
761564
375643
337981
599772
854564
400301
354657
817803
515497
326319
96463
437170
918066
302867
904971
535633
802709
819835
193147
476691
384393
447480
117703
552737
766665
539117
925065
789776
896032
964114
377457
583930
816407
137173
590776
303210
2169
675354
675391
488049
993792
301923
759748
560597
69214
445643
661055
419049
670057
22957
973279
49208
949347
291810
954332
329947
540197
109542
935865
284586
844584
568668
513944
929103
364400
340264
331449
276726
573206
902202
51025
922913
409456
524075
956995
779351
619615
291071
943997
222332
683892
421771
121202
209468
497535
573296
515567
572513
48758
891845
549980
348741
830335
57747
422994
74337
635931
671673
776787
412675
244142
640624
104746
961182
798639
88937
338720
228283
193896
537235
918232
188814
646506
756920
669704
724131
11985
795463
276308
933687
55791
791084
529865
603428
225944
330779
347250
82100
553866
606380
985626
522838
224374
538401
69664
391149
884207
641475
991472
467846
813614
78121
768739
880290
815232
255898
692149
914162
802317
212106
484767
122849
895877
776065
114321
172555
248040
804313
206222
842699
873522
107238
131619
659825
326946
801840
877061
687315
649190
658267
454854
347898
271717
837224
126708
282494
488104
962452
382606
911724
340006
647454
345956
619427
938794
398630
480586
150718
90211
169265
918392
636331
907656
19593
535297
228570
360102
29953
481582
947666
352391
377111
805943
482589
586880
465650
236445
644708
758040
697290
831591
414549
481616
263462
698551
105472
530196
667137
112007
4097
941372
399942
361286
38552
3455
827
7945
368085
745013
703162
328688
479022
22342
566169
585622
980019
410357
64811
663860
501016
791811
228384
566291
97841
207361
787143
286699
351805
921781
179444
74781
129753
278504
658557
521994
41814
735371
628510
601934
894372
552451
133756
895517
648365
164504
619783
439480
782974
832821
773624
484555
294880
663069
719738
171942
236229
67755
70565
525206
790110
710787
388069
102175
347849
626523
98681
547289
69480
686432
814551
476645
807949
183878
38190
923082
996689
528559
813955
986159
329860
758199
576509
726071
152638
775578
873404
644981
303380
792771
692643
696138
218471
916145
26742
555106
650390
559816
15135
689863
558739
76210
143243
268960
682643
987824
120177
336331
422623
56257
790387
982034
695880
259245
845085
224332
842103
873198
571978
441811
265314
60028
795493
835037
382171
753268
54669
321017
752067
654564
212946
284968
632219
977269
547996
62998
168059
422581
177516
724723
243035
954753
43578
615219
152526
754828
551612
250590
945487
574670
90440
95828
596660
941835
93392
499489
465919
274430
958413
392889
479380
133666
500727
623184
174980
247454
617648
897112
438727
350411
317824
59736
388809
885091
825787
677670
658267
430599
797887
3521
472138
527852
612250
209933
696269
962212
534536
129195
846871
773189
891609
550068
478221
76920
788657
853587
581970
116063
535786
837436
77053
779940
632596
940173
863148
759835
120476
866623
316594
317843
499530
904520
914540
56062
765732
853777
91185
381818
135408
386511
726375
792763
270423
268289
177970
258391
180069
848452
427208
583982
518829
6934
582816
158324
947466
656165
302345
270301
680768
866003
248919
615716
385728
274505
744120
972919
177290
950965
785252
125570
984301
572129
669683
61974
821290
469873
139464
549046
380215
869433
188971
863230
403487
377209
283765
726065
227014
231926
446244
343069
940170
687989
369423
802477
638022
781207
121395
856587
266928
70988
585387
323695
868386
439477
795454
584201
757366
183002
110418
462919
967818
940549
576575
695875
249315
319609
807359
388877
310509
705426
96705
555024
668192
245498
705564
408355
328191
333381
307553
525230
289530
80298
670601
593591
233460
796831
69453
555784
152543
171984
46485
686783
532866
473595
716936
581554
25244
49899
437250
652220
367587
517646
534820
765097
785637
635765
973380
479290
109648
131049
675909
422805
36685
877988
753154
386060
87366
730163
666276
921096
542280
698598
290707
465937
644484
953200
622601
564221
958384
283170
194434
40180
364747
73343
458832
286300
637373
654843
280203
898533
60764
228053
875749
722418
202507
827086
867995
137762
236093
260868
918919
371515
427671
352560
653202
228211
717748
70520
937800
862106
286914
265970
90564
642407
22857
476791
217290
307165
392076
154015
631219
268313
749000
316062
243203
372731
606233
368570
721622
422639
110716
205992
467193
850263
137135
692931
198294
129494
226933
302120
867847
475132
806070
535024
236747
80009
301826
791883
791830
337120
637814
12661
948994
133002
224951
890072
684644
829219
882588
880062
251002
876837
861608
309809
216000
631950
722164
147954
579041
550065
686891
904786
550091
250007
752815
53167
124507
599503
605210
91662
911671
384921
13407
436690
929531
893163
459214
217111
421579
212126
61622
37358
840008
737080
945380
643317
303134
293526
530826
954769
850297
669046
177084
2699
59159
341023
32659
588228
664121
167469
250356
130326
466803
161021
773995
906121
476707
930289
258224
751855
724414
247392
263500
100509
935238
54429
77205
758726
262488
743586
880725
873909
345505
702234
19273
927014
337393
226632
236101
469122
42279
144215
789301
26678
601932
463934
359678
480943
456892
971471
688322
93812
893247
987101
668291
88287
97335
619592
192223
209977
561
339303
893369
198385
777309
734416
514232
262265
694171
474566
480873
35838
689963
409088
78848
766274
978311
205010
610940
756119
933837
632059
44200
718457
391059
378314
18941
458953
902623
400109
739621
181090
328111
381847
977050
766490
172978
116941
315757
628823
844890
160846
141923
499339
167753
97501
168698
747725
428904
100844
790921
593109
338199
812711
162053
602772
60414
709529
79136
97646
149442
852607
985803
94997
559828
699432
987484
785539
33635
492485
347339
74067
2481
70035
858135
528061
128643
338657
971462
565933
36146
356928
352585
598654
535583
627271
309821
526616
41604
742016
558926
875490
594661
230579
584822
232102
701861
125196
357092
979457
426420
868715
486967
781379
410470
483977
361385
695273
681951
88642
750729
257716
733867
149763
512736
798309
927338
283152
36597
432024
937832
300530
380781
548026
380427
538300
256010
460137
256421
709881
647316
612711
784106
900916
663765
453241
961275
751780
582333
685730
900129
382449
391014
464247
429909
132903
956466
639007
868091
910774
17361
876585
387503
65251
544223
545482
958392
905423
245226
810225
548826
149474
873361
452553
670344
158100
173703
881355
419573
931928
807479
781436
79499
746789
904002
474122
874933
643362
577380
88255
534295
927277
889588
126496
112477
274056
847242
782245
318641
215264
278843
746004
318790
463996
415487
25852
572498
565374
570676
256267
18328
346457
785915
819276
340131
97232
912896
601473
346255
899238
86616
644121
920192
349288
470723
147471
275318
175059
624528
907231
167033
317283
915808
442468
154286
22073
571906
781523
856332
862504
776638
180366
176232
527388
567213
133414
397868
148967
627781
608240
914342
93929
821171
474562
408700
25500
647393
431563
345214
356794
342487
795468
858196
525963
777981
914487
255062
202190
214591
482146
715579
787779
989129
838632
784040
656979
321714
682141
28330
410013
478965
847019
40703
285342
421017
820365
665935
432764
547379
205480
789240
345007
727426
258561
375046
89421
760312
351263
587778
850672
733848
279166
185249
212678
134906
454509
932446
465652
761132
577733
448354
688039
692275
448070
791134
730746
91055
625551
659707
908349
834268
860346
206889
528040
848628
898258
449492
624284
701042
398577
821749
56210
340530
722939
764293
550882
22837
419889
692492
976562
639680
349810
291287
597881
940579
259604
864007
598383
379031
464091
321798
347603
932033
377428
871701
930584
54739
564433
795073
258669
253778
32514
172660
139368
369586
70827
487528
52686
879389
644807
951990
871361
822802
579001
368909
262535
649834
381291
782974
26611
407479
628678
46771
370482
692421
328140
68992
799668
28546
734165
578898
3060
513914
733796
26883
311462
810426
595557
705040
955516
877718
64901
788130
88150
469127
198702
256136
269572
570668
836574
224838
108856
719729
515811
638343
986189
672141
66229
618669
940910
80613
684527
711177
214820
781518
515243
957414
744640
420400
511738
827200
421729
755013
983037
830674
524259
714625
363364
15181
468197
298828
903616
322532
193396
514539
754694
674052
726681
238396
912482
899809
30523
77664
266357
184748
225203
882355
184429
971361
311339
65078
131584
129980
430641
103310
921541
645003
585694
469989
206895
742495
570781
897647
166822
808924
658010
494791
17988
899248
729225
702455
917161
158432
997712
289687
988091
166782
158098
821580
812285
861623
55065
543538
926219
173065
425119
264916
890351
236561
259641
367384
363811
804226
980577
953016
30756
782898
450398
719275
158128
941262
836882
575906
262108
964206
29984
28397
569747
944260
427640
28286
84079
12141
977728
705862
463341
696490
847008
188732
747537
993384
66346
656892
445909
894459
972965
377548
52751
799913
136181
872313
960094
536547
680744
76960
724240
721423
67103
982408
872404
334208
845783
285549
823638
921799
558291
88344
250493
711843
557928
701865
779517
619219
984996
219639
20057
331021
521116
516430
385081
35783
712657
216343
285155
78002
100222
792149
680601
459718
983361
311051
428623
882296
892387
251324
367240
312713
38918
840906
774796
522936
534442
29568
504456
282712
291676
759531
254082
428796
704123
67875
323254
389390
897448
864231
380114
322431
774025
718886
272907
711768
193082
271386
86746
977135
209746
861071
110743
728246
409741
74114
160880
326574
964955
181412
728070
77305
371332
915454
31076
470348
497910
658094
963868
978755
699245
218191
348608
771022
123773
947063
630010
507209
911743
800089
968713
883754
710550
92299
971800
846227
710173
563811
410813
971720
653678
814714
208139
148154
507217
519378
84628
8770
246720
8852
681150
739561
12500
891954
533184
693604
264781
41643
86330
100701
3842
530413
476335
980204
393955
225300
476256
830949
643304
940752
843973
135242
375385
284325
87786
809633
513528
487501
347749
284193
615502
563320
516848
351622
879761
505203
477671
956740
458415
711462
170783
365271
839225
214968
29344
625913
160623
982157
726913
236845
761572
139759
537183
205113
922766
718730
584633
199024
410924
693777
191915
652397
575700
155455
388805
235100
876056
255608
734920
848434
997140
277134
977212
207229
219799
230751
564465
651413
113836
580187
29200
532722
63620
817507
932060
612888
653633
798861
317899
371757
977953
443780
265339
349099
453701
333900
892755
456432
709981
748644
902007
804786
74803
196228
756263
293521
929168
842822
20981
348997
630670
245409
980961
824822
325948
127952
606162
291883
279783
563217
825971
645402
279947
94473
901224
978909
914582
533188
242924
154950
266965
506907
271881
649609
155006
452975
535922
833368
352664
648337
652736
379084
951947
91396
55623
971518
682240
950042
531477
100982
541236
333946
401799
221691
171935
594435
125255
339977
688379
62987
838565
330145
967347
384385
457745
637882
292009
201456
832691
541525
7716
713828
490151
432238
673045
974503
747608
445902
839364
374948
143864
472254
802012
283693
987929
991894
615503
366232
36843
326131
133543
330180
551058
247750
148395
594809
503075
44873
917034
495342
940476
270286
438950
409188
14205
355952
8224
714479
760167
171754
286333
260052
318095
991494
367762
123406
938430
300077
616849
429355
51240
713757
444815
428052
538824
141050
663025
161321
931668
657211
93427
401930
859170
339461
860116
516659
816919
520725
250145
775103
108295
172822
558173
427981
88431
522706
208586
267392
873162
824325
11479
348960
835539
189709
345446
925598
364568
596414
469753
463860
446840
711507
819000
817195
186489
306175
128033
938422
251784
847137
839372
342908
394894
933845
296538
63219
438315
527142
599930
864616
268113
350434
641175
686811
105536
35015
842082
56646
607641
103257
570167
724222
858082
218581
182766
370803
263957
759679
45121
130130
488933
810584
530965
865929
1998
287468
175911
688362
253847
795463
972436
594665
785255
212616
573828
16383
730945
631373
529397
141809
713310
935374
323168
72491
271334
767942
634249
810118
704394
359755
510312
780201
396737
688767
399983
925131
324444
529247
430328
272534
280968
825400
261645
428071
338464
175738
297299
505586
636077
786981
441043
312131
467963
164000
74022
34783
572120
266920
590845
376073
689900
900133
449483
215072
508016
401305
845967
147622
533068
411377
729345
82971
377233
259710
15704
184008
186384
853757
112758
96343
976149
41746
835889
47327
613123
871444
872767
667774
557837
611009
641405
141663
749455
229970
528860
337628
812679
912234
854569
870781
347635
946280
334391
988893
636487
806107
323050
888813
55691
249557
861795
735442
658127
602520
694083
983018
52684
659950
278494
81836
813849
772501
571518
793261
627142
520470
295121
487807
504153
871798
774512
978996
888354
605254
375436
573952
938941
864661
694327
677181
611428
151110
689484
784007
653550
675964
83005
16199
427880
812081
802039
29198
467663
369382
115828
472663
793511
585781
549404
836399
166714
304770
580633
844144
988080
810640
55222
831784
276040
539056
247922
879705
957745
230803
75815
798362
74119
784257
134930
745115
925741
229986
114431
527878
7043
554426
368530
94656
949444
934578
533555
119246
334847
374545
357911
20437
452272
790346
6504
473914
435323
355310
169873
456872
100164
99202
582951
103983
621037
674667
607159
174665
749613
993478
83048
1593
394441
64404
920909
45453
722226
875922
513802
388290
558908
422695
336991
526662
590326
791287
413334
886168
238058
913429
189957
979148
274738
833045
256385
806250
731701
662910
923039
658102
241405
246047
802472
324619
56054
393273
336920
487457
837766
904857
562195
684781
424579
953481
830565
817383
465749
589788
899828
730151
358890
279208
684997
240937
918607
170257
192871
914416
681906
472255
697343
267782
535089
699697
2097
546144
323806
739947
708649
561248
452306
109579
284547
729333
751594
893818
525021
54110
417699
909949
182966
225931
763662
210859
347395
355236
343920
564729
860366
98595
352696
55473
938763
853148
90845
984066
154105
3229
980884
80048
549809
193904
25707
341996
811535
919677
655045
863614
738362
287436
366770
557214
976529
14377
794666
125795
95347
227424
151271
940819
617451
429160
854620
977945
638647
913308
596949
483540
768883
498788
162092
914123
769127
641010
805157
991615
540074
959720
40679
139801
33393
69976
908504
107075
691767
118947
841363
33043
319371
764482
895560
823969
337585
716451
947441
750905
36854
254955
268653
731244
743636
482650
390459
819713
112573
831245
432212
908361
301383
796316
995492
696144
829877
594723
223847
178159
258398
232414
174877
591359
984957
110510
778793
654696
363668
29112
768204
693143
306557
79341
580216
160206
382094
297636
452308
967317
521960
411938
480396
477774
312029
89212
677713
936742
339259
2580
581108
293160
356793
841407
302554
649323
202365
552263
791517
962348
469320
616524
387456
710134
367103
109317
361228
829629
16471
781540
892235
54667
511451
466392
763296
426898
937181
86828
36673
923552
949303
444236
818387
389552
868604
355752
68065
911132
456321
450993
913912
205872
248577
42561
608417
732443
115825
727191
260667
253631
816865
97663
411957
786663
42187
612049
122278
651736
204156
486160
97481
879360
513052
213106
515608
270987
476956
526591
689795
633429
302842
877010
569293
56122
446900
854268
110660
940744
402375
316168
189723
459798
686562
921242
307301
577390
251308
155953
821168
808101
291695
731211
461116
733836
636767
148968
885399
355647
681291
738470
675606
931482
405855
819595
202674
828812
720595
814690
902140
166467
258484
965436
615998
797383
246669
207255
874480
928611
358962
598365
518676
22141
671400
713795
16494
232455
675956
596306
739
881614
445439
851843
61422
18288
426466
936130
307961
260907
886612
670613
533982
726224
968365
829782
705657
393558
586518
928604
821801
63050
331600
840824
847780
200740
708573
560027
286196
350134
344846
666069
323218
212989
678570
657912
944413
183834
670264
523739
802231
954010
84394
164346
139965
751985
910886
434619
964128
941062
972594
912012
650661
586984
206907
611559
507445
625118
431553
204727
951457
104219
132067
19413
339127
766544
931138
563755
634362
641884
750805
481081
12160
324703
329993
351478
820525
955052
627922
184590
692039
101212
872275
546186
492919
22079
724070
111694
608475
78894
276808
502459
76234
672188
231652
954869
241445
71819
792890
340734
288918
149626
462060
976321
458472
91068
113061
293483
269699
49284
762598
268532
357954
107484
870703
202172
113779
882901
99334
976912
851818
644889
551591
839051
26882
39516
665800
115609
588850
804593
218439
972375
330567
494841
536242
719702
252547
684406
386099
539967
681170
26366
289110
153552
400805
246090
33273
427844
593070
558254
623247
361809
510070
232611
741520
18123
476446
788736
602817
754854
977904
51912
940443
794457
863841
141468
290459
680669
840101
877009
465765
436692
126191
443164
448917
155335
851012
791850
579492
887304
368251
189132
821428
274294
888595
709072
601145
877023
235376
427
899523
464768
790388
34130
712236
636455
194358
455271
609690
671226
742562
753360
940913
354064
916269
822756
978520
532156
479411
500927
420711
623467
406766
514037
84202
745251
909973
629475
671188
14251
617807
844449
93572
169162
372050
542163
252524
640743
642461
375327
720484
824783
292686
864697
9034
545174
183008
936729
305235
138772
183109
428047
172723
483793
158364
612781
728933
150139
694415
251106
480663
311699
601548
668646
816438
677801
868254
380817
535889
697596
164327
280071
399084
810435
753404
759694
688612
538761
344605
70336
707513
538611
382800
333275
966845
967325
800281
552246
563928
169635
910679
565327
659317
601084
490941
359551
172685
151680
941996
429198
785358
107018
914858
913635
453927
524472
979970
182164
74355
194447
207736
946908
606783
323004
271462
511402
670458
620405
131575
545110
983160
745598
475775
96430
800355
27080
53302
651503
925438
351923
599760
321680
712663
274612
199802
146999
642569
582738
432626
226639
984683
227467
635971
922545
340185
339667
525468
563711
971421
919100
276684
494160
849977
447153
574237
300357
233491
201820
511050
805882
680829
479528
997854
164184
976929
117920
108010
642824
346630
192118
797986
62850
37633
944736
239124
905475
32122
513757
736262
174109
388313
216662
103532
500520
624206
381151
993475
566742
999227
408924
425677
107941
944062
315073
323881
387373
54558
23153
343630
322393
648465
855560
444580
101746
184423
868660
80063
578391
914007
225342
984312
344009
595493
628647
352746
692067
761900
512749
360454
17063
249805
115245
633620
733747
109044
883874
109639
700562
680388
610507
509499
507310
263967
488939
872653
861219
704147
637674
533271
247344
193764
148633
68230
598855
706674
48467
63194
761028
129543
595774
145402
291642
916799
212017
524914
114600
835988
872048
619146
568074
634629
370002
655876
26828
328035
756996
128945
593497
688824
310886
579120
640786
602452
360211
876164
587995
840629
518846
224977
109199
919826
931447
566835
132755
190916
334797
275643
24392
329874
731534
315271
851738
264599
785770
862141
65334
905362
984630
183012
292120
760650
400396
282591
237058
778076
647375
379654
303368
710819
766412
630626
636936
98242
671484
714565
22008
268432
978214
939524
99032
621345
856161
237971
8518
868589
716407
953019
844656
99168
221861
784890
362467
57597
340416
158647
992962
326512
216305
286112
593427
882670
641249
535522
885044
671371
211184
639428
64747
138776
820318
591393
275035
134006
544780
461120
421585
552892
747421
345873
79230
270784
818743
735239
639168
869446
684070
787468
247960
850435
149407
379173
779520
185612
170529
418404
238678
100448
381623
693700
346993
377102
678234
329828
496661
221444
35444
75427
221121
728950
963264
483476
266085
275431
702989
120478
197872
378647
155233
283635
931336
557258
615290
935915
181971
727344
484400
230972
287922
536630
215478
740120
251982
945320
189759
168164
891274
186881
810301
668176
853016
18257
462532
397847
329448
357897
167566
58517
834042
313254
558871
982464
395924
351416
540521
864644
101456
513806
454066
100415
479309
201536
224529
677014
602054
357849
257071
431794
311359
559967
971530
878107
71899
666559
972621
441327
969355
162522
426395
827710
499617
24806
546411
562053
201986
22018
805069
370502
259130
285851
620363
37376
407658
524084
636331
832016
694748
463381
634640
43876
632183
405266
822592
865368
165710
529334
142144
985199
913938
337677
581915
55471
341288
961931
43394
284377
945878
463900
30349
956099
273814
896201
801823
129556
718989
455299
528104
122844
360469
722192
664773
219213
128694
535055
167682
405658
153652
468457
383743
416363
490178
672790
328048
708346
631252
281481
212030
286541
973458
379578
890955
335504
48872
354062
673107
708046
882682
186596
632365
570316
234485
295678
869937
660994
960897
106634
202036
481207
215699
352844
492783
617912
385758
444331
744894
756212
463081
77397
592388
892983
752764
47311
920875
748673
581684
508124
310345
64706
411190
751689
876254
807349
664960
788051
78266
551254
869275
25846
153147
397825
546413
470292
751028
133289
343850
261630
665322
56177
692907
910625
164024
494186
582359
635472
523282
672874
395389
880873
288614
560517
465348
260903
174366
580459
802618
512836
373122
658654
364232
62153
480123
817038
473030
59635
806195
396114
663467
56259
616919
426949
129373
989475
135294
446331
442599
615728
311267
418207
229705
10472
844430
899435
5352
986417
922578
959810
228326
927876
641263
141869
609228
24628
889367
26864
481508
672351
101902
127240
920164
702064
15722
491972
616068
36558
169466
151933
247985
42660
684867
603764
354010
172878
877798
596998
810983
498141
294429
574478
474889
13383
977764
19351
961452
67758
908404
480508
23178
817995
985386
830175
41369
164279
804487
98562
297316
806166
887569
997893
111608
546656
771734
583292
852084
415309
248208
294316
367620
715932
140388
941795
890535
302145
558725
400113
42667
836137
145205
573702
294779
726507
914668
806569
765583
795660
277329
636627
678337
386351
611813
507238
625152
291351
604095
718797
685725
2651
746674
783153
883139
463397
271434
403668
978372
467238
952501
184654
533006
91802
269183
337122
119228
74227
376182
15357
325384
259813
545132
867978
999583
700493
131035
930036
667341
415422
208419
603641
507991
822378
427118
131112
974376
552490
345524
575223
77539
914730
480474
206787
494935
115060
128630
654884
414224
245015
352814
288428
899850
438004
958398
171581
372737
499236
575895
531652
678884
667849
251493
584534
157224
6192
130153
844965
549880
206176
589317
465822
3977
548354
336471
878307
420172
653356
975356
463520
859709
555084
535094
324556
36057
93997
367080
233982
132780
878953
767038
222057
367752
847660
795433
265718
900689
91936
817160
421501
460342
593658
671842
145119
549242
506465
886544
12930
257712
192694
22008
640554
989637
45636
17396
752433
741879
522373
788816
253795
631588
159759
901938
980600
560829
502554
27349
959214
359001
500334
645805
420163
149094
252717
864367
467020
422586
521914
694697
480117
295624
744389
524812
677334
31661
206517
835402
292077
417066
824048
234266
107710
600429
741002
838617
589124
904136
79175
130634
822930
114755
839439
241406
119435
201100
559213
417615
920442
83789
352323
728966
809231
311382
888974
35484
590519
654777
267666
439518
50775
135477
779746
784233
867044
470346
381710
110485
676897
709420
554281
32815
141046
714514
203765
938654
498794
375661
50990
127078
570685
404790
735152
777099
688997
288544
400837
956557
199587
79341
454287
976850
466432
732893
932430
13218
406633
392256
425807
825484
8484
616621
648370
876773
357678
93387
784790
22960
869811
53964
897059
730137
996777
934650
994931
42588
482698
852905
130013
102339
28524
447885
326176
541836
254654
147876
973353
762856
913313
502355
583105
230944
697889
951759
167382
466643
23886
523762
312613
458522
349179
588590
704832
909516
417554
313437
44481
15709
540562
562422
464715
46945
606247
623708
917241
300847
166757
117264
664103
327200
355936
534407
360729
391671
600234
933399
697931
208154
661482
52043
37909
197759
497237
133269
825467
161250
911820
322147
234511
877746
593298
760010
985603
92428
522024
250271
737167
454622
104327
222821
415099
471534
371322
226400
344650
370227
531605
927368
496003
154465
56533
812377
897885
428418
733014
923655
677126
301696
565611
630607
950032
860095
877406
600233
282552
925863
134340
722010
860693
107391
110139
128997
301978
797621
242562
877857
517191
520442
378998
746278
827314
128202
338853
861089
738862
918409
980177
907527
50005
191881
360707
148710
87864
554792
439752
508055
995871
929238
230989
514064
428095
620981
231954
786326
934647
426137
678798
381391
842886
832174
423968
833782
886670
752761
105644
18919
755581
749239
56794
891418
782110
813473
670119
108332
313659
630865
592166
73113
340140
629247
342615
161799
716929
195748
262690
309563
666119
672703
105585
790446
119227
938357
941927
140794
234377
723347
331136
619503
987135
245296
779654
618435
580307
947630
102381
166821
101901
502111
577996
761586
499666
963395
811256
409921
206735
485551
320767
207001
170366
844874
502014
975746
285080
526130
276767
690232
295319
438204
705907
683900
62311
226327
361448
748038
114024
172753
247143
371989
751650
47860
355981
449126
604678
940745
224899
396931
731357
923196
790460
513458
261840
745311
101258
719823
771986
508361
445854
513588
793326
771479
893018
713940
870760
939410
6165
734311
286931
530545
769578
534207
989039
187061
145149
516666
768444
798834
90700
362000
878943
759790
684205
561868
763888
99682
23401
867544
182302
181021
834805
276016
960768
918856
148425
813497
548985
830468
731936
286059
297606
445552
660810
943656
610919
858182
603377
22001
966759
587941
677990
616110
773898
36585
750439
723946
37075
305206
484272
78242
428463
428372
4410
77042
454529
672244
341844
814128
39307
995281
490205
561876
845493
476530
98780
141844
231613
114060
636156
48719
462012
538948
296167
904799
975697
368849
650557
338513
458284
554880
871153
535729
944377
593873
809344
168702
112614
348991
440015
343100
283795
568157
479649
496105
158550
59676
948786
456519
587175
557161
518898
745368
389743
505715
742369
518824
759656
374794
201539
92548
206896
798691
296385
161800
645360
849848
472412
718486
515235
764620
259598
26595
991174
110220
207359
408811
617115
796241
580128
492741
942745
177218
2280
280337
569651
740119
504169
443597
547267
73144
818510
40839
936339
662275
632307
918445
992904
651117
741665
6080
804780
631168
715173
824615
620438
33474
326539
615840
264888
666614
198524
1809
959301
790908
796529
134141
446397
159827
877331
543954
136726
605631
88369
45662
301768
489990
991389
678946
873398
334548
584804
697599
310260
129854
951335
697293
970169
57187
639706
519115
334370
756079
814745
739056
245280
302137
104162
889184
673088
432396
93299
918522
730198
477187
281729
51278
242309
574349
138642
475116
581676
188113
417400
586327
914288
7467
871786
468313
337378
85587
911104
500784
790221
939743
663627
117734
949343
949919
851790
742462
857265
584806
8925
354826
630453
55656
224849
65882
250235
895423
930981
960591
4064
731272
933809
796493
289939
618154
487104
856206
412869
797750
393680
461140
723565
79146
422821
335415
390837
540368
133898
483036
47684
429316
387685
274118
250601
40146
77174
43782
394721
530237
139820
217550
69765
366749
988260
35300
814739
168800
273983
768178
229783
495281
99870
480505
345973
210741
751100
845542
731414
117234
806633
806909
252781
31114
481503
907762
407653
737958
887107
24087
685353
670254
300601
295854
819983
374452
431460
308000
387233
360752
869497
729095
201482
694886
303295
804774
416154
82532
724517
334200
331510
518439
777215
547621
216287
475933
400287
897937
249309
826502
151500
620559
419143
178036
396514
546548
647282
727729
160901
164869
953396
137023
646019
703826
474260
527802
816966
405852
102800
460570
494002
460273
49865
501973
959713
629785
355343
130401
814776
195305
628101
956503
22566
251636
703793
333747
732665
269537
348898
702712
544924
894872
837502
538416
268337
923926
205863
884113
404295
251297
378250
554684
873528
198933
678852
725086
410082
199964
792240
300473
283584
831932
10641
225725
132964
852426
931737
702608
513619
541180
735828
342701
60477
767580
364596
501608
484247
591321
93433
298512
613783
796024
815613
763117
731467
301351
904601
711080
94871
251570
130423
349898
528009
474831
350582
43037
101018
97939
528563
930542
578692
937799
55867
748340
886394
287190
320137
700747
544521
168093
925373
130009
164745
601445
14812
601809
247103
488557
919294
767510
2707
492511
807768
118647
265640
436517
562086
961113
490589
271829
233973
922418
389664
504520
972426
673777
579562
847624
54067
108988
758235
575975
480744
32145
207666
693037
752220
952590
872232
245161
492838
342924
627818
223208
677767
932197
89842
851716
826199
735958
65537
711763
460881
883072
758011
423809
939063
948617
804702
497848
69219
792863
161120
334779
772716
69981
233701
78034
373681
397894
837786
314528
696709
367725
508913
424656
782455
878071
326265
892846
661244
34937
15192
671378
219771
675515
759144
576502
482613
820318
630700
108265
672400
106457
999150
224989
123199
258399
826102
452506
943823
390749
300137
793813
636239
863
623739
504028
607965
124178
418898
184360
662601
142692
474425
438741
768361
525576
771709
286189
496505
409813
266088
163680
207916
634766
514455
372944
843155
230844
511738
584905
24297
674808
450664
348686
802361
876997
642781
472334
760748
504409
907601
608694
620979
544508
851189
805984
728397
141834
867404
472424
442677
251091
139044
891935
673900
856993
324465
311129
933406
780313
3588
921697
339123
859770
363117
773197
948149
726787
300266
492204
642777
760497
255306
441883
793708
409446
161250
311799
927771
665637
293163
372844
530975
460346
89527
51820
600963
271607
5262
559164
70995
563480
59689
287720
454499
795912
287882
473111
584825
563069
944438
825017
253080
920318
397520
913501
38186
369156
621332
900510
644361
971006
787500
321277
225386
341935
585778
540299
764582
143219
235459
565437
99686
644383
151292
423074
378411
71301
618644
712624
2552
174743
270550
631802
315292
816099
723257
932734
32927
392700
151325
157786
255049
827321
923813
512991
374921
722007
85675
208062
29001
194874
176996
718495
224268
750288
394642
549329
240128
438934
920416
13467
845286
768309
265821
657137
917082
451652
516632
304195
942529
211761
200340
159151
122959
411897
836904
276886
154995
235284
291638
461707
253791
922159
900101
751784
807095
334417
612094
223227
340437
784799
982784
251998
308535
302651
722656
217764
861126
247878
542464
789743
719299
587142
30858
895135
922576
168995
74570
14693
986265
339532
132134
74229
684765
918135
594234
218138
770333
383557
238612
834147
699999
444099
98057
777851
891167
36877
127346
688662
724179
235405
59846
365704
201626
994849
228629
80304
784832
116827
668895
450897
394800
185057
604047
782145
342135
787381
725079
710458
763952
967119
972073
290957
658322
123814
750159
295991
672018
353167
986215
777484
13238
256316
881599
5968
947128
88037
187017
833253
781971
853827
914363
164126
366061
793657
472453
58225
605600
489102
108336
897419
677798
80149
556368
418046
807329
755182
12069
868438
689605
80101
527252
681993
513443
851383
25213
176844
378898
225717
947897
93314
297788
45634
398385
880207
58434
641654
53278
219915
149517
400165
315096
658195
181043
776826
406429
475321
557313
919804
484833
646683
912043
254515
937292
584913
765773
385316
246165
726976
84765
228279
853497
810123
672240
774842
91479
13994
977893
454270
82283
746067
525938
774495
59429
417748
474889
467105
947813
452802
37478
9462
330646
76619
728312
965597
425636
678952
801897
341156
195419
103471
495052
650702
587485
647877
280482
593487
951488
652721
192073
404084
699650
380299
261250
791583
368489
908179
72669
601968
700092
5534
563459
737536
847511
448618
513376
375879
306863
816659
394347
107421
106467
930399
713363
282590
125114
168115
951688
183590
842175
42857
841954
102587
775606
828217
986226
197578
800250
352660
825892
972746
42100
483215
86605
253309
687034
436476
845463
987989
844674
304917
629254
745075
943041
397138
144102
780362
458148
690714
658771
622306
482218
649301
209317
446777
547868
953824
563318
953732
378346
75418
428625
13523
819108
410843
497656
542482
646481
46917
633682
637355
827503
807922
478063
83721
560008
525453
371129
879096
777902
633405
129658
673384
970195
750779
179908
742481
632839
20740
861825
862960
607246
246890
331351
554095
115485
253382
526647
659490
5873
329032
446851
116206
676237
813039
659098
797636
488462
246419
349505
350987
465772
947743
311215
879452
463887
476765
647925
231783
217803
785450
432200
432690
753594
891400
838828
608706
803893
827666
595327
435346
988399
625098
367136
39872
349101
950415
628922
458183
152230
807018
750257
445351
992819
582663
107559
517089
729906
27776
897963
831774
77821
217109
344575
3248
11650
546360
879044
262512
227263
449285
134980
697157
249501
777551
946780
958854
393125
32086
183684
755383
94115
601044
101884
140656
626838
593526
101845
352732
265872
304488
346522
859164
518897
716553
442777
726987
261946
216702
858065
946653
918928
661282
824057
61280
71056
484891
107883
549669
178313
690120
772011
506552
829786
231574
215704
394442
499433
180658
487022
908528
613053
73049
875446
417156
465977
249291
213515
812969
903350
431773
185993
778349
95803
795950
389331
976519
969756
875378
825153
116863
245676
701546
999653
801389
547872
997748
375224
107161
193153
373374
431014
881858
84941
702742
426803
670074
928171
10397
234568
556974
925514
695579
405150
969476
385941
569388
810502
569885
526932
229655
104530
820985
936098
265151
682148
156154
52167
162162
711249
731073
943345
323358
232625
591157
391956
956196
673349
41890
321371
650565
976517
669757
87433
425018
407622
652998
910897
25504
571973
127942
247054
306703
842899
890680
649408
677643
703708
98628
517348
158931
890069
462246
941838
14615
911874
706221
296550
188423
663009
557216
906460
386887
928758
456059
721929
346878
385844
777879
857187
447374
285381
864359
506845
884126
434614
371422
704409
314514
940482
245807
388683
967900
52794
626668
320747
131820
558349
324944
164438
761923
179194
171608
313858
256549
948239
226443
744348
415533
872540
36315
82432
232506
424697
486564
598484
418119
742769
760273
90754
42969
859210
583454
324176
43985
518706
133111
656349
508769
113992
432640
62586
256156
853123
342446
85538
706213
899779
461778
705431
574921
317490
761334
243291
153705
850327
270624
798025
368720
399031
79155
109198
455907
278376
918261
986374
379958
125299
701868
185783
571707
913893
740513
204260
958485
475635
909254
721615
775243
166279
406771
662863
655703
466219
856716
761865
583838
543889
196863
625998
161083
821052
932266
420049
21620
902863
80921
105539
157070
110320
513069
27469
879101
661529
292248
940841
698547
381115
894468
391582
294489
803342
834387
966166
51291
726458
180929
510109
171614
615643
495590
616888
328397
238325
34713
659872
87249
759476
138286
843418
398303
368861
278047
179764
689003
162007
580552
198813
284218
227152
515532
601058
31765
145549
206614
958401
12697
722066
126906
783660
415851
842730
639097
149979
290826
337492
110819
819214
314301
151242
454551
813918
372971
285167
148518
425215
171913
71508
817366
299989
444525
748199
150146
941423
303810
573496
489759
9444
853077
998249
459609
830152
690763
258034
521755
985291
832437
817999
845422
155887
288060
865414
245177
567909
454903
168408
48806
594818
553116
241220
295782
390435
857810
388594
996490
958490
247524
601667
947858
47827
123922
783410
414851
477640
235138
139047
275697
148316
599700
796120
688477
934680
337042
482012
496183
87745
601158
485198
845892
123410
933222
175578
389274
121819
105067
491367
621193
940534
845120
806945
557908
424161
184597
33122
88605
23165
978066
432892
438110
781474
461481
988517
712659
768029
362820
419712
343478
876743
996894
245124
7906
644931
652654
634059
577241
39571
773949
784633
365793
341720
706649
979847
854153
142308
939746
367211
505801
868605
492097
810278
303175
599089
857913
162409
840630
168657
814485
16869
268505
476619
706305
928302
35046
264360
556341
732811
689605
190750
971596
456476
542839
804755
90099
534632
943252
585647
257468
387074
626796
933020
652114
508440
11151
858141
330887
561496
510825
186824
869706
964351
466501
96225
940660
722560
862578
771413
645761
255245
145027
340624
504475
43780
941423
622715
678866
338361
497561
996629
169833
435164
935211
230509
421642
770311
822107
645113
788697
918631
941840
906710
145957
126340
253085
668253
946875
15214
618027
276190
402261
978822
924534
605180
918000
393190
671406
832805
629499
700718
272125
33196
205099
120236
865320
257284
410283
236199
224911
384283
854193
509640
606414
412944
69292
909158
806982
984531
447769
678125
735990
590360
14069
178089
22402
77880
268557
952373
382486
331044
311409
717370
214244
529414
534983
866534
39753
60598
525883
284523
714510
309269
332628
924721
918473
132618
838690
305498
434724
906455
735572
509231
106997
161111
889062
627564
599757
806934
657207
68004
240205
69837
833208
290450
96753
365688
286336
679678
150512
600534
946877
325065
724604
639676
991942
102997
129764
163799
113356
133843
622425
908732
735342
598186
355086
554413
5803
297217
164472
381291
626609
195817
727733
276467
842773
698794
227529
477782
504348
485545
232067
310008
607606
172082
973886
786405
750154
797224
406851
463179
164780
920582
224012
927192
787052
684945
247524
687281
484936
613212
453802
801739
286913
84663
368115
721770
499467
583669
617295
8116
509085
587737
126820
463985
487465
755485
934967
163938
338726
818014
117706
536570
784456
428263
723935
409085
12049
122328
396762
125684
96961
796786
859652
58826
141353
356290
174188
75143
752798
66024
805416
693990
740040
861572
728185
681492
92890
944572
487948
449544
725852
61035
847709
955834
238115
408297
316215
183809
103843
217075
865622
386188
957659
317431
974829
865084
869742
157247
953538
309725
891346
926391
660343
750912
575777
452188
481445
720502
997901
677124
376545
743787
81137
346436
43488
476764
426562
352641
574327
150582
513956
723926
548346
597581
159897
522335
714630
610421
713556
977568
406555
546753
718252
171030
223585
25558
92524
176471
662219
85482
773703
233768
979673
432671
663720
655707
935223
368950
27624
215203
806595
41265
382233
136438
716524
969994
593087
634845
141174
602633
269855
803227
177626
728070
193199
340600
142793
225595
281516
10857
880017
764293
878731
915805
74905
918391
375687
664422
635846
313883
393753
386946
551488
261766
829510
228934
595599
656727
149970
739878
764959
367564
952210
304547
52258
949824
21087
688721
82964
902789
852454
250244
457498
195994
388701
155735
597252
280649
82320
476184
904242
227616
77913
738835
823826
710473
223662
944249
171655
70728
251861
876717
98213
365201
376818
325676
656409
755140
805313
488598
275814
349446
750430
818205
420362
145981
432385
645705
938879
610343
499528
815973
699805
455448
820781
532938
886428
544462
546391
270981
610551
881202
597708
249576
169133
667310
350211
540842
818082
153381
696791
856699
530914
960724
938840
117481
297541
132163
623996
996776
146029
888295
200947
522817
302892
891159
329752
590682
903491
151657
864195
793566
260165
13929
846075
578248
255195
83701
782153
248145
365728
885816
993127
90036
319596
444865
961176
97179
342702
660351
397521
219880
624179
405531
453845
272929
742979
115442
682782
238072
504938
972654
867383
35638
912148
11584
971879
403012
642770
315452
814599
944598
203385
646800
749877
4148
902377
401186
958113
892966
206315
755974
403076
352060
354868
859417
462129
700279
923526
844412
164292
697368
330614
914032
578679
443522
581384
717899
105107
209486
89462
458645
712323
522348
306256
936898
440067
13616
529149
393163
306872
651264
741599
141483
608986
937113
71701
474995
987212
845753
407386
397322
954829
804781
354634
742149
548102
908279
963205
772767
946179
925979
829100
18709
100415
213446
345865
904225
76759
435292
617483
291152
552353
475485
711982
193730
145750
37043
398969
704062
957738
840218
382561
990703
318205
821804
836747
617471
184745
84488
604527
176463
277755
240798
115928
438800
930751
704858
333767
268673
736693
566763
69112
110213
927840
425455
83388
194208
241276
712381
563909
47566
875407
465230
452032
117120
897112
958088
988445
994932
221988
58281
105578
403183
504128
259340
56733
7962
697225
936603
509296
234359
841311
732818
48167
215678
265592
253356
283437
744792
898001
484268
908060
423031
209662
562121
891356
684944
251491
987959
167970
632118
188795
99534
937434
230868
738005
562905
400416
250631
994399
37438
565991
132118
93595
845509
864892
409359
431598
225542
45477
443647
275735
167283
135779
655309
137533
220607
442903
693683
374561
62122
19009
94298
79858
828715
617187
636689
980287
58233
451972
794027
357639
172597
154768
337650
721324
481271
804765
383499
182918
550067
154120
275688
234644
396616
747390
996003
272334
201317
447063
284798
386198
194776
458396
818228
999116
598709
237289
728955
363584
261471
172846
651481
348547
751094
340239
534176
539670
118813
677547
186184
132
504550
841018
394023
2188
395165
791248
282575
155766
399470
444670
779012
432902
429555
607511
640088
485774
546014
836176
522661
939678
307455
340289
49063
340119
643187
202952
316147
58590
730538
697293
956376
956844
555283
82143
837969
647361
402278
735037
675171
836984
862605
861682
507353
601590
615472
638103
882202
879100
987740
253884
38884
432605
393423
278626
86375
325193
371874
9247
457600
540359
83795
147684
88656
884417
856558
898139
387321
678905
891480
172330
418677
149658
849464
452501
308562
941865
312643
78144
936590
849370
102434
861649
731467
346367
78849
714932
38767
195675
634678
879864
652378
232725
977420
829271
380165
253640
61356
334163
738740
287287
482535
713787
731543
75998
541026
309197
140355
763747
20575
515765
440007
902188
244132
580276
950126
227594
921610
886492
846545
561426
897571
124279
918998
323277
991881
292040
443721
253509
28608
762921
334741
325120
609799
582803
367006
423241
694592
825596
938814
880361
921785
665115
847707
81653
605654
936007
50978
315521
904861
929277
376418
654386
319198
171904
895623
651185
919997
882587
70449
554236
38045
285442
31152
480406
335851
42967
39455
939935
15428
547400
140698
60670
784452
444757
115037
679610
645932
856111
27130
124904
298351
747132
353590
157887
263577
423735
930497
238279
580445
609333
87505
398192
672697
134914
351770
639167
503176
882794
170348
228323
471460
42580
839400
139750
642037
934344
908576
143743
703067
985616
433866
56516
310452
743741
549729
735676
528650
413441
866265
930323
181020
305977
420029
760614
241671
629198
744998
826430
547473
379441
531994
776411
711058
174147
669246
626533
17472
696663
827001
959047
920469
292815
186727
104088
141919
224611
608887
871662
777764
307136
332322
923031
424431
449484
197256
870946
550460
544648
231465
500120
485499
221583
629116
204361
587396
811451
356144
165312
407960
174183
20668
211800
907792
130510
752293
719656
830373
439826
63884
925721
236059
614489
116593
980057
287754
988882
710024
803944
15306
653077
668086
906960
760762
394921
527336
950706
269549
140063
414800
749434
830707
771099
598910
192308
165887
135091
728215
481016
496506
165999
252276
598337
393571
16496
979929
855836
224288
828590
281616
947772
157798
549210
370401
693162
649282
157666
870385
434521
263938
115859
577717
501336
80194
140696
756177
98400
246550
64992
136081
695565
381009
27102
161154
996842
136752
142954
811566
57573
620839
159045
440947
25505
574341
804793
867711
126186
555910
847839
442346
108356
735093
746618
854384
688412
726268
609153
685898
392160
225354
960634
816103
126378
348639
740034
720588
692247
337655
466601
383813
779382
899408
23610
205318
993628
605978
249688
467428
87637
903419
780547
787817
790901
671356
34170
256855
141708
111187
739259
794940
610231
811149
760102
469230
236435
52184
615423
156708
861325
871530
375890
611313
77461
201362
765489
469278
493937
613913
677721
83042
709934
846740
558835
926144
86641
349897
966070
802686
106667
120188
645033
607677
409131
899477
301702
219322
38733
628975
113979
113568
321168
608447
135498
56711
446342
519775
710928
568461
666084
439030
163170
675087
686009
612678
474515
738053
85244
613970
43922
53431
849534
598186
413552
68768
162238
664532
135104
920862
948187
155417
945495
514514
263460
800617
123571
679258
374539
897899
183352
531304
127993
368998
802005
119231
771835
115717
224454
250122
984409
449482
599602
479577
761223
474578
244980
470136
562869
578688
301111
437678
788481
954185
452346
28815
430284
443740
22131
444286
432106
206636
237455
374915
87987
387483
31064
621957
511030
846468
265904
755172
188686
471909
164474
328309
733196
821608
634392
325723
458899
585036
501774
216254
186243
757557
372101
859563
826126
583116
571628
241032
821222
406356
789625
703282
304663
930955
888334
497973
86897
905400
585398
216039
200925
614423
339086
866785
30800
496927
500736
805019
144414
648429
75627
280995
316390
821518
400991
202234
904108
528366
474884
79563
7748
871384
17370
702473
727529
378536
432922
724132
396525
792853
943164
54311
22411
660949
421522
579185
340504
974444
95953
147085
850200
328725
977712
975025
289517
601675
750953
861008
968298
78324
381533
47004
266758
231531
475220
150748
240108
49448
426274
528037
317744
926094
596517
804216
861979
693010
765162
837368
445415
210307
959343
149702
789382
412409
532035
770107
119388
706974
860362
150209
821326
654548
309277
673678
210930
792642
94094
629438
829094
998911
336585
498444
649084
847257
564181
438893
353811
734337
280634
394506
9281
926103
299261
639000
238380
50062
156103
207637
718008
768060
680100
953504
726170
797825
890918
509494
461836
925137
929834
330501
274201
223519
571762
213998
693528
256423
755122
790748
84213
760216
150822
385020
472426
214621
642080
46936
787470
788679
505056
392403
372676
485337
113307
519171
711380
253167
894686
561190
591510
96971
278860
97539
133258
279549
486531
713887
613381
637487
801821
546072
45318
100810
820882
278305
121575
726345
137403
289370
692079
789720
809905
780939
28612
820584
546836
929469
477885
934162
86696
972533
305046
292837
444889
481742
25981
245326
585375
134001
879881
160099
45500
751988
593994
947596
103203
593485
722555
47694
516083
464561
197460
876597
413344
293710
308284
204766
954611
887841
780060
795934
981159
565364
860751
143186
421813
645752
951349
998405
663146
766779
10279
436023
840243
28485
141445
966352
491963
796885
294186
692705
220843
368627
94913
735186
336144
852722
336305
373038
609051
16708
924724
652872
350977
656313
345797
439496
874819
118934
485432
549397
461640
573966
883299
159137
558117
292768
348026
13260
207103
411468
543161
802805
255112
569779
800442
492836
590181
792010
529958
830413
527920
538490
228040
35778
593369
152600
993213
777593
841447
47740
143624
76148
361949
704832
793026
959571
847799
574231
277678
244978
996947
661831
374699
41792
106349
528452
534146
901342
587459
530027
966367
362863
783959
630744
557661
379330
339539
537956
903418
168985
763590
232062
910762
981846
560077
598117
244679
461633
110541
890815
828645
528056
441308
978329
998788
100788
485695
792572
87454
447475
132238
278440
748001
728135
680756
419248
800055
699899
599251
39537
68736
845661
821188
689392
550113
169837
278331
893199
776246
6816
131529
281388
607459
242321
758524
585815
308424
300293
11297
42477
174739
616537
189034
431061
624687
875659
856810
226967
511193
218145
953212
684948
893652
803961
80516
4966
80243
924143
525389
23124
652819
809508
673874
866802
857195
220081
465816
722579
657212
547496
322424
407212
921826
854531
586555
505543
835981
215340
608670
108128
427017
439272
829428
638368
214264
254497
329707
78899
96162
424910
244966
133192
135843
483457
966346
485221
469251
791885
608981
656484
974371
710801
686312
16014
422546
494054
111973
248850
438975
193441
691315
376545
157257
628997
892766
845034
977010
811144
441436
855533
545779
353216
176683
681406
945193
229866
735509
937880
278317
288215
361749
782236
828161
415028
806868
370213
784997
666228
992076
779144
241994
237468
919374
131629
320798
812586
936734
922116
122246
840803
193916
900711
514154
679864
491070
750026
910633
814484
811480
841825
957230
262213
30974
450447
244954
253828
871392
466694
507489
692707
699348
989567
256433
393682
631122
229591
733580
71501
470232
456069
290614
879270
749870
830452
561162
92586
169476
653441
881512
140915
983735
994963
966089
102922
693106
459601
607539
357366
701041
127300
180679
143589
275745
923019
819896
627958
535076
637877
587094
493921
224752
546367
734280
528004
626519
751081
772633
509130
739873
838903
695017
711034
77717
413505
395588
402266
523927
148983
596495
991677
557547
759669
453982
81072
432343
827071
492195
623037
870311
914649
261186
873818
872906
108550
403776
351602
160026
936283
593817
712397
594041
821950
951728
714334
863255
365376
701089
228905
406735
867093
374322
898831
700849
193196
557097
746999
617627
761647
15095
690075
982080
457049
996626
449452
249162
521774
534048
968739
140828
581020
892687
202277
824176
643628
849729
840850
20256
43301
749157
90411
102976
877501
394401
734173
53928
946428
856875
756270
345295
17648
685175
889155
211154
325447
816459
102988
683797
682828
628142
496652
878016
243329
92990
71432
477355
296981
375073
337484
550676
815618
983764
384084
734029
640197
642015
277086
4083
667707
100137
832266
588824
343061
953959
584234
616706
999992
758064
436012
420813
626676
489133
607329
336491
977438
766060
581417
9292
126283
1747
336957
182360
84076
225073
437977
472601
79425
278192
640708
507638
425467
142759
499069
951898
561779
506572
207044
143732
615040
288583
822530
501911
167928
813217
649813
899393
474887
645211
828156
541496
228261
682587
783004
768208
104887
653313
204077
316362
292420
682905
771524
716631
171794
848361
283005
225722
614364
371433
618948
591307
609523
161874
403265
381591
723311
118479
867870
39781
995087
164304
140469
801364
407796
513214
726299
677215
129335
425225
796420
234691
113826
737564
111441
843511
88338
87730
1789
369370
893415
672002
518239
894571
338853
844374
573788
106417
507882
398330
356717
650299
885644
484303
888073
480130
521166
490687
249327
50026
311423
442890
942994
299559
186416
670399
804448
195005
72784
711623
432177
426079
484518
893212
510793
338361
717225
513303
283146
349322
977663
77926
23929
347496
212241
331420
702506
110247
792007
174114
180235
275285
516837
820555
119051
320348
403841
624774
712933
378571
173088
787820
97933
666350
701805
691833
677109
666329
723349
460248
440764
851460
613313
15383
158580
852368
109105
486778
74830
7784
841842
727403
435620
199682
480700
889359
77859
299269
245226
659571
462228
194373
580502
295205
952645
830505
176272
803295
384472
860078
420219
616159
133863
170052
950213
100306
291987
992726
206337
702126
268136
185191
366307
445727
701358
977048
186775
63577
677327
939782
743422
86988
778464
85392
635782
983990
215565
49014
493412
976082
79142
493661
936433
128878
822336
186607
531359
217242
993737
3807
261462
423676
286700
329098
656751
245889
775069
331001
758987
81262
587713
139139
534417
307796
371005
469263
328772
274722
36890
894967
547133
518932
741906
339849
863433
382218
605754
986535
8545
290099
246731
195982
900546
236328
414670
650355
734825
476885
115812
874889
992621
688146
197103
788640
187576
304144
559137
13799
360227
290734
865119
16210
24750
842923
389073
290134
196057
616630
657161
113617
199073
789602
822925
437064
14490
599669
523971
995336
430565
825183
702584
714477
881487
277704
430668
688833
727938
508734
212476
729721
445726
94800
514089
281227
99994
236822
271786
107251
540472
408865
548690
741683
772650
721730
772784
297586
526377
919037
665963
459000
474788
1932
885897
333830
745557
349452
739722
715408
163120
631432
648881
722264
197494
416353
352802
704232
914470
943703
347814
815148
993810
486774
95884
355177
868367
158175
541739
990302
428486
787250
566402
407542
943783
760725
880128
916902
528958
81188
278623
597033
467166
757301
815850
682646
775033
93446
449952
821274
47505
385670
330353
284312
119177
586044
558501
565466
279701
548312
661212
117170
193488
382420
607536
434481
44845
973447
970038
692163
246149
596038
242084
698662
253774
241079
238028
992261
588140
197171
477574
799541
834401
189143
675053
502987
101217
938664
740671
518935
862529
528032
211240
92418
362893
748569
758232
132991
71288
543829
787472
595505
520814
199912
279229
522393
487494
5443
632763
317306
224851
480349
631802
884044
973082
633087
692670
627224
315165
75181
820416
362358
540438
616300
869426
238945
285887
144052
99680
720692
270606
800884
88434
38916
988159
970813
336334
437401
252233
485132
858074
222985
516914
110519
727455
515891
470974
407218
270601
635605
756803
80254
450379
676427
411480
748272
611295
642341
662892
489626
362987
394723
249202
545752
251967
344591
355258
429112
290939
857143
17243
991751
964366
895558
127693
461300
777625
134143
171987
771940
199025
432597
201365
822225
779011
926761
125196
936479
195986
532704
64214
98621
437149
528736
344489
985652
65244
564008
257508
634512
828264
370377
207809
430375
418746
877573
920679
475018
898187
461571
311068
378184
170523
397099
94872
62042
297550
484900
49716
547182
466544
387047
551169
398355
72857
519040
509942
329469
725996
678497
169345
353398
465273
731299
724350
51298
47555
263770
203269
952877
50139
474003
583454
234259
351595
379629
403344
117963
411215
764881
94678
926801
435549
141263
527027
900942
811397
890902
422237
623271
967636
923152
496596
398175
915155
803480
217174
488170
53388
975577
234795
867343
303084
17092
921371
267192
496836
726445
998208
762457
999721
766275
840566
708923
668988
508202
788526
648996
723844
119415
813922
214757
597943
204807
272163
4288
984984
461052
858702
798579
848442
561685
675229
700197
903842
459497
621913
351212
831242
654208
548653
387449
87554
347278
3734
151265
906417
536141
905335
525192
957114
357686
930058
686572
127738
643355
647792
633931
781101
894628
871337
823731
864240
979108
781790
770084
153633
26199
215067
126947
311650
716986
564635
721886
52605
387911
397180
407927
659234
789708
87506
389551
377739
101607
694039
673264
682304
658080
891072
562742
545782
325411
618219
99611
759443
416664
62580
36671
901069
749985
781030
804113
754416
591087
685198
366716
108094
650561
939564
962416
816304
58619
60739
695051
735067
409119
160912
728868
682670
111914
113111
409524
350680
673101
737048
21858
54982
648007
612705
57834
196554
455899
974973
75049
793175
886835
928138
463943
414057
563345
676328
28673
358529
401454
364237
414609
275022
121457
901878
692605
195175
98829
83192
703674
676277
631991
549365
13050
650926
394371
489193
678169
948028
429274
821220
142559
768252
990746
988754
52275
370914
635402
201910
465693
80761
684536
172726
766518
455048
991730
421583
359919
18192
789149
355880
173626
142451
249909
512901
623576
385135
216865
702994
517696
934343
247538
960159
407657
897090
738424
950891
720372
379084
442177
257561
340025
357243
357743
475648
610989
142317
397237
859422
945965
600653
336238
321580
909481
928820
235481
753164
471408
310124
934837
315166
224595
270927
99381
115507
75385
761870
568801
857753
201407
715277
562761
83093
387401
463468
823525
362287
318122
716897
24526
338087
658220
501505
422867
118597
763004
378909
29881
801614
664501
109833
992019
84755
495431
618616
300409
785379
133124
307075
254376
786208
10503
5640
185334
9647
56833
457903
977456
664073
921441
436168
425618
498031
996127
295440
803554
534074
170854
424915
377961
413072
513052
750955
544975
188147
244943
426534
943314
480755
148861
88838
981987
9796
474432
233825
213725
839082
748180
103785
891042
153744
291910
507974
292244
711865
937852
84959
519277
250061
698843
483704
761980
40661
887896
692406
270397
686338
190495
16253
581011
56936
860185
838010
362404
730632
640670
345917
845841
431690
239735
769021
149712
101705
532110
457728
503145
1033
625140
746130
173577
13060
9423
853298
400134
324577
705246
911117
509168
834758
553387
20130
626064
945220
779468
20292
503040
736497
709525
422974
914855
629588
54557
464272
784015
389240
423595
753304
242212
116067
967998
911500
266571
148705
484790
966116
944156
401913
57570
936916
161982
239105
109415
242679
299422
673805
458953
644679
525835
659523
411033
966793
55089
708554
49532
375494
986801
77025
545363
207539
184025
384524
296524
301170
590341
647080
404037
724465
905233
648544
601624
703729
856313
886456
938055
941537
131920
707143
255685
872744
402970
225474
323167
204226
81606
361778
230597
18306
776459
366983
543609
671221
4957
526279
932563
78439
296716
913311
194158
660095
648186
627610
461811
475269
832247
956975
488192
367940
793083
156276
789044
268683
499391
620977
3993
537421
292600
244752
986927
239656
446128
666608
458129
372867
92483
981784
775814
168080
993716
154184
169703
626929
728426
182636
972456
456246
230474
27242
309764
890309
792818
644122
963529
6803
785998
171477
810429
914510
985499
339494
485868
521181
155190
497566
781775
130751
998304
593220
842459
533776
867217
979112
477091
899626
182709
606424
902698
641576
517383
603244
618313
860998
961353
656188
618745
268836
759645
398770
432830
575145
314115
461690
937777
129861
626864
892310
543848
375246
122375
765901
269187
32652
27511
571715
11222
772624
260784
921892
971246
736639
214210
979578
623554
869932
965589
111647
679224
794915
680959
709388
469008
487555
973957
267023
54321
439555
955377
798491
642894
232725
722508
47993
335157
130855
332025
559389
889588
15942
594478
885844
974568
282845
992207
944664
978275
3036
440169
674566
545913
428148
355464
978919
8424
742206
581429
655146
991137
197947
650063
971379
138039
583286
991364
125068
400291
679878
785773
100665
643953
413232
225924
490218
590475
17769
359298
877578
220193
873080
834841
96181
503857
394618
748875
865286
26872
186047
44710
770957
804085
931666
789020
226912
404182
310871
589827
814729
345154
684748
614181
474333
707906
156594
171333
637228
827852
277061
876271
76436
236014
622630
713018
617456
724372
576986
727454
887150
274998
431595
14060
436222
389856
296812
278894
764519
213023
716506
182363
410675
25285
420382
299191
468107
752794
709167
294853
991837
119071
729045
317290
60153
136704
699400
766624
369980
381525
974455
83475
780323
689876
139300
807451
113089
169111
600364
322327
399627
30790
901925
977826
26833
96289
801440
385845
367175
933997
138957
201625
877314
673016
118398
392647
585406
253065
669124
511070
935259
461225
189045
718463
750121
587848
223824
611848
912408
541390
685239
475180
316882
438015
185498
239532
389028
951498
387765
88628
546071
240302
887727
22676
766365
339978
760739
95705
669671
91583
866236
918536
353300
422979
679994
562486
289155
27589
235473
349127
421385
82553
600688
427777
216702
733311
488543
284428
979570
514036
225089
315464
340285
884436
11129
637259
560628
802569
242537
866806
198648
279765
787734
313138
871336
783193
848231
651212
472822
307264
247309
530219
321303
161163
87292
343210
498900
44729
819350
484246
178430
559698
837673
458757
390398
378448
337551
787025
334923
245803
192052
963120
703284
537151
168245
302513
461981
518429
85219
37141
951046
762731
401062
322952
210119
166584
265534
854267
839640
690528
145829
272095
371788
992344
958097
538687
847710
3095
98197
660346
739044
869538
320999
194524
655776
668530
602044
389529
277750
743043
586448
211429
156087
183484
409666
928243
84315
188726
753435
846343
838158
563882
914927
85626
893665
682812
605212
695306
568737
478430
24943
917531
544197
945506
53607
414478
869760
1056
395345
653117
776887
919360
31186
908944
951885
915173
816707
202687
287257
342199
955062
120996
540473
832394
26071
348347
516672
613168
703022
32890
73099
126488
854017
604423
330609
102241
844631
697051
583000
392639
998231
527473
752869
695048
674062
71082
852299
710684
16271
236672
18693
542127
229044
41701
418398
465333
255171
969271
259501
100840
145837
231330
72031
169785
846512
441491
221676
187281
280987
850709
898988
749634
568754
748490
649666
756687
237479
479238
262646
267796
356744
564427
147233
826260
809721
445789
421761
271901
812502
168130
292589
557018
371642
993432
178530
554613
165662
713874
406459
389990
643417
749072
656319
468637
731141
914907
617172
925000
699522
644154
257426
868225
710676
296883
747507
292247
575592
87649
904166
185464
351156
113263
611458
95992
349052
488174
835288
328384
820016
922457
996129
974358
800818
318562
75222
969348
917110
85880
81311
233576
399043
365912
832291
317720
644950
17293
5694
966767
988645
897158
556561
477048
978561
139794
677426
162422
719636
368250
809796
607182
430666
421435
381346
206995
244493
924766
733749
700587
417640
575030
309030
634786
36237
33462
306668
118347
318642
436140
169862
740750
11797
671262
247045
960083
783969
329535
669377
656714
190313
332622
358188
162772
597072
464076
341827
346065
226123
899352
386528
171975
919743
329960
618797
852715
539460
594790
586163
582096
203211
390565
966800
465385
131804
613502
417543
313724
918071
801995
892209
529254
113820
943231
119762
952645
570599
751329
526023
472581
650131
916643
211290
426058
400863
475555
618680
797879
245773
332029
608314
987354
112135
250250
63647
819892
327581
306682
452123
626344
672233
203594
861768
356414
384660
725089
549435
334933
493937
806861
10034
284515
586119
706965
767145
601514
991916
828282
991819
547194
398668
209103
229894
643996
183689
824434
414263
536290
758460
631590
307845
475849
495386
555150
677257
836360
974067
716744
113579
291768
980947
371300
834184
216927
953931
841664
929679
969498
34442
221441
342187
467495
737508
991600
199450
805133
427893
969710
330269
363240
750687
955350
960648
713812
690414
650414
873913
299318
780445
787784
540133
304802
262386
73851
396814
139372
377860
18425
505105
930254
753565
801421
653147
969715
528058
651764
571388
232734
939183
666261
273299
837818
118311
880285
466601
851838
917385
878267
243035
235772
635191
726837
315758
108359
704752
286629
276679
183103
278869
934612
337586
613691
190473
4082
257248
308497
462705
316783
270702
446404
575131
82296
371936
345419
200571
164305
805484
504570
892623
145035
583219
224655
173028
841891
786314
258268
796915
641911
265399
890828
521507
79141
226424
342099
38130
567554
320700
947062
387310
633012
582901
142388
849949
368557
241605
373136
299068
299908
339733
180220
992741
671410
771781
363107
210569
134885
922621
545619
91613
633988
508386
783686
782482
661440
74789
311308
383676
355987
35317
680086
348692
59033
245525
393825
228633
310215
561863
312892
798737
330124
121128
866104
407341
922178
963605
194348
603850
152145
689547
644450
163796
596513
757709
832546
153797
909881
44542
519512
837707
539833
677966
92900
697672
738160
948497
439486
668595
159771
793131
163716
721307
545083
878248
125218
327500
312466
77480
555357
646794
794617
694839
767868
360314
117281
315195
895571
271328
121764
909894
947245
537539
38023
959244
458581
669357
718031
115950
737409
143695
7228
330677
914588
929857
644454
106394
504175
584806
628531
279041
988075
334190
254899
859527
845525
148213
377560
440304
478350
808777
919253
868099
17726
86408
611025
141554
873245
829672
102472
900656
672414
703185
618687
150887
891832
151397
845922
67202
255953
842527
257787
882021
5002
747353
110289
851709
807649
868839
445211
579057
42055
915297
904031
65335
791999
784895
470508
60868
312879
286556
812080
910875
979463
774685
459383
992903
656267
977579
681537
792612
119294
335451
100670
697047
467373
337007
895464
541917
4885
959734
459645
541377
52402
18510
903448
161383
960805
380042
23531
368838
542848
414574
662619
927795
337265
805847
668792
32536
413962
872760
969048
514883
282089
96447
742671
798746
301385
648982
347532
287277
54819
581
737875
466788
92994
669300
746194
929623
473122
557646
813219
645885
301764
246082
503069
191867
226769
731811
540311
993438
525800
192879
922042
166372
401414
117229
340930
256757
326993
626991
130705
171823
406081
972215
321456
222175
719468
686582
949603
608395
641324
468592
430439
283691
952494
892155
155146
516217
829082
297701
829095
365022
530650
891573
886013
658187
323913
675722
803691
735977
875706
940001
298763
591976
329122
176178
26280
653300
25187
762105
616349
124166
203126
63762
236427
689623
374835
244541
575990
263279
319104
141506
172029
508571
136532
106286
729588
326716
411879
532219
618912
158844
619064
10573
622670
379932
108218
334617
286096
170281
686108
979680
693717
131470
990964
783129
991012
809602
776263
478445
658805
501345
165879
281052
15724
837401
823497
464317
378034
675387
471570
226722
557490
171441
186111
427546
754093
625039
209213
448848
982523
801282
397067
310800
729695
957349
492762
216938
226373
489266
777053
548911
805722
24341
763251
845016
238408
950620
512623
170759
67341
767947
836288
924965
509303
122573
311682
26986
770430
33092
34016
838266
265022
998401
787235
442925
416783
231759
471068
121063
722626
571818
995242
906278
687675
551501
132649
273435
567270
808233
683191
496239
60695
367921
149796
587622
95746
879378
969909
612193
424915
728897
265301
872509
710188
428140
530777
67801
756537
200466
153454
306358
81776
899566
258786
172535
711082
822990
21579
82375
369561
310787
39640
981145
732710
278641
624626
917131
447784
319430
5838
54564
909058
851464
830674
334908
405593
95814
780065
600571
626288
331440
252357
914873
854435
535811
899320
102149
187901
359068
878031
294337
173750
83886
306564
359786
665100
913103
66142
594998
440380
397740
203199
549846
254749
76125
744458
675419
85530
258324
983406
809845
97418
381742
203348
635478
444782
825004
705825
987445
696134
598843
835048
851054
80784
405615
475376
528070
881182
548047
985948
165901
412562
988361
784893
59036
732345
641862
248817
796734
511426
383448
188853
878571
410522
274256
781903
240943
921125
836781
861777
283050
241818
251630
702026
208368
290939
633161
597263
969488
320752
905972
801185
892146
245759
431712
29499
133594
502890
142021
414267
533641
453222
283032
150762
826818
414707
755034
226026
548074
153756
517450
156667
256649
997005
446139
188201
848109
749708
27072
125910
322733
904726
257859
737632
607755
189399
692981
706030
310835
619140
820255
294236
508960
948121
809048
438785
430750
114730
991311
384537
764714
858408
709000
566548
826101
322867
706724
878138
70151
745750
656472
839225
891265
676644
435584
367756
91963
463020
709900
42954
279179
346139
727960
604425
970151
127599
788954
447725
52578
616852
368373
436624
743442
934301
940970
657999
939219
532320
596654
341295
152420
595182
349078
180011
810862
246509
430446
656347
540453
925780
547818
293442
940615
346947
288820
217844
969794
354493
393124
795362
803186
633475
808846
473540
556744
322254
89844
975585
590854
806952
253852
862782
758374
892391
460541
339169
708187
762439
803283
288256
810735
751395
64274
958795
366923
187920
306614
824915
755669
379286
839673
621142
779252
131788
741790
749672
560623
510223
778603
507454
931699
271710
659060
602522
843251
330837
852113
561615
304746
86533
262449
503728
59580
556012
380872
418777
431098
676438
765668
56409
210372
806479
498653
821883
18569
795907
659627
828463
746986
75253
192850
363354
563453
936472
665656
179383
62510
24973
236695
390952
806207
14906
922573
215837
991087
47875
28176
89311
685369
1832
205376
902266
696755
161915
399061
253765
627991
665724
194039
750543
68127
520019
55341
916328
245833
180905
827309
134665
457018
918499
53329
555105
73599
832763
829291
570109
431406
129917
152623
470738
914411
323228
854671
364330
952903
721134
553444
158761
15106
785483
361479
227516
599025
531325
49792
607773
953467
106212
85398
951364
509629
726441
840901
176237
30798
331869
262862
786242
743004
40493
174440
305190
131381
997060
726100
19422
356925
619918
753563
906989
734723
843999
374312
573636
984136
435792
928748
860982
881118
508985
380378
479925
107575
850562
533775
97650
562492
572834
820317
463400
795007
977358
922106
316917
149717
365384
770537
278716
127064
42959
923645
397882
956035
369096
906172
432967
662048
319371
63518
52843
574424
44422
709301
55707
732138
405266
247206
840463
442103
144336
506709
610625
487929
253311
461023
540227
586708
12062
79808
758461
774597
148536
389462
67203
581111
684433
971901
897871
523572
858923
741784
368672
595640
792885
16113
275694
795681
8977
695416
963784
696003
909121
272680
790732
954009
550125
875271
165635
79062
73491
438284
133910
427737
476299
797466
202545
761790
762358
356587
588723
349905
939459
611592
431695
432413
341341
53044
638402
977891
508405
706217
725617
10470
825191
21050
15390
961827
92619
182423
177094
266398
633947
789039
27291
187352
850556
413488
557209
906717
293419
996266
891399
933497
50245
399697
899853
447435
760114
950753
456876
900017
700271
996380
87773
550755
263479
800559
575178
635868
215374
125427
989603
718706
186282
801998
63391
572039
519422
147578
26064
3736
390564
154846
808608
227506
192870
407896
166317
937605
175145
670236
661247
999761
116854
829878
674722
719421
153254
228203
555429
162950
937386
548478
328941
221780
725876
860942
482934
455849
642950
401820
826984
580914
366997
341099
211666
365504
923545
168832
968709
487056
226740
862281
622223
418246
426684
39770
871251
722809
635111
623762
935810
44327
165650
735516
427512
927625
882286
969233
353461
856322
554759
381627
822838
26481
892530
579829
965167
614117
378899
869934
381544
506992
731273
902092
90161
804436
832502
868141
578755
661659
897966
565640
564533
86211
818555
740594
474328
973909
124746
675837
832111
158038
669815
219899
340302
271127
368368
138784
993421
935015
59784
91077
417385
729961
509658
913225
475193
713408
502616
620626
724808
109734
654447
962673
781715
66780
349273
197220
544608
386620
5374
370996
803897
251882
485831
630079
965700
280169
514
478928
572608
996170
49515
473898
462174
178366
386077
32100
504569
438413
64917
459118
169716
118496
800286
161713
819247
559864
934239
570517
685413
582593
541629
569500
571878
848193
812590
921131
903083
908075
222428
340329
81051
439632
506481
253888
253849
283637
902533
981953
90248
436799
68898
787044
13532
291531
483184
54828
398878
951450
898114
986473
997244
508073
120123
694423
824714
450911
160286
410596
858393
660960
849010
985999
655090
533183
558478
44268
727856
446928
752710
534532
90039
542555
575730
27545
398164
605164
617303
222279
204915
260039
320181
954949
453431
991608
892525
684939
590714
407497
290380
395790
420449
625229
867256
966887
41434
496730
536821
129809
405941
652372
898965
248529
762652
968931
265402
125040
579120
429638
774537
624164
875266
371841
8045
55309
617387
151218
921733
235419
149129
136194
860075
261452
968022
402295
736226
757395
67686
761637
546779
947028
717245
587268
794148
63052
149002
548637
992046
505102
426948
394591
357881
98920
932512
825102
391134
810148
581292
179419
238393
276842
346187
396366
327409
858115
106446
340255
643813
199480
694891
519269
828724
590681
797276
847526
966441
167833
114710
633293
987138
12439
361828
291577
798747
737528
880480
911154
108540
645551
417102
888182
65915
89502
770261
252530
982671
533270
663003
59084
272819
497147
655548
489885
684531
55683
637414
650044
643607
826589
351571
910325
609001
568814
234212
820889
3683
417398
11927
775535
287738
333777
750885
344328
988545
756122
560699
630512
76924
720682
81042
887232
105602
888702
869869
627921
900365
923574
908527
532235
158498
313594
589270
748315
445847
161911
344280
440835
275974
564807
963480
450315
517645
457071
365829
879317
836990
664514
330512
501902
207658
346018
536391
108097
721669
902118
251283
563973
930934
268055
487946
623895
459390
934229
569842
590594
710402
619543
283539
94010
68406
822288
596152
272009
192424
674028
543042
829729
66151
285241
304488
209680
866958
823331
805326
503441
633840
869912
773825
885054
998369
684938
144205
906211
466975
126034
912251
713775
988060
649394
235371
3332
629161
330099
975945
845165
869760
268717
169391
430127
686894
195045
283735
873080
534235
220688
985659
837492
19255
445366
608651
184255
17987
279538
55946
624885
470778
578326
288774
99940
596762
213163
515954
279651
544274
912662
745442
777084
32585
855189
877474
920260
788040
146345
916850
449996
62278
114766
387618
572592
570703
829222
907974
432332
856912
458356
972247
526863
274113
530435
811622
804583
980271
198951
737661
115484
140517
395419
111828
23609
963382
881097
305453
673828
161450
29673
608205
427663
124227
614593
761495
41863
824555
612170
174470
798570
452283
678195
978182
800246
574698
506751
731376
692924
615056
813577
631073
921139
235798
277608
611445
71464
407485
253997
807269
123347
902855
431241
732859
105478
470213
74252
276845
369790
510910
295112
212702
499228
811385
417812
679789
484973
479336
328492
607287
900901
950577
436662
522160
948843
397145
568159
687001
19086
447055
413924
995294
222933
730259
854509
259664
22451
114113
909331
805754
235353
282238
876162
247778
226086
773246
623354
928862
841402
705199
947823
44111
50088
477637
514769
886335
761161
415395
75622
877779
690221
582307
332434
86189
707181
147266
249465
360864
42204
911723
651387
892240
95644
176798
180830
240486
733388
782973
376330
287278
451295
595059
140461
384461
670920
633921
499071
688482
350929
771111
246751
822519
195084
990699
539676
79204
273504
938440
689553
462592
419077
683510
655208
574789
604874
362450
193535
42623
325011
264043
133479
841841
47777
622888
471560
131205
412554
517465
953891
185389
589127
931672
877360
104218
746284
189596
241446
770392
691378
509594
709145
151044
750704
983511
978685
476779
428457
549839
648648
43137
49086
683195
574710
947963
175812
778819
120102
710921
493744
888256
479842
30515
226159
574188
600764
547855
634899
164329
588179
148316
384103
461994
435829
552255
199139
641730
366430
102871
448699
300423
720991
39999
276497
533411
990234
487391
163404
509879
558314
581871
907648
330603
356895
488330
737420
639574
568614
105323
494019
448775
910024
560262
708546
76910
801481
665669
729249
821866
20464
501405
202053
389424
361383
119245
634001
140308
439288
636531
210748
540088
475127
519499
834942
965262
714623
722052
336740
763403
458388
676929
591619
318506
423976
743593
870921
34073
97209
7787
99310
819844
441943
67345
355146
743485
149891
308800
608641
386629
833587
403530
84441
82810
169139
795504
908972
158812
193445
289079
703289
668733
738665
421989
443604
674821
390743
660312
638654
73183
639785
922180
287119
57540
543606
809351
732495
687970
55769
526891
572197
129320
726960
872183
635303
63281
54785
697970
525712
750090
133046
807925
425423
386658
679305
136812
5244
302989
841787
229481
910309
791221
69373
487012
250055
719197
251506
659283
448409
932499
67916
148642
124097
181874
742291
665552
568426
347857
736132
199782
201965
855628
415318
702035
256108
242604
70360
958249
215486
174198
625269
313774
794180
415501
602138
154336
637018
935876
508270
245833
270442
415172
601216
89274
625434
956566
475711
600039
618597
721807
128482
615263
331207
708501
220008
180518
856338
997393
849401
232752
923422
89011
218412
152956
544925
843356
136162
634059
736205
808813
314703
808700
825414
139754
35033
119942
764019
541130
168920
75537
199965
37341
794750
437809
20387
43482
951248
713984
30022
590532
855826
260054
363873
11705
113474
437032
845366
10391
377658
797114
440163
464459
362232
511490
102387
682231
831355
216539
81616
147903
858756
623330
304471
593841
133436
34929
906116
417487
76788
845430
446860
423802
395462
104239
80522
131644
133659
957124
109841
459953
434950
888704
512096
399379
63438
862445
445363
977761
334154
10316
761142
350252
713124
739118
678292
139262
814079
73330
470062
756199
138101
12572
242216
992357
95673
312141
554781
680943
355356
412389
100018
19166
269227
375218
705928
275065
42613
82963
712139
809691
246506
951341
794280
691459
425950
841097
214363
201848
744173
350473
784678
737879
189561
574405
268509
859898
989007
731847
641950
348359
796776
114783
496863
898194
776587
486755
834784
649776
409936
583942
406527
677081
141759
508371
245546
211705
765782
513159
721006
944915
603689
388873
856238
403346
957540
463687
511024
563118
887340
656750
33234
645687
327396
980677
334106
510530
46988
909671
78763
94893
626499
357211
591186
749839
717869
467090
707456
667649
216111
873148
841235
835588
427415
273351
947277
86798
748697
978229
835109
892916
435508
716888
557756
223221
376500
2093
355176
749216
868944
109331
371949
215587
152947
23846
126666
202354
602136
428284
106863
284560
154894
258940
995340
451069
820315
832790
332804
154556
241725
263522
897792
974080
651659
415961
575840
203123
731707
808554
297037
885986
476541
482746
930602
186823
590851
215803
272809
281908
899108
371687
767802
201050
740246
6874
245213
549812
220697
261066
101336
450195
610035
385124
194565
368902
369110
513731
532419
945509
234717
806671
32077
573499
345973
76016
827879
997453
254873
261614
230836
624779
256181
256231
890917
413650
917100
548012
280076
182108
698293
690040
455118
129349
684512
576013
466807
462906
844791
119533
797928
316096
567039
508466
185963
306974
914270
386378
905959
307753
623190
9171
302511
790762
639663
463951
191284
413997
868403
113092
971099
680041
447315
12403
22442
233607
356007
139122
728027
194641
301907
951272
87571
386552
932933
724837
548140
54338
733082
670556
924014
564110
153312
83390
604445
110789
792054
51379
985516
776799
750800
238967
269455
719567
716311
623887
120110
39628
239917
975783
552629
329213
959310
985418
233480
218177
734226
111293
507348
894808
642767
461624
821569
210801
688731
830018
13956
236624
203567
360936
502672
87579
489319
883737
385836
131138
916645
186401
28000
696394
129558
285696
48905
912372
158604
174375
822668
431118
273163
29774
828839
793301
767071
239349
668643
93509
649194
498101
990182
520000
313916
636033
95396
723095
78554
376063
280694
847863
200481
153917
344579
670386
875141
376465
61850
751977
396210
554834
965858
471380
381715
762732
809449
834222
142576
407140
469656
927231
131954
788457
757576
544775
391874
349011
125805
389764
688144
424123
337840
602209
282800
57653
674651
478907
822622
128302
609262
210832
34914
488927
284942
179718
46222
43307
905181
689174
586981
677211
595621
119443
509206
59059
750189
70299
867109
434673
817006
645593
627563
24161
930527
342003
151156
554016
463469
198615
325318
150059
31303
928797
273217
198243
965909
378457
122018
421407
703944
413249
718497
507630
677644
43189
936507
961832
91
996975
52362
883823
746667
729160
696975
297863
203591
198755
470418
977103
810236
745851
200929
557724
275241
339909
957684
528753
808378
21825
814449
494940
370798
606051
795850
784047
357651
665432
677508
670938
302932
324791
285203
824162
338921
659525
364705
425536
133612
822437
71470
425048
682700
964890
973906
829780
606234
700538
554973
459549
948161
200690
315295
878838
889299
352240
29507
135093
402302
141681
535894
477086
229533
748519
394726
699549
998314
774021
781701
344608
354194
817643
389613
350927
209249
37033
350653
448553
740700
363506
450530
809788
838062
194463
885457
170048
357114
428700
426096
492433
157775
765875
489172
202248
529082
16947
620517
649205
209396
118716
786142
60282
390076
866346
634097
367366
953856
83164
931015
520301
471157
981472
537765
303905
934406
410109
413162
617616
979624
520156
424181
186393
563980
435603
946019
235115
796590
994191
823862
919869
212939
596894
967057
401380
943791
82839
489119
875860
752172
636198
479636
246709
295399
217912
3083
187873
412876
499135
385743
108856
248609
472482
226742
482465
633528
374469
238182
517789
564670
713968
249339
961545
360369
101022
45121
610352
172911
22565
735260
942474
850601
372412
655623
309718
471734
60334
368697
301839
851716
132762
467747
638605
204457
136228
761494
908091
366232
886140
219586
153201
143215
808905
964186
588910
815916
853681
83539
542003
601600
955848
278474
129086
319100
647250
269381
591394
13160
320950
894802
671104
715314
602242
976267
447396
883460
796885
403323
667518
481198
45421
99995
349306
399746
547278
429813
728191
551423
215627
565162
212737
408293
730100
870607
923844
185192
290012
226673
421614
271103
288645
174137
586182
452315
77354
864491
93647
979445
646313
455368
977723
937280
643020
353172
696590
287678
441011
685682
425937
237935
251871
365099
409454
445795
896925
721101
676207
809009
653965
319984
611726
294592
404878
438740
619448
361410
591943
151526
841955
43329
357269
646945
99976
81810
198156
441361
69759
864294
101356
730739
279735
233726
732194
458745
165326
55743
42167
447402
98515
77659
572505
772517
401557
844399
705348
288005
228967
555308
334797
925856
305524
929708
182731
69994
168569
326054
322978
548856
895459
409469
476525
484510
130821
181682
922375
205177
229813
615482
766391
818440
370244
677099
505334
178549
323225
764368
252893
481778
266218
176027
987696
729663
117270
879482
125633
99655
100705
481666
507650
582826
756748
615880
238891
880342
793104
154063
228100
235150
20023
944731
835599
418573
743384
379556
943510
516547
10989
327846
368844
252862
489234
741077
15971
420
658844
202350
731497
171613
721812
852777
806303
797709
101967
10763
423321
701823
429611
275799
211339
947165
468200
960996
662261
392027
201440
277642
233453
238516
764388
621174
339270
4685
175861
740957
6234
377013
916444
177102
435129
158030
4710
694751
394606
203205
839424
285641
411306
904188
30763
509648
943056
91786
415963
63962
793052
369432
201330
517666
12657
399404
188244
738756
305213
724610
997158
851192
309451
742998
394536
133532
333988
567551
105965
10345
708067
432309
716339
792200
35412
678899
56419
985277
728392
996727
937382
834049
210552
409447
403489
594094
646100
830030
520527
695060
856743
298755
121722
912041
345640
389098
123670
523228
326303
213076
999738
392394
223025
458370
354684
175050
160331
650375
565287
810339
135463
880203
12571
74397
805182
926251
582978
561460
176266
833726
135210
533737
614774
280819
645572
457332
279333
527318
242552
917268
479644
448881
778019
974982
916493
419343
718446
556180
188033
685084
606220
588996
912993
255976
875408
36210
530272
893770
430696
356472
888328
442849
118522
120969
98464
307702
154841
141789
225848
924285
706916
312902
731537
162939
646459
529250
950443
643905
237791
758185
686699
800086
678629
775270
760617
524787
580951
954819
727380
970343
568295
906749
323522
231707
52881
201334
64024
969136
581324
70313
828307
435268
474540
497976
16752
403988
135639
184033
355070
719355
201121
759055
460094
847449
742215
381005
373556
43023
730629
383573
749197
703910
936852
545990
874988
623951
906948
654261
161811
644229
288945
672922
430890
559310
431525
658923
497711
378273
458890
742087
132731
957602
266
571272
126253
618249
426629
453243
503477
410464
64302
773036
72831
402923
431939
84954
446265
854497
551591
496649
32131
922841
387677
867191
655538
378688
762019
981094
901441
819399
20137
719256
230037
804825
610860
352473
751084
853258
306804
840822
130209
784331
464806
880715
874206
22361
945158
221562
77790
327799
578189
537016
137565
542928
827427
733633
25823
232062
961082
172524
345178
22184
650054
266649
381570
583813
729628
973126
827759
124160
796454
828481
264108
412404
58305
909752
994718
617366
37619
639532
185103
146994
513932
775812
295638
749198
719384
158462
928869
961259
487230
267456
301231
569769
475896
77389
534324
245386
441199
881171
89002
72399
238066
60192
761161
610686
629011
478133
918067
910085
601630
831667
215999
621176
372151
588082
104609
265847
790159
858481
722551
604331
312834
582247
632242
757423
519632
45560
12959
517899
894647
260163
403537
165723
447529
748248
899565
58254
580655
800519
655698
424138
637978
775187
566563
878125
312225
521478
298546
756015
325020
856990
631690
694947
859484
722085
602201
225948
413413
844318
134968
428
411465
131547
538137
99784
37026
204268
870924
438535
343147
667890
60654
666889
570491
233617
752622
357045
372896
843907
962813
731802
14996
407242
822226
779127
667678
354558
88663
808150
359688
387012
279219
555922
734072
201375
716405
364602
708910
237728
217
914126
744217
286969
82747
395686
578070
394352
356437
152050
445958
353711
646134
114524
391178
268792
813442
218186
484190
583093
221664
552191
175951
142061
920772
262497
254810
102099
781529
521493
844195
229241
494858
660614
760847
786658
33901
513669
13054
714548
843276
39435
323368
841356
267666
147417
228307
627628
839247
274432
632814
472783
772904
408957
682253
363549
857438
279164
771010
927866
770233
899581
480276
685817
857104
874196
366495
584239
729400
918730
386120
37282
571463
839330
468378
879071
567811
925878
855682
172970
809132
770494
221027
790544
389859
808882
493463
593817
147894
8072
187844
230298
156105
231703
132310
987238
309218
550876
209054
967652
541200
661913
823047
399676
155961
690075
343728
582124
288639
443669
568171
366903
669135
613160
277202
799548
129222
608452
834176
696228
208831
785640
394419
176949
889661
160837
520188
450884
947378
321217
835552
21191
39722
346391
735183
209416
25431
362651
914814
443318
767225
576795
460899
452438
715305
538017
494797
300694
802563
122390
692957
578178
460142
1025
505892
686608
624138
555116
622811
267541
810228
278695
329337
734555
384184
417638
798261
949706
947284
651333
906136
524674
520229
648748
298621
7243
954353
555086
136041
212004
170384
976459
482881
444280
358071
30902
729772
407150
319778
856880
121606
722975
741598
190643
428605
586147
334128
825003
759372
481540
131749
320766
454738
205972
561527
998829
808782
915675
835033
33490
411769
9512
981088
529609
492352
321544
812878
216044
696349
924949
968443
174902
687697
159653
233250
408457
122816
597156
591237
378250
585001
161852
271230
547498
262208
774128
162020
550080
41961
272008
92118
814162
537107
91623
727527
182131
456687
532984
543526
170566
380620
398599
213064
410656
141969
420460
865588
872972
566934
507042
598827
122664
273695
624373
224083
532396
529205
634842
989662
863947
672355
669272
928411
634545
812362
906852
313881
573293
919969
475916
849587
551209
390221
71369
571069
95060
491481
836343
990026
753696
251538
936160
351511
794663
656962
990836
699095
378600
806791
397781
208027
809008
332942
517391
243933
679444
798001
266661
989162
893915
521451
315974
254763
741048
557428
528095
519950
291956
355134
343114
714966
568746
261834
571683
80763
845036
832103
999611
518974
951044
826504
871462
242510
585620
857985
197872
333968
123743
129310
258156
641999
539360
850208
502188
83968
960536
668245
830796
317616
761126
167571
109481
395084
134862
341584
406064
401613
575388
517857
859024
786430
772577
632781
742353
217643
430044
592909
764158
117928
957877
810659
276478
878395
197602
962708
295873
526503
743916
626372
594966
103125
638988
837740
745177
809761
867311
111354
417032
884287
325849
172805
821879
276425
450725
145066
934746
480294
190826
193289
962176
608152
99514
214870
885983
944417
408516
213916
924362
469267
457433
270612
650239
117747
797068
734750
20316
295753
458930
542618
12722
152391
292360
905766
484658
149268
239156
120372
654852
761267
68324
876742
247479
236565
722579
529481
23123
948215
656362
71435
912073
816057
52099
979995
936076
951677
365320
30268
746617
667128
876346
102533
107633
791576
231694
632600
906055
987986
966257
578237
828245
4551
644717
163930
253417
806802
225315
457169
257053
861553
802680
243190
971012
805837
956365
128555
785600
165799
384166
949979
620785
540385
735340
89167
225352
333799
541325
704880
901113
25720
261953
913562
476239
802261
240680
137880
190489
558916
611919
814018
810178
951489
19666
984368
68607
71810
203355
229722
960801
586277
72328
316174
197066
963193
575147
768204
134012
84774
161643
203201
154701
730106
20807
184414
67383
399120
948091
676053
49547
801055
898747
349232
989254
958876
129372
972622
604028
699469
83538
897658
239409
523244
256084
548457
854663
899252
413788
602000
926737
928906
689482
506144
994245
192139
777832
87711
422352
466158
956681
717092
30532
359382
901386
593519
703469
510775
541498
493346
147393
738018
162774
981856
7861
949742
381613
439233
345260
598533
685986
280111
314698
657288
477520
752800
14503
192160
673416
430000
463136
378530
203893
885850
578823
13214
209825
798098
582394
57669
884432
676867
934609
96308
276746
682208
118513
800993
819575
321897
531646
758241
109282
391228
685293
527891
912288
162709
361591
266541
978122
416932
482921
164449
638821
832970
98072
591787
380963
484143
344434
430138
398402
78402
794288
728632
825363
673806
622120
103096
556565
726390
412095
118203
769216
347533
503740
577759
194397
922324
803639
738917
206610
503249
391088
638109
456508
801928
434172
310960
868277
17433
732441
822218
956469
179125
928419
983010
239764
793982
313632
901927
825965
616763
499381
781576
230815
499509
930748
520224
231981
641456
42477
399293
111557
381577
478905
72908
429982
394281
970293
189794
234234
277091
118067
74089
331275
909872
92397
75813
971314
124612
185947
341602
92962
345036
518244
35388
320099
503175
750896
426827
552691
925310
295580
180393
913862
629857
931399
607712
49134
242240
460361
1397
485399
545762
353156
734283
187753
514182
112466
761590
365776
800180
82526
477725
880856
121662
359375
380043
964593
296024
66142
641426
845266
869329
119048
285660
961914
562989
670623
95311
986258
166881
440892
558364
755695
232235
126351
2981
223475
270475
769815
161929
59475
145697
937836
116301
631411
718628
482682
542312
671149
874428
267336
151979
134128
284094
886390
543435
496325
95938
781574
912844
204909
309089
512080
597900
661415
397264
599449
971178
2254
946004
87487
142353
515358
474977
504075
962276
759319
656467
348137
148232
95482
261512
836275
5192
838256
261272
220905
81961
909130
458226
171389
501836
977187
844244
615499
66937
906274
791718
130726
577421
66204
717492
16654
142595
924438
316870
829245
473624
289768
42142
557536
993950
281724
629326
811299
113439
142966
953267
436709
714220
75758
789073
621899
419265
60696
538829
148336
941526
558213
403585
179898
638405
675650
470719
878536
776914
534558
654694
737863
639516
206474
185178
893028
492831
830168
258659
181532
908323
288678
857444
900655
225349
730516
132981
715698
150944
620400
988896
623300
929880
739763
713525
332761
819139
245733
181258
885554
436852
860891
338899
350445
718756
833761
504921
484792
458879
447602
5978
428321
164489
460004
666878
82761
337195
398497
963121
384504
468638
571791
602337
648714
258739
761233
459286
56518
873212
123431
26985
254607
860250
872817
833058
834547
98532
994513
895922
620769
877105
811373
673417
897207
506563
788051
592981
847674
575440
338296
294489
814687
967726
956377
844773
3334
859738
798275
494199
993030
757221
283309
65390
497699
441083
546179
584039
96476
531665
202174
449846
423905
912106
783342
16707
546018
569991
920345
869118
467331
748457
557502
586496
844268
632260
320242
745600
449596
57346
528620
252654
48157
400816
76252
740783
821042
120009
391925
372662
220909
10525
981452
439292
785918
256414
617432
878171
229158
943111
703961
209741
489130
975914
355350
653563
364258
293140
92222
536837
641584
238558
247792
211534
469966
96211
347862
472640
603393
113849
833772
739491
818474
954046
451999
403413
233979
462337
222736
219303
37895
214073
272759
868756
710833
198278
454501
848799
80646
753938
579618
199304
869543
926052
976692
671210
788447
314369
28097
426676
597331
578623
111308
325698
670295
194919
909979
233815
955805
450054
165497
114873
209544
282640
993111
235177
10975
203378
78222
255678
476957
169587
283648
108893
866404
480261
499100
754519
645970
755118
737728
14239
78956
595150
966712
452582
280504
181772
607204
525781
757671
482849
210296
228391
510894
293185
199262
446240
384117
879137
263862
669165
359464
896489
930557
975705
836396
106808
521867
339754
71020
823950
186166
25366
367697
768091
373268
870885
143952
818017
691678
478820
213533
416712
436593
732739
125117
348926
754478
152268
700793
205384
892800
617536
831918
13738
371517
14096
676482
976495
117862
858805
675377
310038
200585
424748
196421
16729
112902
912273
52708
842715
247598
349975
779779
900717
508935
646754
627384
298300
467244
749953
319470
20891
669265
559179
336562
126441
583717
889237
387178
167007
357008
800397
98340
458232
128155
395830
968012
881085
813743
876032
503288
168236
496758
685379
68382
335428
38878
296856
529381
917040
235132
152916
226968
758414
848333
799970
863031
29466
154711
345532
643496
749883
220078
660230
636043
791338
124306
498759
378603
281403
836726
138052
659023
629130
132123
973755
536625
167619
100571
416633
167238
966157
239938
710552
743484
176980
585751
873049
648706
267761
737144
644250
71616
731897
184227
177972
986984
424479
526673
11059
410916
596742
720316
109490
27631
498472
780098
529107
916992
655580
256290
116761
420000
841863
157922
566050
657949
643937
880339
802691
203543
138851
84845
617602
234743
559946
607636
439402
117248
384459
598716
512975
243325
229651
376168
335967
530394
670137
627661
24288
514575
323587
251990
427467
575287
3282
970369
679045
862591
479659
72806
314230
957177
428386
608344
662856
259280
931301
302244
749054
823702
101090
646454
492014
947258
522646
842907
577245
901013
673972
629154
508469
277347
919662
320923
96869
607246
475746
920065
803797
32294
368356
257268
346309
230510
751396
831902
771137
137488
363580
356536
917059
998640
419865
348261
904741
133021
611715
856252
445696
927012
454986
459683
657255
152191
611535
157270
125369
248875
746348
453639
550247
770455
217089
380000
58243
247800
463068
49828
398144
284921
422916
695475
283788
428880
655778
679788
528839
900332
795149
944557
927134
20810
272880
982773
604809
377319
555098
268907
941469
600528
538850
277112
564110
217877
113589
349007
590661
218524
855102
786188
114842
225297
679152
825082
740462
845371
848371
601007
919592
319018
28712
340690
689354
698765
561819
464637
296047
380576
897284
745469
411747
376194
177082
462710
175391
258980
863093
634596
968415
99998
274430
421116
871138
981083
482741
895921
356734
605365
796287
501906
672989
501852
230474
870288
76824
259055
361470
302686
682478
712237
955201
405553
845089
653253
245927
734311
67821
609289
878709
946179
76901
142337
560208
333078
653997
624220
788807
918523
69646
494273
554682
214073
613369
854724
613861
238091
474843
949301
675597
566075
758233
583698
476869
162986
478249
31068
324445
124269
711052
983879
396072
498194
395116
212298
501289
364352
758541
81623
901018
232316
495923
258213
130392
879048
516625
984360
248622
839718
843497
398434
918268
501434
439749
375251
12803
935757
922960
972940
16592
972398
3089
761570
943427
254130
253061
637821
964795
129501
322777
35408
811681
806361
289281
641763
509133
317155
627128
554444
264472
709893
104724
956540
705855
785213
351045
880565
820144
708605
479914
105945
54069
198220
838991
533854
70586
759690
813191
994974
626940
934480
704227
561547
781776
15606
170124
803584
593038
383918
742914
93618
700888
774093
313649
233541
900170
872042
1709
356731
975744
687327
610507
56967
311230
980781
438875
862144
882368
954044
190661
448305
891295
153215
440319
961357
680733
510582
336744
655488
790349
212493
545540
973920
97698
720290
970453
676674
964690
475236
223314
409129
505446
574038
595590
795674
695905
711731
856904
305291
445386
668332
683155
870073
376600
149389
599745
716953
115194
980861
228777
30310
678976
378276
563601
537305
568297
912487
280018
797751
375689
757774
612999
132804
173271
934151
933745
546389
50385
741508
60267
139075
319436
487807
237636
676411
559324
655709
750270
254003
539547
881136
672162
904055
609626
178455
897278
778145
326242
218689
3069
922855
26341
40974
202785
252175
770438
651606
926559
723261
26434
78658
58326
378669
478585
784856
928558
442363
51165
345557
735753
246687
417078
247283
696489
832375
579023
637514
994782
206525
14593
749843
320490
108184
300185
739975
586995
706574
678760
508518
36131
368918
774248
202387
405536
525771
69446
279196
672995
521277
514961
51416
684087
664546
846525
376937
864656
441322
493651
693089
222534
881968
70393
996865
125612
545612
777817
464093
889873
979397
286705
918491
847827
132772
252599
959066
630618
618724
297511
89071
88056
704709
215530
986378
242587
623167
559396
50999
856685
263252
121819
107777
36297
366334
408255
460401
460505
199816
423642
598708
93200
422137
294293
202586
288897
334570
771172
571963
777882
392825
248783
375028
970753
272214
627166
30671
560650
649723
578913
266816
853266
979832
50713
44940
880635
592428
491910
547845
412932
386064
373134
764592
753155
994989
321607
986247
648578
404078
703137
571417
874804
809040
937587
23759
952850
499893
806880
341387
16215
948568
86182
897833
820628
42907
200963
370471
722032
586365
535556
642977
59200
95911
938539
177013
462719
813029
406140
720645
76074
569522
462628
550810
675259
856427
642503
826405
712767
238694
726180
256162
656790
81692
595175
799510
627847
284225
477004
167607
310334
556597
249771
246634
351331
747218
91172
300518
964951
559910
320103
808632
108941
340411
521632
293921
198211
977681
501182
860442
9628
304301
983071
938296
449692
551114
818586
554281
418303
837614
425896
461342
41142
771288
913455
453507
148223
165717
933229
599721
750176
125362
743869
338757
64895
271820
306249
15506
91105
317443
7757
137105
659901
518541
825411
734065
148732
377895
613553
15625
911696
17317
999243
574145
128302
31275
957637
401873
707497
572660
613498
422241
304044
77519
324786
907536
464020
490347
648723
783953
174248
273607
605607
99567
336182
13323
70854
467697
68235
550389
428960
974808
476558
57836
323561
756677
246521
767857
809889
59447
157813
738611
879743
461299
133842
940801
10361
566140
347104
985178
504371
893634
71533
609760
764482
902999
373978
218795
534363
703260
408092
952762
250844
175802
67917
326277
671863
482508
614892
187118
381431
145690
562679
143317
525936
513985
151332
857674
815880
404398
140727
726238
289691
870281
793218
99538
702031
963630
818879
81329
123382
624086
35203
228154
853145
518292
968160
847157
312871
985148
1498
653542
684026
579550
448387
785375
894402
237424
382902
925168
382736
128393
385772
547450
34433
73226
372350
117666
7941
904151
63479
965729
22347
330051
717845
540343
259147
445322
425757
881471
594159
393655
619864
120158
154975
357990
439789
63381
887272
520740
167068
13367
873096
438898
979989
275316
573080
316201
682163
213843
912470
88247
208344
885374
93902
686983
979941
851831
508261
649855
515414
654697
1026
274083
495545
183513
562841
796439
778441
274171
418389
181953
515755
676897
335138
788941
898436
622606
132052
117706
176309
280489
973943
165937
947316
285773
271348
757446
793800
2301
953628
449623
510560
302581
351188
89634
724561
799643
203038
749076
530347
633493
505344
600811
610102
646516
724754
942204
297166
523597
309161
486289
228312
572521
508764
273450
693216
705106
233199
587428
343697
852558
28580
899128
862800
449512
997914
99354
234677
657577
157791
256449
127014
528230
736538
94790
361938
831923
463246
74086
643847
456437
128652
851746
8305
935445
276856
662150
358704
504529
618037
672518
791444
810604
511216
217091
177336
906566
103558
855405
889464
501254
231507
493059
145168
643891
247576
427255
658834
421026
716872
379245
297028
854218
939439
433121
475348
721971
7743
916583
148600
410061
907001
779982
916582
776029
225141
271198
507949
583890
19662
426305
513455
788854
48620
822142
870715
938112
850671
927968
609419
39494
565236
450741
497879
52239
192712
850738
808915
80455
632999
666996
269004
287756
362927
483041
20186
597349
238310
541805
968067
424658
737444
767801
456301
849598
375903
85013
617725
489425
509841
713062
54032
457698
87752
198371
392340
193162
938826
207737
505029
415507
424738
21775
935296
17872
284299
985636
892613
816838
14392
44819
46926
233224
830398
917817
947206
730784
25503
513965
864360
544873
871028
229934
75637
357946
626358
276955
949393
766461
360169
801179
944251
507869
356837
265436
813287
249501
86914
659385
241082
510086
94943
217205
536161
910393
630799
724580
472015
58658
466081
265257
594769
671821
334219
607258
161615
198162
162546
831808
360673
556716
637785
786298
591627
649832
626915
858305
955479
737849
412934
936453
697550
478440
701391
859767
997970
484776
185739
431520
587739
687624
14681
255534
941580
428737
82378
558863
496625
37743
223474
623350
467032
226205
501134
182907
635785
211001
793489
316191
457890
398438
936845
300141
155604
372656
286075
493499
327348
747483
676007
860752
981758
297876
900219
585632
616109
205577
136037
510962
324592
74324
451432
436194
953865
855378
333628
122371
325383
670546
812259
777308
193758
271018
198794
794899
302112
783907
650263
740520
372250
68436
21
387928
811853
265036
195130
555234
122824
583145
979153
734181
539871
110021
251464
30888
285962
601296
673880
953076
195676
308729
654860
383772
235101
873350
232945
503261
379783
298692
462169
151264
164186
881432
238859
966620
61980
27251
167690
559256
663408
378404
530752
797070
184018
597767
520584
634859
280301
732187
272725
233651
25113
168690
572034
30210
481972
595521
641462
607597
791644
357591
760179
23559
821190
703659
482556
42176
662526
724302
116961
411559
406843
627007
785960
926287
851614
878749
36890
655888
451079
361719
349735
937509
682068
775615
161270
345203
266999
614942
496205
320681
256563
725089
503258
766082
250547
471120
890332
31463
855239
268767
530289
550386
514492
866238
868220
786382
354518
738315
864882
967482
574444
75751
601730
610540
119841
577126
726047
941714
814778
557536
104299
564595
421153
246885
426689
606517
367285
506637
144799
77623
511948
689196
174382
252894
851334
838821
103728
133550
876943
349206
387973
220558
378288
258801
927130
707438
908946
75626
21295
63876
160209
941260
797634
387633
22713
185575
624861
942211
432544
960356
656441
952467
926880
585209
639758
633295
550319
300919
186936
274514
905308
337024
520711
890543
517159
149463
157027
462925
303230
459856
577882
888300
888976
300390
873672
645894
926800
294763
792226
551888
875016
660826
645727
201183
530071
592968
335107
199144
393673
94393
172041
79264
550801
945615
901036
834434
704933
308125
763730
843503
359606
85018
995094
803503
336971
961330
592880
37333
363001
569654
805763
351745
944833
405874
524547
434688
492614
126111
673409
707598
334761
577967
653653
249851
293891
710214
713191
34218
132606
297289
510618
1398
657040
615630
942933
245744
128214
179059
7342
171588
355465
219722
416565
143418
39839
82290
573531
413336
769344
127041
969598
96164
353251
773597
355218
979526
441669
165098
235949
333900
494790
94301
981358
972552
938336
16944
517963
611092
688068
826990
715191
253878
933395
703406
184812
742814
60533
290716
918682
245580
66074
930162
562668
131662
647051
133383
710387
613223
170668
255230
727153
911948
817680
847519
632196
811400
31033
725442
243566
174847
996843
963815
315389
641167
118059
181091
752795
264338
19161
733941
483764
345280
793319
946167
355007
133682
477685
341808
564716
567553
700747
553478
746153
780045
412082
913937
174544
322521
593007
635210
38192
538132
547613
953762
17270
12403
558950
350255
165111
204217
448541
692161
947677
503960
846459
131219
870509
96113
868789
673117
190449
735800
505398
861702
230790
919155
627902
625783
127812
908961
6359
648907
795333
729015
250095
947490
401364
541829
11863
247957
108660
679224
195863
196228
939210
852536
437803
408010
115432
654258
88863
31186
552438
185136
849346
584707
979583
507299
701002
887639
989973
984707
357636
338953
931490
183629
734965
14509
687821
6507
498834
17241
167109
948146
565273
287873
105965
225413
206027
2529
408996
31766
758214
28179
305392
371533
133634
808192
470214
268289
434216
502515
160120
438435
435530
395337
545851
930874
55171
472709
803284
511368
662828
575488
962463
637708
198264
592381
387964
61217
377517
503771
82135
898564
1792
712995
591313
97842
633419
927553
17808
944880
487085
844816
576864
210468
749502
732686
482564
206177
238637
418479
471709
697536
484153
213965
441910
767593
884616
782012
328938
222257
819559
486332
178674
143198
546335
207688
502863
473221
657712
849867
818576
311124
499757
745906
494273
888300
147635
547484
651888
687078
885127
650158
456477
855607
158924
132036
470013
898158
725597
482690
879723
703450
498253
306888
475628
621576
896120
255300
445021
230185
487366
99553
267835
374547
662076
177501
457295
480734
4478
387384
155828
674223
934629
530440
408198
300177
175737
681
500777
626302
966091
620498
402867
456190
860978
463556
891447
656615
485728
28507
129967
879490
735008
824263
228805
182926
411182
762132
545534
112478
877298
137956
574532
992285
512603
274815
961934
420402
266964
231745
653166
171326
891558
531570
652982
905474
205354
678195
991368
677790
427753
235219
372153
804404
548626
926465
59426
75627
861719
983324
202051
479120
281380
668711
286099
221846
593916
375192
727528
89918
943794
21775
317439
374354
393922
708004
827497
745483
907338
992537
102739
611602
688488
295662
647408
807268
720753
644308
557253
350222
880906
739193
297808
706200
31847
265730
299990
683902
96478
286039
758280
850905
905895
938071
714001
787741
373362
660013
207615
813947
119461
521850
723659
281127
858545
489394
837766
850164
543184
905347
146018
210138
510685
144815
977371
968666
90063
272635
123840
755320
826259
212991
781922
679527
583878
828382
401304
47235
619724
446800
902379
310392
360912
869595
927141
203648
933208
337313
452913
895049
730819
515090
143791
578548
420258
612609
544023
899962
976561
99924
660231
420585
368369
294806
811818
819852
40035
338215
318023
948585
366306
421779
568483
576804
610461
166911
542228
299265
40561
535359
226660
3399
960223
536645
76574
291392
738415
246901
642488
474076
237600
762772
202268
768949
345866
371422
782101
35629
903762
588278
774291
839603
741514
548408
814938
222181
193123
125930
494157
30287
793807
894290
869907
404498
26359
701409
557156
640288
432598
483789
62834
95460
543665
434364
393718
80702
108275
981852
399509
963244
377832
688463
330031
134916
56406
414020
583493
293150
235060
881441
241604
935246
107720
478300
813106
339598
163104
880041
438324
294587
551404
947086
391033
449334
129014
945938
738887
342507
689728
628051
470112
947950
83129
183031
302224
146177
990107
879675
632150
755762
461284
297319
922029
110049
90222
298786
810870
456480
818413
68130
851459
56947
562885
778491
600834
468662
59398
367769
658820
548062
425733
752265
57193
334103
555992
979505
191978
584013
414893
944352
576195
670535
979847
61312
659515
116461
816343
625192
765009
398122
822195
79310
3141
416300
490869
536666
106752
185416
324467
20501
162656
747963
676054
333184
81316
402188
584025
692417
446193
859085
282656
147064
515967
515136
925170
695537
515299
288661
857173
236530
344313
523537
878021
556851
955245
130571
598032
472429
307430
894737
111185
534731
869072
401255
108103
875453
686149
145391
129105
372652
466072
505828
216456
699656
705789
265728
538809
904380
84440
467134
44029
584323
339104
240954
865783
274452
679408
443252
95914
601785
910250
687027
614516
824574
773704
606982
380779
436228
209985
758373
252371
749749
303060
536119
483577
804689
391411
593261
789230
419879
865999
646987
53027
150944
230780
473159
631710
886326
898754
846090
623703
24258
975231
711187
316529
658546
915708
924859
610840
12377
177738
932883
913843
892512
52568
235753
222726
573210
492373
916522
749160
955574
115836
20897
224859
752077
110593
800605
40269
286619
432918
122801
335722
457291
576666
903893
900892
209835
626783
304874
403232
964735
611222
865563
937542
735409
615001
21663
667205
94886
616405
439323
28280
370411
505618
550947
688633
681742
231649
736673
997081
901769
781281
709966
986617
728538
216749
384606
282952
974958
326501
991545
598553
450171
810840
72611
785823
154093
860235
741948
491400
657080
435113
626211
94324
941132
846214
804278
720913
605223
459217
615285
668309
304772
529622
986117
781846
353393
405998
865680
980873
933438
318340
406281
551765
727185
841092
465677
950163
390359
551841
905829
185957
214421
777219
695016
453296
99420
133644
350334
376119
425371
870598
94335
769173
49806
772971
361657
873047
37717
930256
81041
733171
461407
197422
331456
258857
469317
618318
169215
765621
928115
315025
36286
654382
843777
664857
384397
947007
571872
463192
421918
450239
380463
57075
434977
16238
377837
616594
813327
265870
298505
898950
556995
620827
937174
160856
294594
367593
82906
669546
82715
292698
816901
11468
821802
158456
31487
67422
934454
713525
402970
978653
719610
650492
50023
451532
167809
648819
273380
889407
637738
529296
591507
800071
525515
690517
166118
544245
286962
585257
869142
9933
831559
41109
446418
772361
423501
615895
462357
984006
727879
813990
217360
140687
865527
65604
173959
547461
214786
630521
745080
255655
747567
826225
491381
434500
375886
664180
432147
711738
329461
35901
870331
593193
750182
408122
252253
176698
130444
246815
91845
923270
176868
620455
44998
415844
516793
325673
830610
659986
365319
887187
973803
186174
572353
451205
797044
922482
797870
247820
564705
590491
242094
916473
945998
946036
868315
860702
290859
800340
137611
23396
752724
130128
786929
771980
352894
931854
775523
775232
395405
290855
44598
675925
200899
295224
600069
689440
853076
73094
816081
879474
887061
205835
777090
684209
467794
957345
511308
766804
876542
910346
90285
435642
12229
628122
884690
440808
123390
971841
480537
525213
505596
806521
697714
121364
65732
373384
555998
928214
149144
596914
581274
141817
180146
311807
21013
961144
891405
269604
739996
715760
989596
366545
881942
191157
661790
623062
653419
35983
40905
434803
573569
747028
576675
851002
302494
366627
68912
80355
575217
860666
233606
8748
52844
195701
338364
891563
644170
551652
914561
210610
470062
258887
328200
733789
185836
100201
777377
689658
734432
962326
405091
716758
216380
747449
553798
71840
465440
728023
582925
621244
110498
523746
454176
242727
52717
714811
713912
949378
771845
628039
962995
72701
496360
590125
582407
764961
174672
894761
608659
803065
652566
136976
603409
394654
466032
285600
567720
450014
809883
595267
857630
631817
866516
879457
234795
793943
465151
906654
251176
107129
448107
29175
229798
801467
65901
973940
770140
898450
39401
396427
875256
153416
323887
528593
113878
10817
250113
252509
858446
139176
267379
368123
671272
14523
404075
328394
506603
834097
455112
198195
858707
877892
41567
276230
657184
417502
519329
818930
507851
642724
147032
971105
538964
837977
936528
133998
845238
594737
834706
912900
636092
228979
308492
622228
525421
114313
221580
701170
609699
788263
414315
680781
22202
907542
760070
570633
889891
109276
317544
15035
146968
589834
95684
750784
335914
787234
782941
813946
876470
187298
723144
287529
176758
148529
978697
664161
838259
648997
670043
665773
87384
689455
762316
481345
720483
795364
787204
770772
654644
862824
718566
79970
394056
734265
212430
887420
399167
117653
47035
180810
533721
265865
433030
287071
371967
928536
873680
446519
296254
175620
698171
161872
310926
739580
540687
860193
720
948065
717052
991163
209367
762550
388607
438459
927582
355301
693661
926697
608535
652968
640844
181873
317539
524634
671345
248188
29469
554523
534212
453993
655120
213273
496400
185645
284233
582786
411287
136964
373000
398339
356051
507410
636688
926971
532566
576091
269470
950017
508371
148507
481782
453902
283509
930756
298328
203017
551341
57618
562194
858606
100553
785932
248239
803801
971008
150617
762701
621685
349514
375867
380492
271292
790380
120109
723554
115561
56849
260565
784076
919106
493012
190822
374815
483707
244251
652694
296701
122121
43997
194806
493987
822469
99011
726259
362590
441528
19052
180775
231837
274889
807051
931805
538018
764480
722348
275488
619731
872438
284308
186622
997357
983195
823749
509470
125144
216740
393056
845243
917589
400079
20325
9724
353491
935252
259094
607986
871201
793706
378683
783469
520190
212018
635006
272123
897165
546884
621366
324862
762277
890197
570689
721065
428996
417410
385929
735767
167843
30011
333610
36488
630884
744655
109994
206648
319400
544399
142694
648734
765821
855394
953230
552702
304756
431909
280327
593835
881681
835004
143919
410013
931740
943290
538621
973354
261077
238441
880709
706533
833156
857910
327579
856784
444206
490108
52688
210302
835620
326827
254808
466378
397045
862356
455948
833965
865155
350997
389770
781888
945651
469660
466234
487375
57982
8857
311212
31702
68773
504196
599965
39131
410945
728008
268441
158951
236664
825803
349434
672546
912396
458715
351822
696522
98317
89334
12182
321360
566767
865717
785259
64783
436534
506391
689724
494506
288525
440742
683314
41088
322167
984200
454708
895246
716893
174501
610182
419298
233797
56495
21132
894136
979107
232658
492973
708339
550090
988090
820563
165305
723451
261564
36110
174763
117470
322914
806296
237120
643022
847318
906867
897725
80911
811753
802607
93459
360155
754753
280136
219797
12697
636125
85291
387028
292207
726278
962329
487640
625966
276245
196773
365374
123820
194267
180631
558185
123376
370992
187379
771238
610117
87899
446611
818144
231089
637659
881841
123132
807104
672400
350465
945682
811833
847753
107259
835401
509298
336427
679222
69262
233727
169658
316592
418993
453446
452231
462826
90460
478190
732790
116464
636720
650550
842155
219063
492029
111138
765713
109470
441694
819471
921798
471767
276784
207528
60775
51423
131821
269297
659187
897449
620328
834561
631006
988697
157159
896973
856501
185771
4696
13214
583272
943476
4146
257125
428921
867265
142377
229029
724352
986140
91469
819406
571736
901805
83584
676906
314154
206908
975634
520496
293971
360212
654587
957174
474485
192131
188852
570756
392919
580095
612338
395652
293562
86435
705792
437269
67193
616918
202104
590526
336411
348940
214365
276095
21433
878118
345944
592900
378822
347829
448397
658483
385856
841948
283162
775652
676018
414611
728684
749872
514531
305480
401021
525538
342239
400224
729006
137995
991
488411
799868
831282
290455
296021
271650
724967
395805
553064
411147
458552
629745
418991
569779
124541
444845
982374
759897
780302
670410
49837
484195
278485
643468
581739
826318
591934
645580
229135
397455
707915
517344
737394
895051
992707
628456
812184
357808
521034
978424
658262
725550
122444
462557
201421
510358
232147
772558
670932
350541
930489
435761
399412
795564
454455
843078
174924
513400
432091
983156
277461
825465
687192
860846
553152
352761
970872
218690
713404
957850
708460
751038
993107
970964
364228
454463
725364
105035
872185
492887
174411
143689
998568
466714
733772
63901
417434
754949
274640
701647
131646
391436
843734
798590
314424
975935
50922
955417
158226
792152
259619
962230
493456
421731
413765
158290
297762
684170
244871
670502
609779
797628
265904
218274
846751
534970
604891
268424
592961
124414
644633
968360
829673
685448
291253
25396
197933
113030
5650
485183
242007
317023
21041
157911
513276
108700
711631
674939
177068
665267
607019
574267
561733
90418
96933
72939
346018
338629
538114
255875
705457
140003
82828
842582
313826
399387
849559
364525
703996
7671
847006
710272
293578
969354
478155
780816
545010
61723
574037
576931
52581
438638
986500
42333
600178
247531
685392
124536
777014
69614
106599
765984
265454
328682
350862
148974
402093
920698
619487
775806
607592
629190
912176
991151
399983
925454
293460
838774
624950
424790
303611
645471
895634
409134
112949
267490
951295
195229
983123
821342
938397
157354
352174
32949
560316
265030
118721
176387
918412
461337
523633
926523
943735
600487
992622
241568
37386
364959
996785
234205
91406
585472
136229
491971
442421
792232
830946
821661
702000
316539
690132
825392
90014
28652
974330
351892
766366
450667
640523
609193
134789
804267
427699
907256
55915
801807
171322
411368
248352
713840
629766
173658
423612
598157
997495
878497
22548
125072
669104
270753
374665
912953
615734
973059
701626
109226
578224
992402
15449
262349
929038
381429
774555
338085
109126
119241
845129
965744
274106
585754
750324
999990
385654
671423
683974
226738
145237
348303
237875
165465
774531
93571
220493
142731
720924
75818
69175
808725
559987
240579
517489
331937
883376
195578
867667
350523
978385
787650
346837
103424
774993
344715
495114
612261
790053
463905
625581
381281
766883
261089
978772
724473
823678
417688
580929
563174
289452
695481
89432
165668
51048
755451
735594
347865
791507
898765
781615
675488
196598
162743
344979
307442
831970
320654
741351
557617
262520
181587
403064
403088
659077
334570
356093
854241
233157
928562
640682
51388
198345
596101
98401
959497
983411
406733
486344
288491
557021
203457
137077
533577
964057
281531
379334
442
711379
663352
349006
285261
251795
546219
563178
96562
149599
525374
3249
969415
961405
144678
157577
329027
931606
301153
704599
227833
279350
172239
288846
175050
817072
618410
252009
307882
688735
31780
822643
978701
760967
957852
364867
779949
784601
596668
540614
609467
650581
932593
228596
905567
512202
414984
355109
898222
627961
811042
267836
989224
645720
902164
926401
609322
366322
273181
84941
349750
391083
645700
802014
352285
935074
213198
84811
320391
71727
136217
466257
190815
35787
524313
505227
911197
659855
184236
726400
97841
322709
262363
340183
887433
976315
12207
355045
27135
890310
18286
190375
916066
439778
528689
739147
443744
319431
787747
21480
637645
978616
45016
415247
182674
583782
919495
458233
896884
761777
46054
778847
54592
772686
9120
785129
721105
358851
272502
439166
507645
102927
739055
591610
554722
105512
648573
185790
968904
626332
803566
414176
542387
651353
428427
65603
373256
745160
927441
91266
879641
727315
96585
944902
754447
24392
482182
342584
764147
140949
878203
288719
461977
546163
206774
829194
588905
863968
612733
728954
176203
754820
562820
480631
501231
425397
179591
763955
583926
541078
724362
477867
37248
286554
461419
949881
976211
983462
921632
806663
971492
215189
164947
70686
328582
957461
365527
279644
49580
451438
305733
903940
300828
837603
2296
341807
296371
889713
148961
969121
813711
655028
271175
208439
376028
300905
770270
509436
378110
760014
567235
329178
8280
330470
605970
487533
664311
684889
836197
198835
223135
898551
796585
948192
461039
803933
568158
106830
536179
815408
956971
168210
323398
221319
204891
916458
721186
759205
125048
836882
479238
531683
74626
106997
131714
975277
421388
599105
725858
702627
372532
519315
810741
87711
290173
112018
352953
494614
30731
245399
151012
658007
897338
588810
989713
921265
814618
429512
157062
44530
179211
996544
244958
666185
905970
358621
961752
450765
534549
795165
897850
674262
338137
437697
859491
870409
250197
424605
936556
194866
13842
956815
550650
956938
254562
416396
984612
645271
196825
999574
371707
755698
226861
616010
534458
328868
77158
168277
555403
581162
526081
791239
193076
165464
397159
174208
534172
290010
246149
369734
436542
817429
235271
440953
890857
275948
490038
324189
757361
397214
978860
772567
418678
701388
174192
477107
250382
415192
166898
972066
337170
868714
582180
611585
115714
839052
546034
555028
758934
717237
324640
180305
687202
470819
429055
231257
746852
73441
227916
540930
956205
928232
999717
722703
285034
194210
716905
334977
285199
935497
845867
591494
914847
900398
826129
79120
949530
734038
875279
283137
405251
640191
621116
329986
439308
612416
691470
168051
895904
179150
76855
132988
391181
612827
362843
858818
138189
353880
432684
197622
685999
208348
602340
941767
686055
846365
742174
972344
572590
272346
770450
31948
62359
14235
44971
323549
43760
717520
312647
179147
794257
520855
767882
406162
681796
858137
831711
928181
666384
161299
948813
898967
616036
506163
536945
476776
362845
981208
335454
492988
664244
571516
712333
162039
837639
37486
172354
651621
384642
369719
64574
217126
973866
104607
677211
521798
364102
919048
891783
392299
32618
717943
541215
968872
952929
574835
288487
152238
770678
944134
515108
498785
340511
132256
130775
809737
124999
551579
277782
946015
417975
579802
138248
258631
806432
794058
632444
134494
649927
762826
442662
802088
700173
92647
874040
960172
879834
572928
545241
27420
598182
440201
697093
563308
730787
799274
341377
213251
83083
547911
991673
397583
829057
813403
824632
721971
965222
630717
71042
374940
161851
757829
705681
575857
642670
824648
687019
974568
982467
237694
720028
188790
355872
229509
564757
702814
48373
646014
888673
665387
368902
70230
64000
374649
844566
345311
910178
266861
156082
116828
63937
305284
353047
928092
310747
143945
458432
308349
8907
678240
757328
248658
694403
155648
318361
73823
147240
60990
118663
67265
201098
383684
744813
804458
851967
754912
712297
322506
914267
143289
350005
522826
76941
170588
870157
515634
984153
398068
967481
958251
416814
999960
272950
621790
759331
829695
740933
905722
408467
646222
172239
213909
5265
941714
908211
64874
979210
908873
106734
153857
877686
824411
193702
641068
728122
671846
84691
723117
579166
638135
614730
885
854310
351636
758696
301255
526863
959286
477847
987899
801127
608532
389952
380831
84745
683226
96461
49272
457396
109304
529305
641254
189256
188567
561975
531429
184860
551463
632860
600688
576766
758356
388522
530560
266504
14999
150361
396210
554651
892905
358660
294982
331259
503634
582094
606147
249095
148383
594415
326968
691923
814257
987295
306590
283620
148850
386205
713178
589575
167587
91228
694942
445518
898129
94411
28591
637288
985319
243199
33409
170396
487580
31680
434558
391586
678412
972397
543718
294558
868389
820940
210255
982714
572344
471218
107342
409886
86511
271819
963182
125135
831838
595399
423837
53345
430322
529826
342567
581914
595718
834446
338521
165733
51796
81790
659911
850736
545416
959505
324970
11490
433840
965209
391393
680188
252496
586952
282584
402251
895443
711990
429574
108935
299419
176274
501136
389388
381625
112098
547339
439858
82168
760696
98655
886283
443348
484595
134535
264056
495112
205295
144948
765224
767941
652938
332241
97967
314238
241044
103970
357950
765088
123026
835397
243013
310048
555695
832091
723298
92204
407360
233344
955716
281923
88306
553589
707489
456416
465747
510367
889360
344337
217017
641449
123651
542631
64275
984836
917221
565958
964426
240782
448012
123484
57747
612176
827419
444783
77908
778786
270839
856462
531056
193001
264164
952489
747697
737409
775803
239677
762001
986741
824266
226279
452517
710955
509192
126618
794215
813661
347763
283820
969182
513602
53576
835082
207852
123467
227742
968268
649460
896713
780576
450276
547429
567147
822693
191343
608104
112357
815534
192942
960418
617645
432123
565710
657638
52255
479242
414691
1146
632513
395245
982196
647492
327456
485959
911535
453458
622105
789539
470525
814915
237236
365232
443120
158868
873194
805021
378073
159754
720391
972109
992951
115385
66986
373175
626570
955632
597802
932893
287045
330626
95891
303335
864865
901745
428174
195804
608078
930552
75422
359740
592260
324661
441415
581180
978424
943281
42377
122142
733611
218254
45194
982637
195804
280268
95825
473362
981278
554295
705454
560598
917188
127281
266616
585653
91256
465879
403630
500571
65579
47507
44287
967550
837158
322174
850662
621783
822464
364975
691564
838654
565416
974757
908241
153953
772322
251469
563013
231072
585103
656048
270673
56585
226212
938299
158099
232683
239805
410732
377382
637593
240074
872343
397408
465149
212967
121490
121333
693461
397834
333571
51320
700367
449878
199172
689794
798781
965324
357936
674155
965301
386721
632909
50037
286792
734698
854102
287433
155613
357427
320483
610713
48041
410672
697975
792036
393293
861451
22374
208984
538315
118172
569121
95825
220710
584311
919968
453120
963030
850910
397674
96807
347045
896663
273604
937920
56041
979225
9780
948413
59870
402336
489584
264363
986463
491296
880104
728304
806721
451734
584877
307507
237581
92985
449852
747290
133143
821455
126187
942702
29439
770717
103343
487516
473988
906423
360968
454485
863424
842869
21833
782804
719108
789318
856200
905151
681360
404446
304030
49831
291759
627915
235931
870506
128941
264549
182473
413048
533174
95588
847963
518386
259533
180748
754867
336046
230309
67331
837837
154135
805984
450307
585675
169650
678881
746602
21533
852155
403088
258798
640460
985261
943721
252783
688164
325921
808449
849509
553212
531726
935447
596536
971811
381743
597459
76847
935593
672386
836958
718208
721479
245292
372509
107717
492076
847418
811723
226128
423909
751426
697265
588821
393767
87016
20165
91334
43580
69116
24285
696188
837896
353985
889614
498833
754551
836489
863077
967562
271942
123643
687041
958321
155562
679671
65484
94722
771680
903248
269204
756219
566034
441208
427402
430934
26659
743673
750165
937555
454743
83807
524308
495662
907234
928564
609391
242544
235532
259363
886808
456354
898365
866430
691812
583580
243371
452891
265984
50171
291165
93145
834449
782257
978778
496641
917612
396278
910003
524167
943343
599260
889066
776047
279098
424896
523838
224780
160397
434652
249364
137763
451968
854842
389443
831023
591641
718979
469500
792830
861325
922550
961108
718585
286102
949748
303536
614016
519021
678135
447180
742772
49253
228067
803432
566862
658788
996469
638223
878572
112126
400216
238853
850540
48047
339990
449996
480881
261237
281579
968211
624707
828232
219894
911868
677459
868407
359049
849480
805339
210848
441503
990882
790500
49228
252717
150853
116193
599845
536593
105482
238521
232340
190567
413714
933794
595003
691387
39628
164073
881740
205144
733091
956622
415236
471487
862919
940619
518024
762483
563735
687157
174234
696369
418088
523772
504248
977662
199349
789133
529425
255256
851875
355542
194661
306702
29614
704297
494840
637867
738934
72762
172466
913550
320544
894659
862358
570837
231274
620999
746013
347576
312911
226866
400750
585842
432083
197471
696893
268633
101100
269812
475901
461007
265869
952424
877635
945105
562064
720741
974329
104364
99198
389064
522235
686672
494590
323718
687313
617853
113241
82792
949514
750106
610278
132342
659185
125284
169815
742706
831215
517955
404638
966651
806140
916921
268029
271635
546179
377011
935209
766138
951250
747970
201050
359097
565883
627875
267378
956282
410890
289466
70663
545108
221986
849502
170639
19173
144182
389005
889127
687065
392097
115072
702848
532551
665315
243098
638054
804858
722617
399162
776302
537228
60952
361519
229308
265966
791173
40331
913710
694085
626836
193104
561577
889199
429627
695944
878142
868388
417745
49841
26744
452279
980777
680468
838468
176442
174277
42102
693629
998913
907385
368936
692372
371391
239134
435577
642329
200142
41839
568460
930344
390410
216579
264964
822514
731228
302695
219803
98151
261781
65303
497106
401533
98160
793497
935619
212704
24378
67831
554578
69814
359757
505687
827330
441742
844088
595768
267812
521060
630650
985611
133737
452947
794477
490220
85721
944280
411200
309371
105501
434750
875037
30171
725686
657708
738281
190791
205520
553223
402793
384908
554161
268485
500162
22055
255372
258575
109465
67259
616306
479890
518937
576495
472104
552419
961874
119522
724691
784908
632959
28172
447696
348664
101280
342450
836192
918710
172998
295429
589952
367021
556845
919768
707159
112093
552771
140732
902025
555917
889479
105019
351209
593687
553677
932973
276427
54284
912478
800953
148599
625157
954939
401004
55545
573639
226754
911855
273557
230098
775978
811816
218263
401734
356329
725104
236937
229107
43189
426796
131071
749052
559014
560522
395596
82854
960954
726810
809751
786499
656307
357894
995271
79413
644571
223152
990235
7713
57063
682279
709399
631346
81722
710532
336409
177351
953024
441575
987658
829306
677499
331338
486640
363162
574078
370335
981876
533509
471434
476431
670458
466870
925725
493705
461713
252609
357292
397756
984697
30132
948396
695532
16651
142937
716078
830346
140834
294808
711954
890846
478055
106169
144425
310432
891896
894024
241835
175335
402357
71825
804561
92985
436647
653259
190545
265409
694604
936657
439156
927774
857027
943243
34005
314072
690064
170667
176120
548973
825741
271060
807236
282250
160430
406165
892382
815957
974319
954386
672036
307495
975772
142403
219459
502359
634429
416214
743478
174001
222171
217200
888987
931398
540595
617745
34291
794909
193271
682646
766646
743303
20283
616727
370065
556112
991491
317424
313661
492434
288678
909853
917629
984227
890718
247871
790452
371566
586607
751995
390496
219615
596722
933762
447351
957624
370942
79723
403484
515329
762289
745084
996862
658012
751072
382279
500942
767862
20185
550385
458907
416666
280913
780686
749067
650847
848239
797928
281656
398146
448820
21983
545124
252622
324357
953706
369563
316087
372374
776443
868068
450631
671285
42817
33635
788272
530032
842183
249166
25152
228452
233402
75274
182002
611364
854791
336161
711776
938690
557539
799010
667286
468413
504676
191126
993795
129479
342796
438810
905801
903857
341479
825630
105011
558133
591946
391096
674502
835232
838459
577382
310960
787482
725551
262111
545949
402131
654894
770132
612905
789516
216083
792840
901424
413567
548015
444424
193920
380076
124878
794505
920880
717826
232081
781854
795338
251558
764474
5203
656739
181922
562759
279913
676812
247533
856757
427245
465953
121107
197925
363895
278591
601857
564572
218172
827794
816367
351269
521489
583499
350186
503313
808253
462513
330365
627807
822201
931535
96379
955446
526278
356235
682220
322574
243883
286295
697490
984239
998282
951936
328150
837522
570526
219940
7124
924643
882068
601985
189888
765480
921410
641768
741235
253307
676936
158736
837014
37875
376450
231622
165865
627489
512871
698434
678641
680566
696833
828694
792572
221570
401801
307007
541586
235223
385630
612190
747002
374924
948706
153216
157350
658078
596209
508633
589628
59632
579775
821264
72641
202483
246861
318900
521252
867040
523464
375756
29797
192482
378878
331979
170016
222418
797565
537762
97658
529242
531402
141488
369639
941754
376763
651029
137045
394153
622258
715940
818744
410771
199670
430262
667891
350017
929199
835548
423776
965143
331518
8364
339132
969142
603255
796860
314674
267714
146044
479789
934082
82877
157303
42783
3982
103634
769267
475458
292161
947310
539800
545292
660828
601993
932417
770631
966046
453891
968443
938370
77520
346409
783645
940967
868522
706198
339519
844653
361637
940214
449176
798436
915614
848742
642552
652397
732068
612855
123038
694156
618142
898258
611831
885078
854108
196725
401716
265412
869176
106908
352646
696490
161256
235130
166649
803009
460324
701478
87018
506336
734318
520723
873510
188426
247235
25208
78753
537248
170268
278030
768592
108407
294945
742840
718371
66884
128043
113212
884067
624244
511988
362543
876067
518361
152734
956976
701350
574078
13468
823754
771021
574491
235905
520765
530235
743076
298531
583382
821639
720508
419563
965691
947997
257031
144125
87811
849970
70300
463806
685826
104865
74457
315910
30242
442343
964370
245732
592300
610679
380001
98824
403686
76283
776289
623441
322455
170281
260726
966644
282534
206589
869443
937349
595489
648600
119999
867173
574297
974965
1442
675593
802602
526148
439929
1698
101144
402341
974297
124974
781396
732802
957680
30491
625247
123401
313142
406355
700102
954565
720771
999465
908875
300568
612411
680158
838116
623767
551012
905039
238044
251266
292696
701759
148248
809310
867990
884157
529716
930161
29426
333810
266892
355674
236141
658121
741207
713418
221407
840187
220077
204707
376785
439158
617257
817835
530599
69801
421289
702188
573306
529839
531954
866604
78084
765845
327153
31109
273268
576329
727580
786656
827618
532450
751607
884050
69981
549766
468979
268051
197855
981244
587825
294294
921122
444175
430820
202890
853771
975707
942227
153389
953477
139511
432574
968584
453353
829183
288088
878411
978649
139324
929587
604741
311276
767218
330042
407807
703491
895751
46999
985334
246202
969163
422197
324404
684859
715240
327199
680970
223212
324455
902663
439916
507720
686556
78052
92393
878987
200816
432690
112581
654919
510793
559517
758453
179416
333432
553654
223653
901182
53223
690890
239349
566620
911518
103184
523679
816182
613504
606591
995149
725506
283049
993022
169737
407827
940999
96547
853487
602525
221859
143431
392131
411748
696958
73923
82399
306950
264790
107337
423685
768673
367816
773792
204563
116258
995087
942397
706388
164139
142570
812347
29618
854944
241180
375032
438218
106639
245389
374283
860376
972921
851470
741989
36945
564737
576506
640451
41360
629360
114807
180877
975592
235107
381596
399823
786008
918290
262893
529105
973020
332861
563265
510484
797792
273653
448133
46956
487887
252292
754841
762293
69130
399610
876952
411891
210741
775893
926517
77962
162539
385484
636928
954070
144081
182264
865032
809320
717640
607071
27931
392286
660988
541727
863017
38110
615002
487156
450503
326575
143774
246374
804943
372275
211722
150162
652452
383237
593714
524562
52755
257387
158068
536396
264917
928312
325830
866900
566641
892417
924392
752127
600382
281081
837304
523269
780870
475308
904804
439890
800775
147988
68089
244841
772371
87131
827547
634933
842775
297774
857038
285998
212536
91899
418608
33700
309721
467271
966601
610219
537337
397933
411707
105316
603578
137974
211412
929251
127228
525138
137794
800194
17768
462577
810342
957569
206281
110785
102209
985048
44244
196
861003
812572
250120
264717
733602
298505
347888
104598
983583
172210
53382
256129
554437
523394
204402
81706
374227
278766
588591
430053
154297
196089
995086
376025
70055
323811
560021
470072
656448
660335
412927
471706
115693
246160
973543
380597
684558
358575
340223
785659
951116
585372
879738
698640
657738
536718
189258
337959
464954
928536
275459
568440
194508
143659
272351
894047
175552
616066
905243
668372
314461
992558
852734
967811
311418
738110
243641
799176
714809
777930
523754
425353
340692
673308
615675
943215
80847
593340
536231
376001
65997
905367
722525
120287
443327
991627
460093
149465
586039
583378
795391
356714
404122
987528
210867
232980
726132
253210
33442
761177
3110
277325
550292
720083
7994
28712
864427
159281
18391
916544
898221
280526
492944
924318
279199
347567
86422
525838
338124
459993
864462
473991
144293
509453
134718
349938
65858
403170
735328
397593
421766
614717
850201
630829
685729
890286
315971
643507
419696
547370
844582
652237
386047
976609
992518
334433
468782
9148
462742
688040
74865
416437
124618
966613
286833
264594
212234
897887
555664
17919
617154
110509
204362
981639
385558
187870
550262
644399
341427
547442
374316
52207
664001
15320
40513
206221
106677
570324
992686
972184
859074
823756
858511
481471
243375
111856
989319
719628
826500
683780
667520
269376
558110
183820
988304
958539
368866
736787
272183
687848
266702
33431
729413
418579
908907
242260
408217
128936
108191
531307
964931
147353
688479
593519
976203
938956
769153
214989
125579
293903
777775
439509
247735
230073
274103
194409
707709
774174
246272
993857
666247
257262
534744
505816
893022
684650
143144
26294
740904
484868
569673
178971
209938
13011
408879
929541
592456
419248
144579
565342
884513
693680
360719
277062
826073
448446
511955
362424
302582
416147
366772
884763
276555
297813
993044
784551
679194
599817
847165
406002
592916
767351
905974
898775
208829
234265
374584
688449
524651
742335
788922
303257
545261
894658
551337
713418
709129
974050
682612
626221
818973
361151
871619
516950
640230
247537
284615
548666
680223
578116
24108
423931
231489
277971
180844
563730
723497
838271
813501
251352
332248
369677
331178
970161
914644
145434
918592
532630
986411
685115
662239
388413
541463
594613
227504
362662
284797
784917
874997
915524
753808
798190
721595
885767
92307
420269
854253
427522
487419
680666
351747
369022
239538
690221
219287
745242
201400
119243
257240
743261
92836
660252
953943
315098
161417
348361
145343
263679
364595
314263
260898
930426
268881
100443
890926
340487
596972
843097
212222
687002
639637
271997
82188
568870
404830
366069
29061
947017
618110
472169
494389
20180
414744
819800
853858
773498
879445
676752
332148
450516
678061
447050
749457
741070
884613
481695
645639
612018
884915
240875
351779
939535
676445
26109
213086
29061
604927
577719
632887
156080
870859
164105
866332
405231
550442
996868
75970
453584
641761
5534
308372
579545
291343
573889
484551
264117
833362
772559
824780
715386
972618
3511
750303
662547
146229
770413
777021
792399
266041
198153
133554
20997
991041
55358
754640
165217
418046
990581
414012
562704
827087
846213
607394
202820
993724
14225
109128
602020
605979
75839
537280
611796
827285
588625
455415
300508
927427
743521
887211
865591
746482
62717
977978
816186
956805
364125
374293
72287
632314
336445
214931
753262
903941
803291
876962
190407
875736
805711
27416
690318
10244
191426
527400
962675
933241
227084
859248
177885
151529
338414
54126
592882
194699
487976
999571
232005
591228
883257
670128
423389
179711
673393
987533
492574
669285
165236
526297
232599
804488
5901
368571
342375
344241
449388
874118
238988
609241
834494
27852
601289
741901
849319
82185
882356
979242
468127
124160
622489
929992
508838
450852
351310
395188
860645
789996
263893
522965
500899
144329
614759
374511
149984
615604
237155
393798
562258
93344
829523
465690
255993
680399
820311
695761
898721
994049
870128
243123
702132
906439
812331
251343
77113
247733
907495
753530
76781
883381
758661
643639
192508
12664
751916
919346
671772
321288
395638
963111
238343
704890
373627
63712
200659
723519
79416
367515
449839
84057
888155
160906
4092
893482
747053
575539
513221
508967
920092
929720
766749
935084
801828
749553
490452
422378
414234
416885
95189
103803
345557
229432
879647
489686
256441
681422
541918
402718
692065
429838
982885
417493
673704
607633
485835
73517
87957
891994
255583
936959
721888
641168
472968
135445
817445
957030
86398
569185
97764
939099
607263
82193
840179
729053
106223
244474
328577
347465
823919
943537
976967
97741
191384
491705
176781
112239
246644
413398
362837
241446
541146
161280
39016
791654
161540
897011
994620
962169
561038
703395
831359
60937
885262
755085
3779
618298
783370
390249
108422
432692
68506
522364
445468
768766
391323
924809
412987
353606
966029
866855
865251
107581
868170
70894
782248
495263
785380
270731
26461
385680
513689
923635
965343
231842
887093
286517
325499
565811
358917
12775
372413
509107
820851
14402
752982
991556
483075
208138
430697
712186
101737
889701
174962
761794
934340
482062
64467
238494
956923
206433
549373
88078
984755
192662
879991
688203
314090
71499
883662
887148
317811
76985
195226
316012
44750
104009
770728
14083
593443
2623
970825
11440
827291
589332
41398
655768
752411
498210
22622
987784
243294
883065
638990
855
10990
996943
257532
746663
553407
872211
934833
343370
881384
236962
861584
928000
674815
852051
683142
914975
688719
466221
11984
896588
672889
217656
724772
963429
77668
172785
865853
951553
120098
850519
973766
895311
571745
228322
724898
220123
841866
233939
347798
698287
725817
917926
744340
62870
501978
847653
74789
928955
580444
805142
720817
625201
324053
461845
281966
719756
725490
315004
858915
287660
678489
306622
153304
379929
118941
742163
92700
181898
876701
955277
787826
390656
76090
281226
988762
624079
912114
496834
395767
420797
673246
78144
673250
207683
803524
464046
277386
912753
553562
180361
433669
981741
245592
702067
102584
90139
14392
72167
415903
336217
647757
707271
294906
514081
368189
526737
744853
285010
696349
960944
194610
987976
654439
969903
448212
508647
131034
122568
954922
270391
915951
754971
203159
89193
405363
447802
114586
753784
1798
370721
265183
671467
167534
353987
612257
428215
57880
692735
722234
922241
328941
486705
598856
630080
121933
170277
590398
501953
817259
736487
383940
582468
232773
506422
136460
729796
481854
917654
593267
899924
135129
54981
107407
399653
520788
971077
908827
546852
226655
596952
645884
57920
931319
98634
465007
210441
924964
239016
461842
68404
580939
349966
935564
586619
580785
597662
185177
445985
324813
618829
238709
443347
807111
482263
125732
596842
779283
336851
703004
404493
752485
471329
714320
569396
474768
617663
939675
370055
992191
207163
331717
594277
769358
440003
412852
905600
785094
632792
70705
215653
524979
624929
677910
945113
554212
109148
50706
966303
654335
801199
278425
932503
695998
156189
409578
989696
832778
976724
75646
733726
388978
434978
871306
367223
354824
820232
864113
712247
211672
414951
875978
959411
29830
660503
890569
167050
92547
967319
816524
531560
112620
692446
202884
752100
898623
373648
113406
591625
523002
542412
989965
699314
476498
468194
116118
903823
863436
404514
533752
667716
930172
621647
477846
669680
705368
513523
466050
465802
646648
688524
489927
386728
213421
840420
372051
454938
698043
240318
951359
513651
331572
504684
397053
322983
136498
889150
506141
623568
847152
153877
659772
849035
61190
139349
267593
936127
651199
33977
466037
284606
411032
911680
795319
344067
909144
866373
254393
835099
404678
859244
116066
185761
528908
370744
781952
885666
163302
846138
73106
807327
608263
883236
827056
819120
173704
184700
515864
158341
141517
427692
373078
66376
919095
559222
977935
122462
1855
556420
431978
494221
830069
922205
516506
764407
615062
657780
79436
686341
721475
93979
254954
65759
663396
284181
69194
620695
572632
117704
254647
252965
188567
718033
677530
362637
930343
273586
328644
400413
579447
838310
87770
496146
608988
136533
520925
383771
558437
977315
182548
222197
938013
65635
726489
445045
361820
356586
591486
108900
414538
106942
254618
917252
764722
51884
648499
167537
290366
944952
465033
606179
222293
70639
657981
911056
671566
145945
345884
514222
14991
383819
702285
824534
658310
487768
406290
140676
275971
376424
889662
560635
66289
421344
388724
321669
679728
493633
161431
643928
341840
529933
855891
376213
107755
804579
947271
827370
345631
14252
637070
555350
720678
762094
40361
648844
689492
190846
996170
364913
262637
403218
260863
655296
357281
541300
771002
136909
83878
277907
709689
427367
693807
59636
938454
750742
336142
890758
409005
834883
674467
46482
728933
889015
184512
250001
65949
538876
887387
299671
696885
207840
714606
389102
808438
699543
976495
59838
601759
728320
208103
615719
505485
871232
705522
644337
191622
684811
703570
993243
372002
393921
946543
525712
30678
428596
71215
347127
818078
342984
567342
618473
456390
168436
64730
696702
355350
321573
861230
206912
435160
684737
17417
763137
764807
484232
615978
27273
703830
649303
696267
514087
79514
257479
793495
623784
542036
46514
80712
26086
66719
973653
725985
43576
845298
391825
964101
734983
851411
344012
279731
712832
153177
809076
846559
355941
81692
47396
616941
873406
115131
129183
480844
23086
896713
263032
630893
554784
658900
367124
288287
529760
579412
115528
881161
908998
530285
314908
745347
585677
205473
60913
676561
909249
198421
83582
883580
908695
953790
668726
924495
156375
250152
211718
50603
869172
559331
79226
569160
673468
461578
568703
46984
171178
795633
996739
944825
686681
374698
567225
429224
165907
964276
340536
957148
554824
160513
227651
955766
965338
364579
419236
277731
476629
347282
522865
302395
427836
74460
485744
732665
816446
358314
34455
899735
721224
879658
808748
197766
390708
71710
960075
663495
414111
128833
34118
436969
480215
621329
877478
457823
675827
713086
455696
115837
634366
822125
253635
949391
628299
466281
477246
499926
751852
727783
496254
537376
60605
606324
385701
977155
336155
953725
18294
139702
561203
235706
661373
713547
277877
804729
678412
320781
344422
22275
561247
953394
395285
849196
83681
266301
887781
435580
416840
733747
159177
818741
994715
250039
158031
363649
336084
916868
798163
817978
182048
909511
810580
477717
114562
203095
72803
452460
999128
803026
404023
658470
401654
15829
994782
59653
260271
56023
489038
700683
628082
867042
397466
230410
881040
359024
828992
537415
499291
318878
763998
928394
67626
826127
168773
704005
894010
149024
690918
53598
205679
707587
878505
394843
101304
720250
187805
606313
829200
194034
365002
768521
389344
396858
254625
715416
635201
338270
533333
12601
338144
593764
716163
615393
430971
172706
750348
975870
427591
262394
875715
881925
393844
486964
336514
273367
436744
220214
102551
795663
282728
230690
228572
968874
399414
913932
837924
916308
144147
720087
789905
573131
238085
414059
155651
372082
59380
513940
102635
871156
568847
285178
451581
706963
263116
290553
816900
974348
513484
763165
803343
152553
228636
22203
174921
304291
776280
475054
707239
490033
959850
206829
80954
483889
611504
871302
378276
679218
13116
832761
102823
991580
499188
283571
568089
378364
514394
219750
631156
435376
962214
438849
395721
921068
476304
615761
628949
661286
330922
896500
953260
165988
821161
697653
504402
323872
941444
345929
56553
908308
729780
275749
325828
185896
906844
380474
923673
247478
676739
885390
301013
43254
651004
831608
422474
96203
274727
967096
314308
771817
472400
553777
518457
741089
286324
939459
883166
583370
310308
929929
303574
175502
413187
150956
500869
779790
504490
505442
874051
200627
752170
780423
242221
395474
400561
325270
514453
440763
705925
10308
887705
568735
969710
4345
659217
426651
178353
543852
40610
544997
606326
980569
313520
535249
415819
83490
922480
364993
405377
812736
199899
725799
511540
700196
132542
863608
731817
762862
488942
934960
491919
76488
823705
807867
181416
116641
389112
681351
363073
726402
663841
896036
280413
292302
484153
59348
356720
554330
15623
882549
289095
84134
242915
976584
739269
912568
91341
562717
583879
595412
415386
629469
342633
631898
801288
535028
723810
120188
743219
363289
216138
862873
718689
559227
977021
883387
214072
157641
683927
851626
306191
650846
844062
636331
184801
385864
227264
826584
412574
188083
646065
712605
161371
225527
201014
299532
889962
303291
639552
514846
441797
400836
710128
767751
452516
418398
486457
400693
698286
947621
972324
536036
414796
563888
228588
958368
596504
440283
488777
509081
723828
741616
562186
951836
742456
796850
94491
298356
335747
366021
423079
548316
440434
266237
92502
273375
112239
66305
603895
171918
784097
185819
796858
933022
750273
841888
579732
141083
293900
710135
868613
150797
117012
125575
232566
936294
734002
271297
301883
682276
401430
522055
128249
905609
814143
967991
477985
531381
537606
61785
473370
745181
407060
829857
177661
844842
997555
631968
122490
102000
365634
268942
405976
798665
254147
175020
668185
558734
68622
185177
643003
415025
101032
322163
332763
64890
527919
362344
286517
712860
567788
758168
642246
755891
570891
293096
633234
551133
337958
226598
843137
216690
958333
335764
962853
652065
961154
910419
779031
277928
281169
517422
730879
244783
308669
189311
21297
897986
90310
467202
661044
816362
872294
961140
215135
182886
423818
584679
419997
963787
78302
517669
762895
549365
397505
660030
203152
207017
731352
457905
165524
675273
622974
25331
117737
931058
728921
220318
70688
290102
93448
578809
279941
390961
13432
354080
169225
931850
297110
272976
798145
972296
299871
35601
259399
620750
902291
841664
353726
120949
265992
993464
40372
144196
787162
431261
534432
402126
921472
901316
6666
684073
636090
390850
600202
367174
384038
687440
252712
324338
970866
399832
418467
590568
177836
322207
504845
324240
250358
779278
201683
801496
891797
420190
22683
937838
306984
659935
23622
35799
23733
635430
329941
996655
469599
530769
44327
384701
605684
604792
691808
365042
320227
571058
349926
163390
157002
986689
919237
183120
971246
988251
488050
68712
80964
102166
62509
833178
663340
155631
617343
550625
76797
471670
793699
557469
321275
902298
3521
678954
540517
396429
768277
561823
639787
612179
195503
472480
699901
252013
223955
370528
940799
661340
472320
475895
750041
782356
270350
702492
581674
373887
973744
889599
598428
874986
21529
354566
228050
59664
915388
817249
378046
938689
270955
876812
28304
851375
267041
804065
734601
511445
641243
201303
667566
631876
958752
285595
726679
73484
877090
668553
5351
163779
492797
845127
661270
50357
756636
786302
596585
937064
157947
771766
400963
299210
981318
230285
189973
934969
462817
14164
347826
793711
530497
641287
882173
915977
879095
587878
544323
681970
98893
69044
258405
710256
391177
578379
316206
824395
804303
367002
306435
995349
854626
195005
146040
240475
771403
750071
73983
335526
204114
71759
243195
140206
235881
452036
720563
771804
467881
557421
241250
139451
583475
619186
884779
752570
321528
912609
488233
179104
285525
259054
957860
273037
691798
384842
989345
421992
481052
442910
734417
392490
460057
403428
59241
472582
952503
771234
890065
337844
445080
885572
134710
234649
892153
481686
676922
108053
434544
69915
152075
695976
936724
373260
326225
887233
32827
779120
348545
820901
694942
225812
61135
529081
380505
977512
419840
856044
640399
393910
363933
755523
693227
834880
115779
50946
367041
724212
897240
759412
403666
502094
78424
266712
687918
713866
248461
373480
593716
394565
54813
982022
397045
346672
829117
419974
598967
509871
229956
769362
538837
973012
960602
903550
654468
919538
239439
704297
648496
978529
721608
410892
474372
942926
859923
165218
515913
357244
395996
57268
382566
827931
727353
388224
688390
66755
487968
433349
45463
958221
801912
770606
310190
339022
131276
518488
25863
306417
515228
72386
224874
872688
712206
928080
476074
841967
376962
869884
314312
642549
897987
682714
200628
266887
252120
823750
989811
379619
884347
23724
11164
170774
808737
104179
169660
386107
952376
606919
174617
227536
993135
805889
272788
632182
741358
344693
793191
568837
641319
828889
685710
545097
785604
589261
439875
546782
426688
727051
667745
861091
142802
399149
592170
823454
806403
768981
160932
946476
940769
563964
80478
243939
337484
880027
307664
35910
813869
367471
913312
548068
177735
844973
685313
679949
450149
727298
925814
249842
62131
20229
14197
202840
512233
557436
515878
929657
844770
44232
450378
296695
106571
197870
252793
422909
957686
748354
124804
959348
824014
219122
771001
131743
38053
566764
552132
520916
856810
123693
89522
686744
381878
509735
100689
229845
370757
145806
797428
187642
65666
411008
250835
619504
632506
428239
756494
882932
45235
782124
903570
821589
309142
110193
832212
853644
582215
436042
391611
315187
641429
702593
537754
116836
263117
181926
568155
666863
712553
754967
811447
514935
807910
996850
280289
679337
19763
308564
245442
251994
487685
148364
151135
619581
490759
598049
876248
519293
793711
806972
165962
115261
577388
72500
213907
752618
258811
684340
741749
937849
211353
905803
644820
191426
830291
317968
850137
289849
245945
434992
39289
42693
15921
424470
423824
382590
475751
927605
518311
128456
780130
652085
930260
55558
56306
734007
179073
551933
142150
120071
747013
67207
380378
634013
282990
353009
394317
191696
939296
674993
389520
934104
822166
875271
450427
847742
240839
115758
679674
873634
44069
600831
553444
662248
180031
229987
193580
672065
180167
245363
35376
995153
303789
359278
825263
603842
855273
93910
112088
815717
995992
40359
815421
935040
737726
650165
246246
686968
775594
778337
279362
532124
788599
399607
217400
162315
928238
363239
13148
787140
289097
118623
642814
544456
717715
852609
880860
885166
935723
821446
588535
82947
45543
456303
245379
718747
171412
601187
300471
667193
968348
718314
665605
613206
990849
376452
532772
355346
540933
501287
387912
939828
714540
710036
617331
726943
902297
330453
504549
841428
968405
801237
247023
579550
754735
631195
487526
253470
510845
683749
313138
647347
56704
625373
179846
166789
643430
128826
20522
349807
655144
528310
993972
670855
913684
1383
900181
984971
147621
556989
684239
1065
879054
954839
145540
687786
736790
349314
468970
309245
495324
7247
606875
383772
789052
907535
883657
358813
301578
996973
828367
97111
469883
800937
856994
50863
164004
720045
325094
836478
952346
873549
808541
719648
614904
233376
812730
51868
551294
380597
476692
187563
961686
471668
852790
834023
572211
167891
841171
614802
371090
24177
553495
981311
21282
929042
690392
689248
467712
585464
97643
133102
504219
798554
198803
792815
583479
956164
74517
599591
402573
505994
701415
350173
924559
448362
869574
259144
556744
72317
74535
814039
453538
687514
443141
900890
863554
255624
145753
454544
563405
150557
153320
85773
871054
791223
734134
696392
306992
529110
482328
796159
173285
465621
957095
761159
856745
312195
296145
800819
401761
251874
293961
465504
6941
10108
584030
551772
348541
581340
822377
870193
172271
71088
743713
603409
709398
535353
827593
940831
590150
709868
731912
617304
221868
251433
703385
546396
820363
338005
788441
307933
395617
694294
751741
803619
743592
476586
855206
587961
82168
940964
417997
25655
253385
453637
515865
817325
232727
583091
240656
85545
968990
736408
134697
205542
260485
28378
276415
915345
896215
546546
122466
187064
190700
104748
838152
898450
179814
297338
451489
114213
626647
206260
344264
875480
624384
246000
787029
467797
730036
224442
281551
704026
25948
2352
563391
147613
88019
14525
455264
465626
882161
431088
337842
502394
475877
272056
252269
234785
20988
410558
653971
376468
477694
675359
163294
988294
107575
608068
796249
861886
278547
396640
612939
139686
51363
693830
482829
565874
730620
185893
105917
553706
322430
502689
787595
550486
295730
985934
947377
240262
731213
94731
622079
464187
25874
553977
972628
69301
976019
841495
184041
307866
523159
335612
57927
663424
571223
260527
520473
863575
339171
515110
775388
793654
256866
912346
228466
815296
692982
279811
847510
347763
323774
24565
14442
661389
505525
423127
127597
677978
408695
201724
834440
120927
715428
652831
178951
389213
254045
44480
991333
55170
945260
459925
363328
425777
366528
728303
268395
685484
514069
355499
462498
457820
918002
970064
82264
195134
862412
598668
748589
6697
761992
563142
690427
523711
753886
768735
44304
722224
167641
612235
511606
463078
490427
272965
194733
944145
355581
355636
854522
231823
152371
866136
52120
418934
935182
233392
558797
312578
576251
346540
761944
370902
399338
155914
670086
150832
233
673424
996452
917806
349614
342885
148495
515831
295667
528651
137447
979528
598716
160060
249186
197851
905524
233825
656061
973301
740725
336425
603085
624653
434663
702412
242099
891028
337152
221341
203309
546341
580521
142021
575306
140299
793153
719457
44278
683753
706106
634874
767923
22986
188385
619549
882920
985222
106876
972695
574867
687757
212812
675023
507099
294675
778354
532544
25729
755160
318126
935121
320180
68947
978562
179218
828803
410682
746549
261717
158317
228593
724979
365607
418260
953932
633106
229226
826256
499459
165359
13968
782112
866481
339063
423990
908092
558985
697730
617306
372422
255190
864345
503867
876254
953708
630680
983884
425621
727024
428015
744084
934265
90689
790082
58149
787854
212610
504624
32182
491358
310534
183281
905632
754856
867158
870489
310641
829748
576161
569913
172145
413702
403713
725029
176687
845873
297830
296335
110150
540738
237281
505170
54961
568861
459279
55883
733192
632550
5984
252514
223703
83286
288323
417126
210329
333421
529712
741846
671766
195846
26513
808829
260374
419654
709966
656949
331905
137902
974003
462795
181268
92177
617600
538883
890242
754975
996686
883506
879525
789471
994521
869514
512223
764731
487470
61555
647058
352309
877682
196435
928247
172728
105548
243120
643423
82825
150960
828397
576964
708444
278537
394865
799947
783299
823107
675429
924697
91649
909170
705563
645199
795709
594146
338764
553699
472274
154300
680186
947420
365827
546641
291764
343082
500620
784070
674424
39263
521619
818012
843250
407118
516094
278107
865827
946047
463582
273115
303005
530124
739464
991791
229674
791451
489861
242734
448141
560951
576927
786911
508640
70157
693916
968896
429788
98945
686471
945907
292407
883691
235561
209414
519400
746482
257815
473054
82502
668866
713189
794367
21966
291501
488184
68985
853315
20380
658361
249074
739312
19119
98086
350029
404361
450361
13634
638069
268016
757265
571181
275912
106643
918038
459918
616738
869042
760451
12780
708356
62590
135979
942236
965985
383197
618961
971605
507269
613579
934566
82911
188130
922010
92447
310826
255609
734106
705075
721787
809825
269651
938734
307393
509239
718895
763381
308678
320803
989941
386967
248577
786690
853296
107467
968584
738805
652782
321292
745634
443782
282852
468558
149051
264306
972079
202587
422961
720215
777397
857231
457675
249787
601898
581548
875209
947254
177646
419291
414998
299518
518292
655488
120922
943629
718590
799416
339244
38193
828452
13618
95333
734127
352243
566759
953935
319125
563922
167415
514621
986267
682111
81377
364276
352181
91544
192159
779527
400120
656694
683676
229184
679974
443508
371987
70330
894104
167757
394821
515852
575815
518819
584727
123424
583350
873500
653317
360801
774208
833895
27719
260178
567226
936029
385983
862396
789316
626818
804571
801664
846961
699626
464461
10378
349584
222968
846372
424870
904535
887170
303495
738348
128555
172496
113038
698583
863503
57859
897469
650740
636902
314579
597918
781878
611366
743345
235770
875814
629915
583819
866739
128823
424597
321070
143169
828600
729712
520325
182151
103650
821758
513343
356817
916241
26387
719055
744109
38032
597996
249741
819939
572109
88380
363514
475730
736747
969365
80672
888616
987638
955567
150168
384573
890674
264665
673829
634125
293196
126585
178366
124880
940850
127617
858282
718776
99966
205489
43523
467718
280717
714306
271836
629386
405487
134390
664703
423029
698743
798714
625295
378140
465905
396980
771340
542092
41075
208367
991029
175428
324364
408224
266376
276627
561434
532117
976101
960783
496184
823161
290961
438255
498579
930758
399765
481670
106142
609543
191878
238364
577948
871945
362912
825323
867546
684702
396108
866611
745023
624333
159553
266490
69307
160537
943814
483684
877405
494124
230998
591146
448705
536096
520924
161978
443686
329899
518813
887403
331230
956836
408053
288092
531230
3446
936825
526632
864437
152352
910076
164423
528986
882086
150253
690180
508638
685784
267677
204758
684800
346044
10271
362782
257695
824090
290120
809340
151690
647717
164950
75022
577203
360705
730605
790791
262787
81973
840124
76839
229575
287023
335615
805276
583623
281454
915933
426805
76599
996560
430641
856191
815815
313336
602214
584638
702869
944411
3195
197962
568578
282152
780646
51203
201954
589905
847125
113138
848845
738107
316623
46333
143443
585022
736249
260999
568268
88537
211509
521890
971532
70389
426533
235761
875318
203412
300813
145951
888616
513366
257110
64182
877140
435688
51183
2333
40814
644873
296782
819057
50369
682810
555733
595006
398877
618306
887439
156442
829419
707483
496409
813086
94625
779709
113885
956226
146960
342212
413690
544212
538394
555008
790144
554325
199554
493593
194135
491440
939996
213021
804351
279383
986403
99176
628785
26172
122345
308143
135461
378346
22889
278953
13869
643581
580792
886234
255871
826628
534618
827325
209424
142321
382129
373261
620699
291963
319825
601648
492864
479825
883886
895808
559626
485754
426231
770680
202953
505997
426428
958520
22686
409098
502793
28853
181397
950996
408791
292480
827500
890508
542616
545137
251762
913099
90993
793072
241675
344763
560324
381407
266832
627795
523434
727399
536915
6765
893120
713566
29312
494021
931545
496786
617310
522192
473937
494709
609077
924535
832385
939429
979082
379182
3854
791958
993350
445685
272476
675934
906549
218283
63712
943068
471466
387402
265684
14150
407103
82947
386883
578446
110393
502711
316996
408625
158539
267983
2243
985948
814577
325048
112762
830523
201533
191102
166848
404447
50671
955652
496504
386186
69116
716638
679914
905050
382001
890635
346158
334864
489777
798610
401668
556029
289050
51767
643137
494728
759046
435610
501156
987230
180462
536877
202823
701814
566184
966160
661489
395904
927825
942539
545352
15337
849541
346471
356580
358349
906891
276777
364286
509050
167118
588716
595271
986653
451398
755226
866389
641932
553718
76295
174200
697583
510094
831658
314475
981964
748208
620664
791014
3757
650447
981919
883920
589871
784884
136860
69202
353962
272603
553593
350727
758648
468666
626406
786383
637476
118369
381299
543619
644977
905660
231720
704579
159748
505718
134978
757930
685806
91832
411850
571875
955482
783055
615826
99093
906256
377004
453455
738362
557091
599620
28494
912205
576125
634200
127317
956194
938181
618639
946903
631247
395562
960383
109330
999048
361807
165258
717577
278473
244947
524581
561177
845100
949500
742068
828667
75802
963903
670225
646805
719326
751470
751724
404349
613909
80382
683980
534539
774146
596916
297332
654105
55486
89324
871712
930010
211532
510790
617646
323988
148875
755565
447898
759995
906628
968965
688482
268651
945955
574385
462856
891138
860547
895998
945654
183640
766434
948207
130619
653085
997236
109349
175284
508429
24467
996331
245062
837138
821011
311260
974983
709366
791988
548785
444092
495618
307249
777835
101757
342136
421237
372377
581173
275562
454637
417031
862982
384438
737720
317187
632905
115935
393467
98893
193139
230024
333522
955162
899603
863567
472801
317765
557815
646467
544520
374483
25070
30852
236917
184417
900649
667958
866067
748140
369019
438561
889056
281917
940608
146472
218588
296879
791257
734180
153309
131806
389653
912093
543167
208494
782379
25381
775993
906741
686308
726352
49100
678726
230101
687571
947860
134363
343370
19128
270785
952798
592703
134779
672927
46548
516295
485509
627729
902375
917840
374978
694492
232654
181182
325025
764703
831451
619571
957223
27809
740512
230064
341808
852931
658175
683605
979972
311124
956685
925636
944658
899587
255970
241380
828748
130863
880384
316353
970526
757723
759646
333841
11020
987517
38160
59026
582247
122293
436052
850510
641707
828699
883451
854656
784632
889457
957169
469265
888363
960951
439212
959931
846041
936798
374317
546511
122791
989268
532790
798353
130953
240382
37065
837633
944981
856260
102360
387957
484483
953477
697358
233441
811204
558956
377528
477753
558331
428250
363794
627693
113436
539907
89770
930643
479136
709781
592691
609379
277282
629650
178729
737883
237657
187711
665051
52931
656435
184820
192986
171659
545866
104404
828668
766736
247493
844183
19085
356541
902798
293443
959316
823246
758507
982778
775869
203376
198139
8300
65000
18757
114128
718060
303885
284803
330339
103136
912713
464188
725624
681235
451722
853944
443727
479845
205460
216446
851908
849570
45933
580978
887236
34031
135787
150744
704812
482976
451992
222711
141311
882407
160511
756504
881796
50600
436438
132717
36922
582824
252615
397391
608633
998371
480285
86880
986727
818748
225799
541072
678739
13967
640140
903994
845873
911779
485260
242158
865715
465019
298095
966026
289600
569483
309996
544257
568979
742344
918264
739710
286515
705496
869961
73633
293194
928041
126853
567399
957605
528349
835852
824553
124679
678179
112223
206459
283818
775585
753387
800629
552211
206797
527478
918478
819856
997915
158949
412643
277905
566929
39143
727704
199905
695990
656130
255253
322239
17704
976312
906226
703197
292877
971733
237293
630580
604002
613592
782744
191106
851567
984764
565264
299106
984283
958689
369447
945414
223708
89820
326051
399122
254022
661336
136864
357272
342725
813927
866640
828908
580518
344617
852707
853796
937039
921175
440002
571950
452879
14061
97524
826894
321488
249010
801380
220722
415081
354917
582970
953139
672656
600389
899109
878634
421101
723517
571194
406957
139849
914475
691254
259429
840549
976972
329951
920589
704359
732357
917449
629065
89904
111376
592117
846433
398665
754817
927188
474456
808059
43764
420457
793261
86525
469398
783180
319213
397704
333196
68362
371571
248711
82179
141418
787326
889578
413653
629643
538797
633690
542549
885865
796761
363783
300151
765822
963599
610460
283103
992965
90345
97364
755460
222937
349319
921958
360065
595516
239471
134940
607672
860724
811519
53186
631331
522576
284683
164601
347065
417161
490775
187051
470264
195651
906546
744857
311189
339507
923501
643663
655294
584090
973879
462393
741448
825455
260886
518800
727226
2074
519940
720045
619829
991389
816676
697854
249022
370317
533791
900438
293610
59902
923872
910238
329125
62462
919208
340969
24670
406775
10638
331046
4371
576568
791191
917678
78708
634765
426413
943165
547895
826634
555968
812670
190584
174311
790070
89215
309578
314565
995856
586692
740446
118735
897306
57335
486990
957116
533518
451261
902791
340336
932551
847971
48337
28994
576541
588727
901629
420952
509793
894260
486250
444399
695734
137173
171699
25783
477962
396106
120824
532891
303728
301704
57992
129950
607452
535419
63144
905633
114490
334295
914498
365825
108203
821260
748205
698077
58652
539544
139733
688693
257861
187830
751239
38382
286972
27444
157020
89010
857331
693026
720127
181940
377108
567206
338268
230225
294967
943981
721702
719186
68542
63164
79685
21646
429966
844324
772187
206956
872874
704340
313778
246086
690797
172552
68484
205674
525156
27744
167717
295482
818822
808331
314833
450675
98257
661730
162510
941258
575617
385489
286717
863090
341999
627632
538179
410171
463045
839152
122382
484244
910426
887280
223238
385841
103470
402927
148562
459208
361347
447964
151492
88629
158038
478858
527202
559037
322745
422015
712850
281071
740366
788908
18913
26790
13666
25142
270896
694700
987683
242802
822395
790457
586175
866416
790279
649561
103195
245102
851368
13995
407725
7598
684716
16965
845943
774818
545384
927477
319905
986819
198813
100386
126321
233280
648710
594514
461673
311444
764032
256965
109629
204272
930966
917054
727151
631064
795112
884257
229513
26634
977656
50616
641142
950488
775954
22223
123966
700311
849941
742848
581021
996016
824097
712969
391550
588051
136287
587993
108057
378444
390823
551338
66214
442350
34770
587335
346876
141611
153374
718447
257547
348102
978679
197778
718834
313695
970536
713336
845502
613165
911838
760577
991808
281163
937364
783751
311690
637097
671584
124319
286662
855203
187290
684991
345970
793710
34532
546297
654908
739118
732059
879525
599733
389606
489241
426718
255669
536327
589219
753635
256588
336745
629494
921437
19808
11351
239657
445503
611240
199364
303231
894921
590660
703452
345547
145704
725878
709430
57472
721528
821377
44645
60309
545193
260316
731950
811537
393599
837459
255187
620728
848371
892155
58382
959314
204599
651600
814170
241236
287767
669485
53354
454574
414395
506918
387197
748272
353737
269317
539849
15897
654823
525792
671892
774974
339934
19027
368930
607956
997530
388256
87561
944602
263694
460511
952480
514213
942452
312227
868310
225993
378098
391916
439967
3233
133848
301058
351304
959100
714182
758004
865964
324836
619307
744493
233343
248460
463656
102127
168903
28309
353874
561135
888235
560765
429590
843405
524836
708453
175480
214319
422224
432573
417204
341817
369189
698702
127877
418282
910658
966755
107843
502870
37409
298517
745639
936828
225129
49458
563498
82627
945696
144137
146700
933910
640830
698453
656049
149721
328796
968580
599718
976838
833484
808482
697473
135465
988802
208871
96997
553140
128175
803353
849892
170688
626158
222239
546304
790113
721751
618660
574282
816932
495154
784740
331116
424551
725254
448215
384130
204885
271823
457974
456162
255293
66893
464558
293500
548431
305977
537312
558173
620594
423507
883731
54350
891524
799382
37687
899929
428719
982221
228311
785771
28900
953599
680282
665685
380728
368518
756917
517549
290135
744830
834801
659921
739689
582488
120660
605067
369151
840078
971375
801744
75898
301425
349763
564451
512761
575326
285393
368279
796412
317007
222141
623857
995738
827597
973918
627435
889051
86147
462181
838229
768435
505455
556263
707799
33116
329457
447944
968593
29006
759174
917382
101859
4958
327246
939487
125320
35824
285769
529824
555037
339290
317344
826572
429632
914007
960096
40997
189651
758437
561665
108057
84128
796732
285989
732620
407383
930795
97244
173438
849970
848848
431396
881113
595193
145267
58414
24730
769697
199487
699483
172441
248208
960095
541574
85686
436028
236658
298682
775394
367793
853994
647492
930951
849393
702854
736996
494805
900917
63401
809053
179307
942354
741911
878252
204574
413175
160973
353941
657192
413267
278586
221464
296432
604307
207709
753155
105841
422217
788284
854945
503050
824424
392446
902032
77730
924780
252518
383024
395446
412566
522604
950519
462529
296277
402362
773602
431687
613313
234048
189062
168573
597632
29300
687749
121432
181579
287081
910044
489456
434763
884107
145816
75217
78749
686197
568296
895967
329589
580975
659278
905251
35742
850887
744560
409398
583647
499274
664715
142856
716858
138527
200583
844558
991950
882561
399525
267910
916892
886104
574932
594792
251942
96370
309667
909034
840563
947042
670482
587184
332912
596533
894977
811983
335024
301006
10442
28541
165140
839901
418858
189526
110982
434624
802842
767309
42207
702262
105660
115181
500713
561276
44145
501259
333054
187974
122631
789579
883407
407707
617488
415883
81421
763213
361967
380593
237716
252681
15114
389592
505671
826563
430309
573642
662262
132484
535600
444569
307942
838990
707459
695766
718314
479157
800719
543607
79066
722375
168293
140244
19379
793574
216162
752140
133707
808311
238775
917380
161967
466867
257169
278543
55578
848667
448873
630250
301652
851272
735209
602846
176742
570208
596921
86472
504373
175013
996198
979957
915459
297511
575727
305639
983421
721370
454123
462901
339265
406978
702682
450382
426417
208010
591430
664797
669613
634485
806101
65737
569776
973932
352366
491796
746313
813621
489542
739363
360627
962180
406470
857244
915283
902700
661467
78699
408143
761070
169625
942176
415622
225202
698125
530098
508015
245012
681117
108583
712401
634709
143198
170315
565660
4978
355699
635357
962403
599570
442396
679818
453751
65432
481826
176657
121249
272088
832029
592389
767035
800231
924769
669169
905963
239756
56515
405077
4605
641170
946955
973391
916764
1791
851768
271445
767917
453407
737578
778143
492809
202489
347376
25058
218709
710627
789230
939638
414783
274802
934187
738328
933014
996105
599029
146444
992198
673682
699761
456347
286703
289995
652931
828474
20194
568696
209302
999499
266615
434359
273032
286332
636942
497264
900981
802638
394912
704874
343263
428848
50241
787003
150711
423241
563188
24920
772874
204245
260074
12746
873739
868135
742489
942466
790521
625484
792310
82435
918125
676112
478223
387005
639938
692762
803654
809594
442273
294386
559213
731889
991975
846755
901947
820472
876150
524668
26921
449111
343573
483440
99692
419512
447876
694941
677967
238650
757921
554602
711468
114084
789616
116105
111238
493878
805835
69532
364550
558172
760549
327476
799441
38972
410172
857460
231298
551406
190555
425492
782537
427979
343945
806209
639839
744734
244690
583138
908453
34552
550319
354678
450585
641824
119316
937625
935027
765479
874134
963045
493794
939928
287544
862005
655838
486350
918673
453445
617642
991265
640283
149621
715560
709816
444250
372525
670552
1794
886374
954330
423471
962240
261527
106645
77520
310457
854477
867621
446505
211857
66138
58459
317997
178164
612172
689244
431977
406381
460058
274620
23685
172307
773353
109188
794778
902050
657020
229910
230314
274919
187703
359592
775680
736149
416782
62700
31973
880310
517903
490128
823676
744891
129736
668193
601659
9972
608726
360970
675462
792411
14859
801339
926569
942474
629051
485605
984178
473805
208675
699809
148777
770322
582327
681008
92270
12797
329479
56861
202477
901656
662605
538943
326079
200232
563797
720923
324448
220186
240457
647718
446345
428316
559768
417959
67114
758601
14787
640379
309190
585532
97732
430067
221418
686662
160795
602199
163211
225594
190966
271438
943419
29477
344379
116757
785864
508187
105718
640045
179569
349228
525658
391634
500614
184182
917238
350373
395547
154388
639093
290603
80680
232820
434257
985774
339712
228423
578454
409793
315500
874961
184271
232033
708516
14688
59791
876919
225641
467929
100061
788027
29378
447469
113725
790130
934353
834411
277911
604887
988240
592240
679047
34328
436782
86457
851456
582583
318656
569433
673181
514833
266149
728133
749126
60348
944443
950157
538555
811529
83320
383206
163072
702120
216678
36194
121829
41451
971901
74688
679857
584867
259038
506208
523947
353191
42474
97615
698500
809331
581693
795776
18404
919596
793867
637788
583503
20929
248085
95088
230260
322286
432903
7045
113810
961370
865969
664141
65223
486433
731040
512313
317239
839532
108888
925032
84245
219643
943473
93625
854545
9476
59339
315201
538782
273525
389488
623192
632927
325718
202180
503246
547373
512138
361323
544187
331975
328628
687543
23476
433687
693943
935948
855386
198237
490517
821011
541004
727674
926713
257751
779132
873051
168208
108735
893087
192000
907281
725096
570174
750888
618078
572703
262250
286235
726978
406648
380749
800596
974810
444494
824859
492424
264529
287063
591718
436183
725188
959778
907985
231566
907908
439600
924060
583767
458361
450669
507743
131454
37667
552841
873490
125024
910844
119223
889545
255282
801786
570562
387965
640811
592624
216903
133828
212751
355732
196947
833891
857241
484059
80537
281466
558597
648833
315920
989661
155831
226597
127527
414019
967755
885264
553254
501784
563706
556694
668899
19309
728421
524117
457629
567631
717058
10779
230840
982645
845472
860196
699413
268499
855768
247680
214221
777099
870738
915987
891275
326915
651249
769206
642243
960849
27484
413884
482451
4947
228266
156175
65076
213340
523881
383800
956124
977289
865163
632253
935476
992497
173102
207332
790065
591674
500807
566678
908178
400201
46506
233887
728948
362065
359608
384658
470997
166157
128997
80841
719779
140296
709284
177930
150592
383001
810098
56326
431189
807789
158140
52923
710416
140349
986542
915897
809275
146910
406618
11393
943674
361014
436416
842888
166177
805452
852096
895644
822320
496633
453593
176350
375980
212219
483101
804013
109338
596777
249651
492579
237531
609792
696776
340729
788447
248731
77076
672006
289287
114561
887045
28196
511515
646489
507274
36147
105380
11000
620541
284343
253608
503003
417389
141021
89216
194160
745095
36443
71447
819022
706721
487541
31873
672646
19684
44251
841205
907601
34579
837936
7273
289192
743100
699045
776905
524979
855481
650244
704979
162777
566563
378953
534034
562038
122197
956138
799860
15019
139544
708728
396874
67023
292592
142749
372252
552194
619906
992645
714855
766306
110112
257434
757237
924951
981555
858663
222551
725706
527428
163870
64448
193971
10343
653429
913921
506766
741700
159210
474780
529775
866243
529704
673544
597357
621843
971266
280577
201914
917464
47004
926792
643155
884719
138985
524094
750546
683102
598606
446425
551137
257949
499237
808960
532937
516795
45790
477001
879784
68399
736065
130509
268993
200060
97743
106468
347053
243071
281926
477570
900144
887512
839298
214253
619559
839091
268288
278490
503197
121650
678014
254115
664124
917753
718975
184616
647072
437589
987754
611711
492999
479498
252690
838617
905253
772791
529041
392498
534868
313000
238797
646388
166185
758904
44508
876649
370018
343905
618820
108379
17723
196706
837595
173131
291615
493387
105613
602314
766588
427176
773052
467254
290351
96264
314562
95380
433055
431465
474513
149575
484646
59585
265340
786859
988841
204843
895055
718865
993032
747245
487832
200279
612593
18786
438537
294498
750287
825224
71157
175867
471520
34408
751544
463299
804389
296926
814772
42836
967538
244484
783477
798902
59749
841343
542006
180155
978419
702053
391933
755576
110558
457546
932321
444704
220419
971430
102764
503614
708879
132708
416539
577934
105810
39241
411074
947961
79340
906687
542348
668588
903843
116926
72289
870804
417687
93782
332192
895032
27404
349339
725451
451122
435687
450669
181378
440331
11636
697314
580008
5682
739748
493843
486562
86425
792980
381376
736062
713197
89928
839392
834096
824304
727990
135434
358007
443380
728639
839353
983390
453557
247417
920063
425374
334868
125223
739785
995680
638700
762634
175435
165281
887571
352400
661000
125679
301551
926059
481151
323024
822002
659389
867253
462721
222963
541231
809692
146076
939434
377697
51805
789395
456648
800379
694151
622552
54001
51426
589523
905247
953047
553543
271443
441275
810740
87321
667447
78309
667811
808155
505212
485404
711260
905936
776818
339558
222090
268626
788776
713844
23499
549250
616758
266083
918148
849369
269286
105375
899933
473117
889151
845282
893216
374000
313648
858586
289642
673538
319254
124585
117579
120103
89834
49926
639104
606660
783818
904512
167498
679202
343266
102819
857130
196964
179383
164339
140476
43925
20816
36757
190381
462427
655553
317454
230107
25865
625813
255330
650247
762832
510615
693342
388793
702292
943613
11442
375217
220701
203442
494134
908549
541284
773182
437581
487004
141198
71957
151271
102597
321269
410041
367840
59637
410785
244300
302086
186203
933909
634678
312696
24994
178630
6319
243241
242243
32743
522281
75524
235651
633631
477597
331498
939344
7644
777905
502486
591284
388481
514051
261282
585780
274683
268245
493986
366151
708785
174165
277550
122934
122649
417927
270014
544205
839656
851409
604782
91323
19361
484771
896032
393291
757327
941249
912448
776831
233934
522990
63267
875142
480323
88822
564489
680859
641579
151128
542081
746682
858129
692431
23275
786814
813722
826876
190233
596636
67450
862450
25039
145846
651977
254109
814890
49181
302000
331279
660829
317670
226941
283433
479126
242791
293015
844770
55935
647759
587659
218039
900128
369503
51780
339183
882785
503369
542233
533258
935853
155683
84993
295046
206003
582792
772322
424973
231430
363148
756550
714302
849252
562841
377070
332886
994324
233130
735937
222651
794856
509348
914525
279717
476258
317836
473615
932265
941171
577001
442717
134371
211615
821879
579072
462144
143740
420421
801903
563494
23001
630828
253654
542528
886970
222892
253350
762153
130
617444
384517
124212
846506
579310
677862
854486
585581
803157
98996
420401
244358
893363
570408
796797
350353
480108
224827
175765
379406
230017
555125
148060
529733
383505
545059
161290
807875
239986
468198
739862
714626
293416
142504
289730
277798
338816
794474
778494
631844
328844
312953
124282
122109
407547
359424
311307
583848
411476
888502
41401
952974
903823
75704
222499
106927
185296
312561
928271
125602
223297
582709
957138
29113
472011
642669
784664
569987
18288
830957
373457
384235
232776
349410
42040
847165
834773
83559
751745
154953
732485
276022
26783
448672
744261
943867
608495
372411
836797
105540
300740
986876
252139
787349
776080
288716
964447
807641
344171
634211
658769
493810
299267
48998
311066
744241
862817
365418
645141
68449
512404
849302
288851
259774
563196
161383
740149
221315
124724
792590
759722
261345
50845
528436
592454
753995
366020
559709
860155
149166
859439
662314
394742
235775
800585
485240
591832
511276
12007
649639
293583
324596
80182
819253
811217
167570
757635
354760
967989
317909
70887
94282
271662
805067
834445
663022
264676
779739
125346
445522
821168
194802
558359
613245
700212
530902
187350
117447
386326
299414
600831
836824
753879
349986
472669
990920
492819
135351
686570
123942
860119
430706
881979
113364
656282
783110
116937
552592
623066
520265
574750
454861
251157
136681
524249
534719
241760
265851
709277
672054
424678
854452
276764
505442
804225
582512
574523
632629
861742
167344
800547
317286
467120
35553
465700
723921
960132
772375
740037
412475
655612
662169
568748
820404
466427
156757
327142
487765
407436
832628
696980
832745
719967
396616
429235
507368
100512
825762
623430
539166
689589
514689
475810
258923
201557
885605
710102
400419
748416
110657
910965
133590
360798
988622
462273
320553
970488
425084
476789
822883
795469
952003
97070
981444
614994
335512
943352
652303
33866
840956
947185
344745
31229
375982
95004
785050
26904
513345
805189
311344
456545
949832
381644
653826
910356
514797
464719
715282
116127
290913
471864
673548
829751
354989
724832
792619
942933
384424
661726
397819
794129
43073
562929
484473
333657
883580
209477
113750
513358
821306
120293
13146
217019
997552
501246
180198
725362
532986
727052
537874
674821
695880
768996
23348
531358
71094
878172
233410
436092
561082
41498
359183
799370
683255
413048
898993
774046
411822
943249
257476
535051
627220
313643
192007
445603
49022
426049
643811
952780
145720
903787
631564
218813
649206
184492
833857
253334
894754
316312
195053
797594
522388
388640
341168
265930
298912
430523
609655
536094
785480
831411
523783
285090
330578
161226
5914
641196
723637
817095
521952
437110
224941
898976
878566
18076
604846
895749
852
604211
425845
17991
366608
439427
269241
803811
640577
275299
584704
789999
265774
413680
548495
351136
591428
252137
49978
101493
539958
592170
959001
113412
343935
347203
924571
348703
288451
397109
286196
809955
371283
367496
902834
657245
190927
850700
316142
352664
1574
301674
949469
570055
595130
320101
943622
985227
870942
743731
201998
368546
214785
861810
356975
194926
145828
978057
521031
91357
344327
770140
896396
885305
850210
93547
28254
669390
710095
763080
34677
686067
194565
818099
657529
404983
48574
608275
723441
10986
113530
338451
394259
971973
922717
582103
25466
915254
92596
724122
421621
759948
446741
292774
325243
113852
725092
171054
135869
805646
944050
881035
690708
179111
829631
912337
8794
194931
158560
296526
221332
723502
598780
688607
949324
716112
117040
461230
468478
180819
918291
162187
402728
205602
458771
420966
258052
162528
243582
636327
768402
245265
609629
827498
942862
323817
277179
432282
717698
838255
928259
654377
900980
900622
505287
447977
840895
568
79901
230218
520959
128759
246244
789424
15910
781458
87204
151856
732076
872024
23123
331368
211427
908876
372788
301496
616488
607917
339482
108385
200117
342368
418251
177592
904212
767740
663871
66438
842606
340018
143368
303295
619330
785751
531083
903709
805553
523152
946668
459353
111221
832089
1480
963270
823346
165810
473948
869450
553381
876262
996739
271033
222649
636665
43676
825104
339000
138861
755338
62474
991006
469041
670868
779298
280330
760231
76973
106406
178062
189712
525263
509685
541029
814679
284480
897941
936004
258998
951927
903027
540745
400329
871320
28600
296336
698541
774618
259652
402277
541140
760009
678921
293843
715305
344615
238535
366491
62682
481454
561887
17216
168327
218673
653463
272895
832581
632800
822441
485981
156558
626538
346888
897688
691977
897341
458672
79935
348786
275881
833960
759261
679206
368162
180119
719825
153998
860580
782592
10873
795813
737265
715996
918349
370343
363894
66899
501256
990488
747852
854230
151104
669998
647066
920411
722711
796380
577623
423478
429514
360059
982701
580625
823015
621335
93177
950536
564507
187220
413103
419
459241
136316
308827
869361
364919
860326
759682
202237
37314
994243
196711
257392
413874
384648
28329
763779
667913
943667
962313
267678
908532
849213
854218
882130
257796
5275
476401
554928
385078
649904
874476
144644
989742
473938
833999
726001
844035
443639
801081
469098
528435
968892
750613
187531
384823
373073
7356
550738
439602
228805
378424
107644
656835
884586
808164
209984
866298
998629
347567
861602
442086
824340
607551
70646
135564
38364
767794
149618
904373
634254
453503
659630
997727
902197
133563
690810
716307
884222
485752
849500
374678
519364
553992
682980
523897
762680
767903
994926
249739
599018
275030
545460
291823
850422
228044
163853
214024
167053
618663
156806
767504
32031
906296
88220
994696
429666
446141
568147
308938
102978
325375
277365
579898
5989
303836
636010
77339
794137
874335
664369
237374
335965
104267
556025
689429
208009
548919
833566
60517
413722
322963
889027
299866
949406
163976
958664
418932
695992
835902
9896
395871
983569
598903
576434
375841
399004
28184
386210
941101
530179
761096
712796
219668
279859
973617
96068
740763
947841
539876
478652
421735
461303
950361
854203
570837
611071
637076
511302
536614
139755
359330
677454
197720
186079
471683
162919
591184
316764
642082
498016
590642
465641
543679
423043
250899
452640
196269
950762
914054
92690
887159
183292
331731
195672
161886
761539
222406
570359
801470
979371
800867
740079
188494
973594
726391
21408
195078
597542
776137
803802
997531
545463
216176
444095
453606
202299
859198
996503
455971
941887
751258
754352
117524
753777
401963
845488
580677
527855
523056
600505
340971
30987
119661
284663
845734
276062
741312
499337
861926
915077
782546
73417
56553
84669
788201
277946
23010
601687
887641
326093
868982
634455
857434
420880
806175
485359
741365
504820
817267
426195
102425
933433
260287
314681
542026
99768
979277
941679
919993
450444
986053
554840
681390
314654
753200
25028
92962
619660
45079
754347
977385
456950
425162
717446
269708
443300
897917
368267
241333
918103
923916
373251
468291
358955
95711
908809
973566
703461
937960
142881
82852
718431
33225
921394
79650
240077
959315
140962
486558
727851
503146
693324
852913
382853
746244
153312
973426
725282
981456
925656
941677
66126
470771
810003
204339
285955
579821
227344
212171
502579
599450
572872
214150
844533
841557
226087
839984
279689
655607
466025
102627
739210
275645
87950
27317
596719
321351
936185
765201
95933
840445
458027
925027
948941
116492
917398
335789
82229
854862
574817
496695
929302
964872
917815
955427
502210
738637
991500
101662
417544
820927
409326
295027
966109
456885
598403
244282
144040
379833
233317
426669
369193
343208
632151
63258
882375
866108
679970
88373
343606
172839
994128
924869
105090
810709
779396
411391
744058
704724
124148
220656
707195
396048
688901
17747
732760
773815
557570
725634
401635
823099
939000
597961
151771
125558
247536
906839
762546
561703
898953
69902
56185
111578
763506
933241
264362
786982
815362
10077
580754
428880
780916
76392
913497
449293
405634
472519
589871
618597
976732
835475
323541
924595
324293
994603
723205
226761
863755
40669
425727
805616
118753
525053
106098
342925
219034
999192
581635
605407
232324
126403
921276
960228
352799
781324
382292
96539
581305
660946
264087
824357
845863
804593
314098
408901
33826
356821
278941
289670
834235
353904
41637
632828
855740
947334
264149
851490
324445
503077
947712
59363
209120
178227
681646
55924
726025
208095
36449
943198
288125
204345
338754
991321
535734
100382
764397
880724
531233
774988
663766
942930
390229
456148
536662
870574
871215
182509
321750
189183
402958
910564
247446
199254
25256
67569
451163
771428
980615
886822
18035
345977
726052
133505
218534
974375
298398
373408
666875
600325
153303
583956
566371
649231
360172
458573
534150
25131
197646
150837
930665
827462
649090
369818
70201
241565
119921
192451
261751
747480
111596
367139
489535
712976
375233
266283
308982
19121
771378
722426
729743
641531
416536
829744
524411
186595
357460
286944
357355
143254
143661
250084
528643
832797
966027
308746
438236
764123
921487
607659
783990
641268
605901
819548
146617
41800
63527
333118
963622
26653
358215
412145
798495
879835
416056
239717
103247
693808
21858
555792
33079
782548
150432
475452
870742
803366
321344
963448
516852
635061
25814
272494
789772
868764
943805
683285
373588
692229
272683
945085
776810
950478
900144
294983
613724
363080
156811
183351
270740
799836
925545
327330
456095
120008
594107
867457
261016
96263
140851
743208
727989
580815
275866
192720
8941
458548
54161
422672
495941
651626
712418
957035
964214
903911
289538
5698
425085
61287
879013
750954
429375
801033
401982
529624
358038
809751
955986
62265
291772
185123
155384
206559
976403
618636
575663
871509
703502
53280
661467
977171
322752
649371
616798
58829
670847
719758
341775
121638
974260
835547
668698
692162
742530
955037
490356
194104
567889
240548
389689
588199
897654
20830
703971
292128
664833
546385
56489
269056
668514
833348
652146
352609
171704
829438
922996
310695
883064
900326
190638
415989
817718
14985
840510
184962
921875
822458
351903
803270
109636
607956
656067
846478
335546
908187
653449
644207
338099
944001
690011
71191
401501
875588
234535
160831
282082
173876
41528
70204
751764
503379
942128
691125
469431
61973
958436
751919
603237
692550
965332
104900
493410
124619
36870
968947
511997
803904
127293
193104
214303
552385
24731
950300
313011
434180
634448
13103
677682
451747
672382
503634
970505
771256
590187
639529
465130
812706
497954
555981
405612
89380
32486
454712
360160
175979
34388
131097
687409
294064
850900
379272
795895
196660
500155
167956
523928
205672
166209
345591
352283
598831
49114
332331
662923
375803
648691
219413
697476
904148
956810
974304
258525
845623
744874
76453
417905
195931
598914
807494
76812
476559
18657
148570
269743
766719
400657
104450
89473
32533
773837
33178
970450
942907
294239
516300
808716
791999
685595
254142
123704
678224
861938
839083
830762
256869
923955
915855
666123
906109
593124
646012
860097
810433
483129
460490
85181
447813
223535
228140
104288
139885
882312
984413
890890
376172
784355
591032
15425
254696
89719
382823
842299
403194
257708
152628
194761
287185
342422
444731
780896
242422
816974
539200
507076
648169
80495
698333
321043
753707
915690
860884
972587
98197
882503
426691
705145
20390
913977
137781
541343
7578
66716
718356
58497
357813
672077
854973
690477
469663
353830
928108
533476
710633
818580
994326
544713
604077
474327
43286
779749
260820
360982
481407
657493
548082
377117
819728
549777
708363
647092
776261
115161
69817
442525
503818
771645
683621
564073
131146
475850
145651
481207
288678
722444
847418
102090
118786
122821
507504
808582
299513
706856
530469
219847
373808
611794
101990
864094
393864
482950
892738
754857
323501
392291
615081
408590
410892
933157
328943
151060
672865
825812
562480
601438
885230
171980
757646
834116
904199
152746
937430
42447
552330
303056
797505
732177
101421
622486
360854
442655
734896
118157
116397
873709
409713
789681
580814
172676
705822
940778
532087
233698
61637
921663
309884
55918
273927
211032
109961
816342
223979
982894
145667
127111
924558
541521
912461
610824
587448
402133
303847
375028
124555
355034
197616
347730
391125
22711
438924
322514
253636
858179
461664
564198
171705
683327
484090
102267
596149
218595
757646
473043
966064
876164
110491
831681
616904
516062
984685
29184
857430
577668
211323
572719
894813
334625
944112
826029
105372
406122
902407
774925
775427
199778
977871
499702
530882
412105
354126
481626
269308
264354
850498
104785
944538
991520
946179
378321
948412
709100
795332
215756
839435
458709
895480
69286
956074
393621
843473
95314
21963
373372
55011
823304
976606
375484
452775
297061
250275
410896
141340
523231
885985
684617
506568
189730
560879
553014
90141
242892
393519
855855
362294
77378
604059
39806
78656
352237
404599
988331
53558
281941
653542
890851
867780
286936
477273
53508
744269
692742
10018
676551
817480
848220
932391
786315
105733
918428
629617
104698
166094
764805
422948
597530
307688
11188
302409
527474
13945
648727
336519
905046
369283
223753
845873
345234
556878
889488
966392
379311
229028
640495
97537
759013
114102
61671
617042
2653
914204
292561
888229
920288
657530
922385
373919
828834
508094
614456
772826
904933
220741
168504
708383
472844
620189
145988
910383
70973
393701
124868
805248
79921
505489
785074
821957
921499
387018
43860
133222
144114
559794
6230
351311
629533
420741
982851
738660
285434
802075
230304
812882
668811
593418
751589
822529
677246
978984
121433
602726
769176
356270
737801
822004
326269
639480
93732
144562
434782
822888
778806
998952
199231
772715
211327
218163
770404
295571
219695
900472
309400
143972
809537
54709
472729
945066
375089
957107
629155
635463
318299
492952
919447
167499
953394
490137
513608
563516
805529
750796
943587
919093
200289
248987
132600
329962
294368
624660
172457
686537
988330
189982
985389
265916
124719
87367
942850
120587
777329
719032
549101
544927
483296
18186
344751
756513
674259
879729
381702
567809
956645
142102
810460
403859
673258
351491
167248
526867
439309
530296
880480
627209
999943
134234
774960
851528
267646
84427
629241
864976
228536
730901
525009
862099
696058
541375
89362
623189
328513
959938
954986
395884
223516
783766
368255
364263
492708
845925
809533
106955
620058
933153
713085
978488
855515
346097
587027
87019
597186
325766
834868
326365
33306
818828
367042
31304
940542
190653
966198
494921
946960
125263
887913
948257
858322
788942
51967
683669
305380
738308
613104
849782
509786
605588
976052
12027
327097
508390
895499
822090
356047
28348
678502
412373
245036
17891
137845
111201
398720
57606
966286
984738
178578
171101
113911
107075
491355
560578
86352
14081
392317
715812
783520
166135
787235
805012
777914
545780
284790
325373
293067
657288
286968
685681
133379
134046
850497
882270
845278
206723
495828
692511
821262
574341
535198
911343
801415
619766
25738
616696
20198
796304
96259
922505
554623
154994
261703
407271
983938
693641
50853
307322
994056
444938
434195
847080
750720
352155
977070
809215
294193
37457
864142
474828
944363
984020
737989
277961
809742
169055
751861
726386
267318
265956
691659
783352
823810
831372
74908
80527
805056
905564
268698
522466
355190
429107
395314
111270
711823
543792
922950
569612
649761
776752
829378
313360
459031
481973
678685
578991
837568
501986
684974
810933
592306
801634
79400
742196
108124
332265
525300
881745
574248
785299
715370
861880
894473
217384
889195
239663
310310
4033
111901
852360
94434
27268
397380
254385
704136
31434
384506
689445
489488
163554
155211
672005
472208
29999
48047
498945
759234
195372
100068
730160
510702
198608
727016
591872
615412
809933
29008
516679
599416
420722
132616
629816
131050
387376
959656
288625
245040
860857
859438
982384
198707
805700
522654
419558
952003
240301
170483
840612
564648
583226
129600
114034
253190
544633
404328
1087
123692
107524
656630
164338
436729
47847
440986
857182
659435
317528
590401
164309
328581
388260
700304
62099
453340
231723
210236
243163
474111
752066
201672
357088
927937
292662
35164
412761
28389
964912
561791
851447
852964
895092
284017
938483
955613
121219
761448
123776
633754
15713
905765
366368
40122
503217
170929
884627
976961
401596
796281
399402
587256
395984
530051
783481
82370
448069
329868
452266
745021
617435
907840
374766
566737
755199
546901
910095
525272
3564
216645
605538
846186
658287
965542
650776
191940
915587
83815
65907
598292
623642
973929
91733
112995
627837
744503
129075
367199
659850
180132
421033
533636
855645
968832
589544
100199
104202
847222
911882
497247
473798
992645
420358
938512
649893
57241
712319
462741
149309
41798
159031
107849
288874
119264
17376
289714
75755
575097
563667
504651
801258
138680
274138
663149
603289
760274
679783
312729
27512
926120
39144
793380
745715
895997
382770
605440
624295
235154
858458
366626
53893
618016
86435
934549
857103
111858
192209
857947
818624
178332
123228
423227
701384
19803
596032
190444
568821
234571
694001
763996
237549
789183
914028
698461
179928
864576
63337
862317
519706
545573
849325
375072
771646
797772
959419
580332
738542
796722
187946
508689
679583
665333
460370
147107
652745
946147
918624
732021
73876
279806
789898
600740
477966
849679
585820
206909
757913
788515
829168
53644
52194
719590
809211
384706
895563
358683
281540
554626
8939
280438
483825
403848
989035
425494
94010
199158
507985
988706
47166
903293
819417
822079
766516
199844
854335
973099
514746
894264
602138
30201
91017
925968
518306
388521
238794
821756
213778
127203
728641
550474
471145
319632
165159
510644
173450
307542
220183
37353
434563
43758
292382
749110
815018
249955
207477
505745
225571
935913
289930
375426
872767
992727
629626
572399
610239
799618
549788
223106
742774
9912
58039
473337
648332
994582
514387
491785
133791
563334
374893
4784
996931
237593
743108
554518
82282
426109
911696
607775
5471
73051
463570
320400
808556
485520
128646
728923
592924
119813
380214
290504
150939
482925
12584
358722
574585
991514
105592
958652
966093
616381
756224
894846
27510
84536
412467
966864
619517
184609
386121
528193
541334
855958
537492
89492
849990
236536
623282
556808
977310
141638
686811
421379
601701
437846
353882
691546
386324
268145
471385
731200
504378
593100
431189
997320
406912
238175
457264
79896
205959
800932
142309
766508
386349
724782
164054
893316
168239
70820
417153
809516
522856
675288
297937
876326
954296
256904
824977
901749
940032
197104
920443
460872
140297
744201
587375
628802
305924
381410
819967
345570
820076
914906
22311
21780
50952
883831
852250
506835
243660
719271
718647
871225
154463
310160
243610
808740
416824
55318
340303
392455
67297
674345
534946
260234
144990
530695
283794
823903
245543
291477
231332
898787
995536
524502
426515
703916
876873
285765
535332
57269
719298
908245
261848
827043
986599
280771
382523
349363
458825
891220
137818
842499
921564
189105
194769
277369
38749
149083
697474
994452
873484
527436
897250
709837
274903
948908
538093
106601
128535
579052
94586
464158
852979
595715
261417
274015
934818
316611
453368
265542
790607
175511
994869
812573
962197
309787
101710
695242
528297
270232
836548
618644
75095
808987
448126
215190
84645
666224
834938
787455
919700
244160
195550
789762
375236
742980
737581
712865
114359
596389
972181
28242
53038
794546
537060
305611
481199
713149
814107
643119
688104
184723
298139
930901
382510
468693
507068
743281
707870
349367
696317
322401
226660
242069
662165
856086
782298
43629
724136
680541
858824
522685
874133
904713
541386
622074
545452
49023
349007
564010
428669
114718
414973
63775
9099
321544
652786
595536
586016
771474
711078
194837
846074
554692
253036
786110
581603
706829
100311
24529
330206
496198
362425
313567
66749
589729
188679
809410
938512
796590
204824
470965
43768
765705
257484
724752
913433
475556
77002
866334
567982
305069
403233
900637
825142
767195
44624
207889
496076
819610
600993
587717
750420
715281
589487
800159
891089
378828
99465
726495
236052
770443
931439
792628
115215
234278
133177
61307
289736
933723
941975
421333
98985
309494
846963
969763
718836
512860
128819
848416
874387
293939
923098
538780
514381
197041
742094
73873
716373
232960
244980
321444
501693
122699
90935
519865
413640
824744
708008
912691
400860
262050
272000
493063
951638
813601
287616
179195
593336
557752
698425
108737
506941
691339
243432
876266
233614
880155
511353
790537
122445
901488
323180
810853
577997
733410
95829
443162
972453
165123
794365
532300
224538
643564
576039
563017
331129
131555
232557
890810
572486
776614
721928
9414
376718
269463
788270
296516
620505
590019
403157
356890
281084
165520
747478
886711
636619
152067
824749
510441
88363
325868
895005
77147
261508
241903
671152
787951
250966
755823
915612
978740
107427
95576
81793
425860
322890
548233
361615
746941
488372
783069
331205
323034
696231
361621
702228
443373
923000
267875
588002
888251
796125
847189
281898
212916
646624
758364
545984
535757
720304
336057
830002
598652
984658
674819
122890
283471
696757
139159
828337
809194
56226
642908
735470
75483
273874
123953
6795
697243
561369
378294
406872
762468
10305
743860
606537
223593
468274
924266
169658
478391
517388
780021
777236
638886
396119
400027
745287
977659
424786
939379
483319
712542
587496
531701
549683
317938
332608
955866
882848
564886
841715
51759
126452
809656
977753
451324
692318
203985
390780
121355
471555
957888
389038
538519
468132
948103
878519
32019
5275
753692
351398
170643
473604
850093
13320
55003
661561
270900
296695
19907
628341
982898
181514
970435
554778
342539
978858
167521
825677
207741
968772
904820
299199
942142
705434
979667
25351
244786
732917
116127
97259
729670
734133
103146
106558
350380
340744
285635
705699
626291
911545
175520
129327
67969
987680
854566
722925
322352
437624
717783
614843
125443
780877
785176
514321
573892
639060
430814
619810
352315
797205
66101
876571
559180
273283
304173
47496
890158
980076
84641
381910
417156
76299
235173
343859
636954
807739
112139
687761
365437
84294
750034
27210
969143
739036
749228
387166
505701
184479
760747
557655
632247
346011
524103
926669
24516
457427
989838
148614
529864
857142
293864
106229
511547
813297
631686
74659
632526
283102
472039
70123
100356
108570
518471
798111
272491
668084
138020
874249
730039
833088
760365
853964
612345
598220
444298
487400
400385
25194
868931
520219
568269
575532
731278
89253
890668
240174
75063
746597
876147
842509
277102
70239
231835
979830
964840
730783
962742
159065
812915
194358
646284
990587
416475
453219
910934
548139
838065
443982
199126
415884
187966
233261
543697
781969
803204
394313
296490
711560
784045
472923
144861
942861
309715
153168
242644
94431
420907
204204
479145
143759
449742
542731
753657
82132
82150
256642
937761
404284
373617
791523
202776
663357
170229
845919
32425
934506
304833
357574
49163
28801
674459
479147
189854
239521
342731
891363
318660
122712
961347
539435
650650
710234
415401
816041
482962
465615
572931
378059
211311
188291
506430
29452
942043
147969
237787
430677
528232
535481
804919
438912
168481
204830
56885
142711
176973
467533
92106
313723
75392
797543
90404
835457
983517
221375
125368
442871
686955
869103
28774
690276
67091
621317
13132
162285
331316
759067
562084
588979
537379
185540
865946
565530
861378
395170
356527
128677
225595
866773
58371
379069
376858
271758
13570
401872
610116
92673
885550
159574
753176
832633
218180
698095
433313
39749
154318
499497
783285
464592
848452
802845
885549
455247
652256
226488
502784
318675
309693
559448
663806
474622
606315
185036
406887
466194
563154
693822
164006
905701
960319
473389
375405
26993
804304
472914
546606
180168
659064
94436
94067
807588
194480
904887
560346
159516
86203
190783
342257
426163
731539
640243
898282
322315
482549
39757
479931
986615
35910
425518
897940
729901
445025
456477
12990
642266
824318
142896
735117
444560
723904
113155
677121
809819
371611
852581
994687
129521
647007
459987
925991
911623
662310
507932
255185
818944
702102
465187
522537
514880
357524
251395
597348
649247
848326
874381
427038
620666
679810
862956
43538
132899
29720
646058
633077
187832
860472
973771
689519
125777
430210
328087
375415
634835
732009
84662
115658
6434
160322
932403
745287
867123
904431
429667
318506
628031
577122
579999
420835
508179
987600
725868
23634
992452
707700
580284
168354
623297
276733
810766
342847
830465
817110
675888
864821
370202
256399
318372
571366
198387
777325
593953
632552
813586
521675
635248
954873
65167
614955
111159
624415
117802
778077
447507
915745
799864
708746
398558
235227
796728
550685
174032
899842
628099
724943
823553
406517
254434
100494
715532
694779
679226
785994
780880
926495
278050
681756
402256
562725
622229
586643
299002
646888
295235
553947
117125
283217
907138
350860
907955
782326
410081
464653
892598
462092
203805
761379
166767
933131
338413
822426
940625
943965
81528
585230
333284
641474
233511
519382
970598
965891
223636
983694
916428
76688
528865
794624
983398
266744
107814
557422
156768
448581
103554
460479
806756
765106
158866
149060
985501
523914
207104
552101
544343
182111
241907
704044
957186
425507
395684
712878
925653
734246
945041
775953
853712
398636
662218
837375
789145
709866
499752
338854
19656
449373
779485
386601
843006
384136
313063
267046
807472
157128
670943
150244
372994
831573
571566
879961
153294
919447
227230
503126
692995
957666
73870
765776
883242
373392
417984
40588
494660
322618
864332
30566
134416
586003
755064
351677
11177
24608
606047
478654
9611
893847
623373
553164
590262
93588
617965
248265
819243
659442
158041
10116
826195
746572
796433
746687
918719
170192
508168
3675
164170
814460
296983
676194
925275
669369
903892
164977
836615
737104
620094
830912
686803
169613
355407
979664
896535
335215
526708
31088
489149
264520
181657
490795
182377
593336
449629
953617
347123
60096
170277
421920
757263
614405
968589
265232
461454
714148
240824
301560
230909
955308
701896
851104
980651
582908
134441
290980
746121
541946
276296
500865
17706
298285
569634
156159
309097
74744
621239
768571
436905
378868
707869
128784
534391
880552
687280
566882
82124
63528
234023
486918
863088
7559
320194
18705
257272
177017
207391
696508
860144
421194
682284
894577
32403
899381
92855
831540
817079
702754
363874
234225
204486
952256
842674
707742
818278
194938
427590
720204
562298
800792
240164
290064
420290
163957
793519
367112
392286
767769
68085
612556
802736
153202
788773
471539
477470
438900
811741
528959
931575
861578
388322
888358
873325
438071
816361
226174
951168
678606
856210
100355
306748
444298
183220
401480
401625
411787
31763
277113
192256
313710
599918
899592
656685
112967
29301
201852
664303
208189
275288
640658
696835
657979
340815
987523
934447
656710
735011
640681
563064
727000
424763
437685
511057
160155
756004
219735
348252
935282
432855
54146
783117
64527
768869
474955
435804
193314
16640
511721
486438
419820
299427
479581
58337
191602
589535
790955
184762
644364
145156
370694
796429
207197
906472
426825
10880
100893
504087
450018
317885
389585
485911
761225
514378
900316
969430
668142
972166
711087
172594
907185
24194
327517
39973
95435
689273
587274
758987
489866
983341
42113
516818
298937
105952
687331
909053
268381
96557
93565
344341
387548
216321
950259
718316
869817
105912
948761
677199
265914
20696
260577
727367
94315
619236
651950
979916
133691
174686
787399
28615
780995
628765
573799
274690
252327
611590
489649
34223
902101
677290
280384
508242
555435
440636
25373
93579
461429
479341
392458
795268
598035
64998
660027
96563
763129
559329
485156
850892
617617
685413
179373
852871
132347
192412
969539
156169
45492
314194
27528
743730
471572
351692
647722
269634
266161
538755
813521
757608
838562
145148
120946
309097
751262
223237
598849
721577
133890
510157
277251
680090
120369
612129
839169
502078
878549
671103
940440
732570
576900
749208
445166
381241
218111
624167
641535
622745
36244
5417
837461
894903
618595
354168
488150
601970
609341
701448
170615
302686
325416
433660
361103
576616
344703
413094
110598
862177
199670
634842
186924
147049
150076
900525
28390
179449
79097
957199
226050
870540
988471
842626
455404
551019
705948
935222
752314
759956
603477
25091
178914
724742
69839
918850
816971
880876
168735
319305
811136
38947
718402
595137
705729
843754
605118
377957
808308
830693
732583
237848
898617
930638
238269
684899
745883
843001
793139
985867
489314
484289
431435
659851
343429
417300
359004
444915
105724
804312
873781
769693
355188
737465
562460
31943
326748
95441
675311
305810
321628
428338
19308
982038
533350
100627
136844
172640
821220
70676
707401
249289
302929
895151
166977
443380
697124
570877
855539
187619
42022
981218
870950
769142
438501
446039
659816
10370
417729
5970
637684
442378
563811
906260
941805
469405
148238
475535
596551
988428
801997
215921
639045
278917
926732
910161
723484
86160
400003
107765
719223
208934
888909
478206
478996
427497
189079
362673
204811
456005
884211
278562
188655
108641
713356
12607
171725
550529
599156
373750
723986
43323
481754
473604
411593
969043
524823
612379
773313
705334
325735
607087
812492
157264
955893
264798
397156
388682
813838
707770
233193
634467
722872
975284
97286
217066
303644
199910
454385
515541
164638
382396
51664
456897
38221
39680
535545
225991
64054
578562
439570
74807
901331
566176
157719
834548
736673
559927
614778
989868
228111
681254
73701
191474
33618
591355
181723
724089
394837
435005
521532
635119
57550
894806
77415
974707
951148
930970
820282
5301
270636
327736
509045
391977
366859
419964
388092
372072
583062
737662
81339
310755
213597
838635
523044
429828
552390
989869
448787
182691
676989
703290
515795
501217
794825
783798
402362
343013
417594
94790
704175
38513
141887
115571
966604
793440
255508
27510
450270
207742
820440
43430
649737
403843
559164
176891
413769
663278
479192
847550
73107
104187
409688
654799
407002
399936
461395
632466
660269
669994
39228
615671
306365
442318
173169
914469
854525
354606
744625
432899
235234
672075
628331
836771
459850
480226
279153
24843
840121
225540
441291
764704
572094
969173
456424
591793
822068
320609
995696
35357
12772
31638
974388
81123
582280
435554
492807
706756
682218
256554
227110
511511
9963
892003
68178
808105
111712
276369
618303
225102
874903
654298
882468
984328
885879
145798
573747
49107
932165
349846
754915
424459
83139
776701
394856
658939
102707
69375
261253
963587
95481
600293
851895
923365
228254
270682
72466
493100
50033
761958
781354
636857
329864
530372
391208
840811
489572
875425
860540
232362
237106
28852
487345
30993
325102
461876
891036
300854
681890
418107
559982
502358
932620
290165
186665
17250
724126
801476
97391
957280
549023
126836
547382
832128
621551
910102
487640
137916
508583
132923
331271
597994
956063
801359
297054
822945
248457
936975
116434
43270
949306
397736
864775
948082
285385
531950
849663
943809
768016
23349
89709
647418
130576
207120
928936
210966
817
929252
931195
419887
415334
587047
263833
193030
282799
71994
15662
643825
825016
289249
995024
663263
286815
463323
754004
573257
783251
465506
361853
170360
374743
712321
215248
445869
713574
961485
748611
728368
633073
581889
421587
73720
598212
468154
285813
169395
698182
838923
755748
778100
104159
643390
102489
719095
258548
450408
972377
807121
915214
961192
288296
466296
88728
730684
868891
989804
294663
968383
358539
170946
427732
638083
336870
422667
191781
19655
359263
607013
728970
355157
231109
685149
426978
49595
577650
560448
438878
942499
278746
57981
673053
387281
345155
28600
635447
226745
27987
62573
582166
136955
146501
881791
71229
638460
413878
520093
550316
307746
347292
962383
149404
527659
676885
290723
13541
96491
822237
723182
635008
971872
361946
270337
68582
671987
566994
626986
304855
796110
756412
766308
455798
791700
315764
67804
103569
642050
851271
549024
695167
680288
995502
309606
308963
181603
307608
767031
83341
128482
83680
195702
507647
573491
730014
762385
586828
336482
86873
470915
299164
607949
150170
348419
216013
840031
837084
267788
420468
18279
420383
340298
758273
551252
619163
370398
255744
644175
702162
935758
799804
318773
440702
651596
717118
992368
798250
732897
931443
208049
878621
96246
427051
590924
884592
776639
691838
640623
772545
592325
982537
24960
129472
594510
497622
834323
146727
42218
986010
644485
497734
839581
362455
150583
671932
102948
853090
194986
81474
662950
836863
784116
177313
875641
82344
387869
686724
902541
138348
176665
189800
255225
466421
815969
117807
608096
259810
734768
640148
395263
103826
631127
527033
158614
308674
819453
912861
905457
406094
746743
872553
354322
558228
112896
894633
64957
699958
951893
507416
439008
992637
28015
964500
974876
959451
849374
783024
768628
465481
92351
106152
298385
992399
307738
944367
926191
963106
141850
261221
765992
104423
313577
123237
280987
977110
357608
65274
636921
430905
976648
36849
977132
935764
779080
722185
52708
759775
208907
687367
70590
738095
729685
562278
186835
944563
553506
631468
573211
743833
352163
268824
3837
96592
562326
360312
642676
770537
8128
968086
421855
359959
353546
919762
980581
813205
865846
152011
805186
670950
260476
566391
785907
744888
286213
66835
753274
804962
757891
559476
853583
969036
726123
251003
945187
211758
201616
189606
313297
424753
579997
598404
682852
778865
77615
765057
525055
828580
767437
943583
287405
369300
287428
149253
900230
459144
475875
199857
617082
571393
827728
110538
516477
4064
354246
482513
54991
516645
970540
449781
327911
148754
91666
44037
899899
231149
565834
18624
760494
595877
473313
481160
723031
265740
9913
114165
409642
36547
895812
57030
433286
475123
157599
159347
761562
556151
61833
792798
5812
852312
702462
823143
329960
50800
512756
467167
668313
481647
522225
565140
85671
563068
131463
455307
323957
538483
370414
888139
513941
531085
840508
465686
143315
85789
370691
212403
120923
211447
60743
47718
262024
249195
852954
743426
655178
25391
474198
120725
577202
708570
633655
513217
849309
614349
717522
970282
881723
496684
948662
967435
252091
839498
601566
877283
854677
313507
473871
405325
574899
603330
715028
383470
953852
289283
102868
211528
212223
576179
367629
36075
783993
300179
877807
422090
57924
207292
819479
634283
36060
729436
28262
664056
968846
517982
642110
63731
156799
533672
685145
812615
578262
306686
554693
523193
750407
895620
876480
293757
65405
963808
870188
999909
216163
645054
694575
195316
413968
139565
345193
629073
478733
618406
743635
922007
641795
82157
969393
261257
934982
994513
289779
811683
222200
43341
886958
264012
55259
3537
614641
175207
944951
904154
793159
13128
240100
690493
606089
834243
360693
817860
410909
409633
350849
505007
74895
461484
104975
506332
800266
248938
587805
412737
168818
242982
986509
868181
688353
948649
233709
724622
250429
862920
230433
395270
741555
842711
87983
10871
830994
858491
71783
640037
734342
703325
961005
835675
112367
960123
681957
493453
326749
456536
357113
433692
323562
493588
980426
797241
545269
303702
646256
810657
21558
895141
959856
258246
261059
55574
719097
964238
380062
651616
415003
977588
561592
171787
278661
863565
947015
725703
166457
493413
970687
810777
930638
599752
490672
24048
355425
416476
391675
582614
131994
675691
518002
184002
926358
741375
214155
727178
988214
71462
80641
441077
697091
689557
131336
986799
748349
942825
765099
275094
728767
8392
574979
258097
288016
764966
916757
269632
755720
383460
877065
173422
945372
234451
963
478755
637065
289173
676320
632118
183001
352804
17039
170688
95253
720429
287305
905355
264648
313876
921582
953706
620651
130203
116606
993122
688626
567005
641840
435782
711794
7860
851699
511200
12077
717114
55166
413387
392252
472813
995990
44062
835799
887020
514204
589123
353540
843934
529936
905893
213274
448562
413990
912135
871473
946432
421635
814578
484585
861710
876884
249735
333267
561327
678283
938930
187327
882183
381688
76671
808419
987305
440000
468615
551588
909665
20988
132802
969604
810957
216304
225600
411305
984422
204198
188723
201030
949661
303910
768676
108264
567776
21013
508230
363039
280635
46504
291304
865991
140315
538563
748355
396274
391855
519154
181747
463155
68519
20354
90243
842570
323230
682877
507937
695271
55316
522433
632944
87133
609812
352892
854525
237796
572149
674694
679497
399946
165627
97627
41412
78776
592605
789236
706843
98973
433313
801152
86696
284217
799972
773764
560776
411272
862070
614668
318539
55561
440097
437452
869316
337321
269706
498008
533375
333329
594609
841661
301330
195273
306899
666426
686732
391175
594287
800670
621259
368920
981989
50815
245610
957034
149945
641556
178390
57396
695735
788144
836738
222466
944113
474332
232945
429792
720100
705807
783536
704099
47673
61388
302630
437903
557351
702361
83523
772136
36661
129175
531350
688472
99613
210499
474939
832569
493772
851976
597233
711552
970758
929726
268298
831239
82407
14787
582075
456566
163332
166196
57235
978957
339312
344777
702793
744143
864283
422538
53230
978062
219860
457778
444481
727312
883183
224158
484769
157723
53441
133618
742237
626146
302024
176969
146343
685964
577512
130646
696744
541533
307408
382556
168685
656771
171003
974982
398078
70783
232787
513124
551759
579502
90991
39554
971408
361972
244733
897831
16479
382532
313787
410983
984926
383885
544927
8165
189982
955268
191639
847017
587130
704138
783275
816346
535041
994875
893054
529688
482443
267411
62259
709688
947244
732092
876907
56029
677255
266616
499693
342127
687866
290791
719711
945211
822711
524022
66289
807335
51122
434148
242649
707792
740854
485362
856056
533698
61139
559143
691740
932051
400626
215485
917983
327900
442441
590187
180460
83413
275049
13136
472929
516556
738484
81465
337744
858050
679597
469647
131936
413986
298856
450208
519825
418015
894432
19336
361373
824745
729959
981308
931833
108619
701112
975858
839355
173156
638312
301232
504085
473919
279739
709808
831615
35730
966099
208109
831347
166416
628612
523662
825746
210155
997698
123435
497892
108714
260028
514432
419261
726818
255106
508717
330938
224980
294305
621159
501419
498659
144143
257279
40651
393968
341249
502093
484842
913876
112411
620025
204332
331001
686591
198501
601705
388437
301382
819450
689205
325764
112845
532814
889531
716609
700647
277679
223811
462977
637616
429455
363987
629869
976001
992651
185969
744762
38015
291866
210054
989478
374478
761422
119645
151952
743268
65482
851083
142836
575096
570753
555817
59459
62744
228518
121085
757147
868634
633974
240247
990120
811306
377246
353943
964438
838211
207945
122347
223410
996729
802442
764470
33500
496242
619491
306413
727659
801077
486960
102619
426141
304346
495219
945252
563513
555681
933053
926310
317508
333855
536693
7547
372444
939475
26440
822555
344180
742231
956525
672863
782764
759986
214867
386848
825163
371274
334250
509630
276956
431031
417163
303228
342692
342962
378821
537097
665724
575724
85061
882138
525326
278971
263969
299250
179568
665327
612545
585027
867928
123011
539114
677614
780859
660015
731753
620711
493063
192923
955416
273396
991737
186477
373264
84564
9563
849603
673835
362364
319006
27836
121972
372540
161232
780657
169326
241153
680377
291714
559549
947636
207256
194634
44533
255167
914613
342196
843198
593327
921955
246503
342816
5172
818388
585757
769457
208198
504088
399890
530456
431778
323956
419351
232061
277810
753371
543301
517903
349131
952908
74063
712369
522768
264967
705329
984066
487859
490285
327365
324039
648860
679603
183476
501240
455330
720578
987337
225060
996662
861551
48673
54593
822367
546514
673151
839572
150559
997509
632764
529913
271413
830139
243995
28688
646012
303738
644347
702788
508657
863734
223909
965881
339154
721868
872261
706001
608545
870872
713718
719259
524871
642867
855350
272026
742166
19724
723193
793645
973095
473441
43225
281952
264546
259995
87210
406606
195612
482948
250092
368176
77275
184742
978650
687623
964917
101505
345503
95650
728854
807336
35112
916108
535775
519736
973780
482262
929324
926134
856200
28668
237998
941700
231392
652023
857463
272320
203008
971679
301397
832954
872008
637562
427029
23695
744806
733605
212905
291686
774917
957277
45476
584391
754723
590891
861665
913427
205248
384170
185924
464292
57714
993846
806296
551041
130966
89715
380056
72638
948896
630583
652297
637550
297236
550037
280836
557062
821454
282951
990674
193104
26235
28023
75951
339592
751914
873898
569713
265495
501565
395081
344322
210345
431353
685006
507081
142573
69053
691719
32680
193833
550480
953354
562526
868343
832915
417334
909003
733343
242773
662881
939092
723090
725381
972835
393821
821953
225090
628286
416947
714968
94735
905193
466316
683867
975266
700343
31077
915611
613787
775465
369227
258260
716562
871309
185398
732966
885961
619024
134159
546863
889729
973223
429843
990209
970152
362070
746191
401605
179887
449116
676619
505579
445946
176379
860355
23245
333681
610983
565648
255583
807540
437963
870182
248725
730219
187186
485814
85906
331194
847640
149044
259335
251540
347598
404211
599920
553127
890756
34092
73703
296949
574454
790365
734052
402883
659958
880654
381650
101865
741010
625646
309198
527562
612769
380189
938942
267102
868271
844035
371404
729771
643650
281437
147518
676883
527689
696856
643828
666566
64992
610005
263805
495959
188738
842701
410197
110957
442508
511630
367167
8080
360426
821924
368827
486947
14048
635603
447333
787825
282551
999871
781802
532191
445762
833583
813095
889345
172300
553702
140128
896521
64607
503601
372761
264795
187251
795903
792661
714620
176050
766954
268904
99880
189476
243924
356987
461122
225916
172908
721372
239334
87038
948304
144191
582555
545547
58061
985942
378148
446795
765633
321160
470005
138357
448290
926865
881155
463678
678039
552821
230836
70875
390276
712802
356470
799541
132771
218145
220075
548073
327117
243384
650498
575480
822681
826272
411169
459282
855323
824222
151230
830970
61710
790401
889485
724438
770572
49271
268500
495253
465977
181643
728986
921789
854208
717887
370814
488912
815605
926978
71651
19418
545626
765006
749257
227290
311101
599456
122743
622346
640382
355029
749140
207309
340207
493854
271382
489077
661972
569376
777169
32749
921545
806442
264689
713353
46531
214932
359683
342569
544879
822192
208685
230660
988278
132272
826814
683158
249698
874004
425760
598952
767642
699277
170346
200377
486217
724403
104594
672198
313757
322656
567104
571707
606316
734247
989245
611382
967216
285684
792522
963060
304563
40450
85453
798554
664902
721139
623399
438242
43435
858703
675681
196192
386514
600668
671812
829296
863552
646229
811143
802111
819788
317387
497507
412146
882244
757909
594755
696950
498220
60725
282839
221861
717542
955721
147016
145489
55277
414571
42822
511089
682043
157989
222844
897190
626251
771604
252069
215144
295097
662872
981560
749970
105669
313845
552703
564934
90934
385033
451206
86654
635035
174378
229230
230896
436269
522523
136929
907997
266576
641003
372256
633911
34424
875371
708791
813037
244264
379658
238482
379412
979094
690895
124970
669619
527915
982961
742232
148523
202406
796950
530186
180929
405472
492710
104467
465354
471082
108236
77980
166962
477010
150601
716344
647528
254533
474420
634582
535594
767182
416402
877135
450216
664957
146382
28512
695447
983074
412053
667953
181397
126137
83344
20563
364020
603040
947647
494217
394086
747074
7279
27517
241347
727640
140312
583700
868601
982086
244181
910235
796496
899169
788544
92320
861464
346768
553
631454
172786
784976
608243
918224
930297
40657
305036
763494
832011
854718
866183
365589
908471
853338
633688
956745
467141
706053
149419
204086
47068
654751
71201
127116
641492
488387
226024
895817
672345
765364
548213
475944
933752
888406
996129
227191
39689
836371
963229
379398
872505
536030
765460
536251
193459
118868
493660
273795
958059
41726
951063
252707
910343
98803
234220
425900
509098
309787
879710
704141
298014
813646
114502
254210
301852
109850
331377
944811
217019
93284
551640
665207
756020
758886
930360
406079
978830
495318
450958
699695
704298
76903
599793
115871
715949
845736
538187
473024
693765
922379
801461
403697
778842
364929
605294
317937
625683
465728
575864
173871
830018
720998
129552
748990
111725
919287
907912
758564
69114
570178
576066
108242
849270
600099
958731
883885
972674
949345
889169
98122
229722
695671
48387
487417
526275
939120
446852
349496
828817
605803
254155
348553
994386
35519
526810
965790
882203
383223
45848
504624
900908
968574
484429
686062
788034
120534
899130
885331
137466
790402
404819
974544
675677
525060
251226
677673
90892
824641
271001
93468
750409
11264
287868
996347
959071
47377
20680
490843
729840
19850
169980
914405
927897
950893
643971
801865
312899
490725
12242
530323
415433
381807
253156
542614
771137
781782
257872
816900
988841
972758
734851
537440
403888
928226
147872
261642
145438
768322
161009
275769
669408
487316
403848
791496
287988
817266
622646
934247
227885
684468
26279
662450
150052
399692
190424
943262
706171
788304
208311
695439
452367
962133
373462
767560
928250
909302
229643
259834
451329
565812
452774
611325
439713
398583
676239
135132
10737
56947
952444
923146
879540
439334
604877
703347
767421
42045
212804
612654
452095
77335
233764
467214
206000
637665
70693
338776
653658
476128
931984
258511
78206
117837
383165
58538
748581
658138
338279
679399
506884
206419
868009
312568
771083
923744
14168
756892
728970
417062
907196
83401
385472
823438
103595
395077
814018
303197
759236
738068
696133
291842
279045
427532
303048
546351
757002
588164
773280
260447
984739
633003
467361
583221
596304
402485
27494
366661
7835
153199
685374
726316
46674
250548
5747
862041
431008
791544
439096
268399
58951
296961
666542
134403
638141
161462
191571
373056
147744
408656
887112
644842
319510
550765
109821
695807
586309
555523
943931
711865
711596
788721
540813
173873
754204
360497
299020
946462
375575
969066
172230
171514
758851
393250
588554
216325
621131
938193
707155
366371
467539
649617
804943
642976
258005
471089
383690
463700
773405
532968
934140
169442
209309
4262
751147
990362
943726
628230
358974
657726
904548
418400
322912
434274
590220
422140
218317
337964
245125
619105
342844
178043
620152
217419
340457
949989
622773
832314
424638
630040
849195
216359
464093
406305
448644
259090
983373
764747
845851
962998
490430
454304
34651
865694
280570
231051
523253
56593
154859
67101
309437
899881
632707
772846
913186
375490
164107
573788
43336
491533
98380
49839
984260
292996
516436
986781
208115
277560
623461
309288
843639
289606
249920
505445
632655
204840
819913
819097
773074
440615
966679
457724
835656
653807
604506
811423
527397
209339
591017
938857
900195
554991
663080
170621
974587
876100
942035
517624
540287
573597
31017
479382
778519
527225
289015
468212
163734
726786
395775
801264
747512
89986
880134
991340
567354
425717
726199
662706
483670
136377
951351
451825
603866
343649
70150
257958
102564
56170
924110
141206
858108
865925
642316
912119
697102
614739
749144
695278
580354
191407
561746
69939
384122
78756
614827
573842
656807
916543
826445
402186
667080
398592
957928
172504
754561
137642
899994
944206
676372
870650
165946
635036
177278
871156
950978
752432
2736
357144
975510
451834
642600
778100
731125
592264
265452
645779
362555
591377
123939
971347
280016
119629
479440
50964
558193
463041
669612
153997
903449
973081
349342
237496
903755
761325
289177
667501
206207
748902
531602
89549
168039
334330
764573
846229
94364
935058
188963
537938
717034
185293
534978
590643
814389
434654
869057
416378
45062
742545
471406
172429
308982
332843
215831
790697
512309
419118
220641
691062
472311
402555
648008
293045
933181
345490
423027
992533
944251
892662
515187
642597
943403
37036
773464
26981
744750
968929
701552
134389
325082
252523
830493
845359
441252
905448
39890
712400
968427
464707
9834
884497
569311
34389
518948
544532
772748
720231
575743
114618
994055
338134
519598
520273
551347
273999
194488
872107
84912
607994
828016
94730
158050
895092
334603
950327
916121
765940
391267
917937
907234
301903
350727
92739
727657
742358
185852
836654
989961
309725
60373
124230
332338
497495
908266
612057
240694
565213
354936
163977
537584
72525
43285
448315
70289
565647
61902
32296
565257
801587
816095
237457
19918
656950
619086
963919
91339
924260
233828
264392
950760
716375
101129
84862
756274
258013
886267
445377
281448
690807
963434
66117
171233
762878
323316
601102
526812
74657
714744
537415
191910
464905
463961
983155
593314
155997
603537
130043
131320
108321
545519
147173
860445
52345
214191
228070
127162
88844
487988
965454
37372
334020
635236
985057
780087
76593
821856
638278
6071
145677
474014
16537
481445
526298
233318
545819
809235
570856
167205
507337
711140
898739
463153
419530
764763
899944
737306
746945
267966
642888
813033
766979
87526
928742
285048
874594
832614
901066
760685
829416
817238
322616
512085
591263
415995
829770
856921
311565
283732
801914
228895
712830
128260
228924
388031
973625
262551
928264
372576
951956
883058
3701
105775
131364
458652
631489
128571
396364
299363
997421
530096
662070
591148
633093
513775
587872
909275
531902
87366
91534
784347
692856
93073
116958
872970
147938
788204
884792
762948
678972
189907
302051
921867
999160
191449
415157
971856
865274
165377
718179
487520
788479
166589
694710
742702
62937
535809
48223
43641
409304
273602
937185
219993
902661
517648
208620
781292
12744
578189
392714
35927
975657
160009
216370
997435
290995
337660
80507
634742
20596
557918
332202
754835
743586
557159
683372
123279
786776
423326
663263
461897
682045
906720
919498
776133
674821
777712
916397
905436
180945
70389
445492
791044
633138
344276
793925
797944
432971
890666
822072
696900
761044
491878
831014
197551
396475
504450
847770
866628
758821
754204
779749
877695
192978
269301
391886
486097
212894
885317
693158
327312
109347
716792
933944
65855
692220
836233
313887
971381
770341
337082
656115
718124
322494
998061
801627
766760
410926
616610
574662
817217
27044
732878
796853
675279
946425
472276
569840
653362
920561
354274
720344
656891
469345
840619
423388
126203
438058
39740
127494
68582
693475
271166
687789
881762
162197
222919
193741
358770
148639
378140
162547
825018
440250
350343
54226
693230
708439
46289
110644
906203
215333
990173
293898
957266
537327
289057
673764
627116
427617
731457
846908
508479
863595
591306
356972
222684
921598
693320
773248
301185
997491
692612
454566
237218
464075
42717
691714
613903
548177
985985
722398
685057
755804
421641
329855
485383
830832
977839
591826
449096
947908
263852
925701
405492
309023
183858
715123
616716
255388
415491
500919
362058
71180
90029
192610
903533
102458
714082
418759
569573
571657
767032
511475
616984
693498
558713
567930
114191
405258
4072
553452
82433
352504
166929
52647
131705
846372
450635
442310
266470
556051
229838
61751
89343
603855
307947
547051
84113
215468
643436
386278
641702
367717
463240
908342
486356
370980
661635
378432
283039
814560
905632
510837
334092
828833
21316
871716
675779
437663
643881
149994
366879
995592
672891
352196
673430
363297
635346
14853
616320
524356
821325
870115
322182
358919
640199
44395
609000
44541
663801
750805
596778
346966
168684
666034
968156
109154
533849
31745
89477
454131
659359
489378
750763
430047
775007
987234
270786
275428
113911
911540
853295
78375
621530
24257
318647
766549
545225
896470
704457
85866
745392
434556
756900
859280
463519
249509
865062
514207
368163
209474
25267
294211
571521
192690
295870
170235
430606
379796
687159
838462
502062
813309
959505
343416
935143
27397
641902
931506
943009
627644
171690
593807
906428
261819
501121
984306
834190
930452
918174
555005
923064
749675
583553
875509
659491
207454
279243
648001
991580
872736
38249
460945
514634
527587
879963
719708
188744
299251
815392
863745
247587
564896
59136
615951
692401
556884
547957
838752
878092
946563
932791
383648
87914
376767
381795
128107
240538
861803
944007
817876
662173
763272
449804
622147
407071
497387
699137
197686
726865
44815
170560
49512
398116
405767
627519
714894
435683
760076
680565
71550
297581
603956
975078
122411
76622
556228
482317
165643
347194
704540
595238
617753
920805
59856
538965
211062
900674
832216
255286
57387
78549
933789
231554
552521
932855
127283
868634
111602
616806
687654
351923
543472
925190
790893
592607
139970
304056
345724
829428
555832
309974
212725
810139
517812
423240
66110
418679
916688
321542
641965
497327
542494
235370
42528
414746
372938
388720
444010
2438
336988
323278
940648
880229
798106
604522
149041
386709
336714
693885
994155
323211
883221
151042
690363
791771
742920
769178
180820
712294
215155
80575
579121
162528
643316
617315
963869
105020
2190
317284
713647
864695
166258
279214
433364
780094
33312
577454
323973
587261
697319
94255
383255
239109
182472
948882
779889
738969
66937
815598
525015
378646
440837
981634
716645
811196
436176
213651
244888
112285
399097
659047
195527
534560
872152
874396
717999
455026
60262
792421
487659
44683
917820
641250
446018
251480
311028
464860
870427
941578
116972
951642
817803
63675
388905
805346
19727
985976
884567
313551
894421
21103
998319
250507
854773
943926
81073
25770
716349
738293
730257
6436
194921
28146
750894
746540
682418
450104
192317
159025
151549
793762
511172
724016
111988
909705
969155
688372
800370
826248
778477
411692
185816
404200
238227
238567
486653
602797
948130
744046
378434
762364
636547
69821
224450
55463
72800
483744
782760
829847
900231
82279
858140
598037
859302
620166
614934
178677
103862
843723
85971
388895
619125
769020
725668
445435
604747
947852
870243
691960
65870
212602
297281
545913
578273
357511
688379
561886
505015
115346
381035
740586
261302
674129
735611
596854
71150
81780
78321
964328
527483
650612
195250
223635
599444
621566
910300
710970
367952
274988
42764
44762
989731
538047
589282
619535
383059
93719
502474
306582
501973
268734
588262
650989
338692
990558
683354
649239
95933
163091
689715
516860
862937
345883
229684
111597
460744
948522
9535
310980
479111
996570
876637
376425
821309
652224
23978
943282
591928
705050
858784
886562
717631
934884
136446
889426
442643
912713
305620
60334
296199
841207
679534
407446
911097
94411
549915
193316
140588
896172
642968
414861
714179
762036
202782
34016
445980
389832
868741
365740
337479
859080
628179
5439
449186
886690
222566
331272
705874
884225
731321
320286
976224
337379
146390
123162
664045
830089
348952
854430
393940
698311
569180
436025
291738
582459
361156
740899
108884
335066
872359
482146
552598
96806
553945
112976
732627
427196
656402
538675
366934
158345
858685
755788
384348
140317
186463
172139
604811
355736
596066
596927
208275
177792
340926
145388
71008
507573
34307
41877
518841
534268
815877
701945
505912
633079
985187
440441
793702
566389
369718
115639
806579
476390
935571
554203
373838
956455
174974
245935
386279
343676
743851
789098
691263
557403
297201
501258
957800
958757
691918
140826
30431
14640
532369
268115
417154
356351
444840
647519
905199
618259
395334
707257
11515
454106
375280
784751
87244
748934
185189
563977
978516
704697
916200
971908
682474
565980
706603
89847
734150
284111
20570
762903
818585
33658
386113
616918
542663
969602
811098
190886
250498
218712
482871
94939
783684
355371
297672
282478
380265
861822
639626
331229
451494
34516
129677
496304
954858
548871
32736
925143
889935
924600
302554
593840
630909
578976
338503
885284
603676
726853
690606
927345
803763
62153
60284
391106
567714
118941
635535
816698
112504
971410
131488
83599
258930
526736
675661
560339
591185
69855
899970
539279
492631
384034
878020
31240
696029
337381
153241
693219
299220
376267
405080
791460
765462
706090
930185
558802
409448
125362
351800
154935
399759
351688
478299
793731
543051
897905
306973
995472
564724
517417
534086
654273
444592
810132
425353
643779
176975
12364
57451
943029
514627
633433
267787
191396
432767
414526
213842
318191
852778
478576
287415
476746
249536
417826
462127
511709
587654
262715
781488
223756
233255
489897
34081
889554
327536
764943
808544
393350
166117
659802
58415
57088
229118
795825
826300
995605
788801
167498
62667
861629
778237
864154
505602
683030
903392
969381
187536
504514
775734
603059
530363
742187
364350
446627
569798
501798
765355
704473
939003
917941
323252
692370
814362
265127
86296
18265
427806
401242
781490
193043
101032
668193
500020
438580
364875
957120
235459
842324
707891
544852
15535
638172
846770
679824
910477
72538
443433
546081
79795
614965
942735
937203
120656
163706
513697
101133
663718
245908
397862
648152
550180
181658
636574
446909
255716
295171
604806
868523
86717
195381
883851
313208
900102
772282
617481
267615
733608
679828
495102
651112
693407
842023
54544
359013
535053
8724
439095
695064
856315
579303
861832
261746
178348
474150
667231
663094
150688
477386
62441
597628
590050
237898
281291
687634
269838
443346
542259
642621
726819
682835
954041
699421
858048
690867
752177
639534
26431
596389
409231
143339
507947
558612
761527
625101
41247
415610
74017
873265
298940
568781
983206
735767
332934
526616
981289
892038
345052
98343
510565
786958
885394
397403
601166
219749
901740
506846
3046
458739
414714
885809
585248
125097
738571
781793
965481
14540
548815
846297
610519
930576
516749
863056
929777
271647
739837
802083
815065
466809
6787
504253
818898
931957
676808
815346
377266
971813
30007
206955
914405
936855
461521
214908
958619
858872
806958
376530
123471
62548
32593
529736
659893
162360
212774
528984
801792
120441
63322
361262
125453
483469
471
783704
192623
646102
811163
514074
335256
923135
998388
226207
914336
362495
447898
241481
818229
945275
348904
904233
712800
102408
60601
332170
174127
836430
765531
420840
420805
741128
176627
871678
822522
712487
836909
139133
33968
806422
88477
312409
972659
901913
888503
398652
852556
298191
457127
131294
931555
779030
118286
52396
534478
5581
347163
437349
995258
566772
195457
367364
291508
943664
7642
368920
31125
969708
99736
432431
23560
737305
835747
545200
489913
27477
369749
351368
148380
295722
71758
218685
57879
847021
521844
791710
662797
286343
639754
116443
358856
655184
775276
73521
830083
751703
807077
597566
130705
481342
901165
453106
948140
298178
551682
731302
814430
914905
835617
636871
825797
21556
841121
45034
306439
464868
820333
837892
361171
379032
102684
147761
550543
692420
385903
598898
383267
324318
861798
117236
674466
362178
809599
329355
849104
138614
173900
245886
164948
657223
672815
574715
595707
893970
646709
837035
793894
46687
894477
578272
673362
19047
324964
242539
588162
160694
359710
285387
132811
129515
787634
621248
864316
595997
23650
987389
495335
804184
553814
902459
381648
549061
372308
282474
341618
130279
838046
813762
695784
166210
357161
688632
308031
378198
210549
702285
311701
910153
102029
457728
241581
45922
169245
151204
872467
161905
756395
975692
78758
722317
906804
637346
182087
38838
322212
252375
685213
920216
266416
515317
401090
798257
681364
345616
518797
787465
558180
16794
596988
989536
200017
893462
597630
716263
197691
7845
686107
277348
62253
853884
652417
195512
666298
907639
764652
69565
893553
444358
889968
394953
89087
927557
289702
802512
674338
129386
244913
697766
941830
210072
9836
350817
178942
647504
87346
410780
302240
943367
798729
74456
390461
110034
85611
150654
215035
904190
821491
550080
691537
114108
910049
304029
987743
530297
63946
456835
967528
456460
927327
293518
346157
545161
904087
6127
876647
744242
950204
109736
616352
697165
940879
458483
417646
28113
434521
666754
471181
896314
964368
116770
99672
255612
162786
422521
608356
821460
539488
912750
238265
735481
389130
697063
618926
624050
672691
25965
465440
478977
440593
997741
634126
198589
722979
79448
803220
600253
509759
226089
515138
777072
945527
705606
22105
393162
126311
149760
964322
699289
251934
151413
257898
987766
489511
22101
645725
813782
377267
956993
543102
815808
244196
373391
537408
694873
186744
740586
544004
807387
408464
5399
907696
387428
807837
931026
467880
791659
13606
1815
28332
157005
810231
312700
795598
354309
358442
854459
374350
969531
981643
48398
354964
329459
299562
774515
229704
997030
817730
501775
349777
624558
981697
563439
114281
73690
993460
13481
686234
728929
788049
33889
320216
613492
582112
590183
61177
871340
372166
679998
430677
516579
447535
28664
634166
661790
119511
100476
655228
683623
48246
801514
167120
329210
560710
797525
587843
343957
120178
775471
823682
22834
869852
385411
199864
843857
806219
852059
36288
779502
160368
190785
747717
894675
597715
43747
89337
104006
608927
531856
726638
389794
639622
241182
626068
854275
36754
231022
23248
855963
912458
120840
452277
136738
536829
689632
58017
611434
872750
56890
664759
36176
484955
22057
786164
877646
579692
243763
928688
177198
127669
283664
570611
54169
554856
257041
635058
222222
552602
955358
753957
602030
251120
792
750470
121523
81446
475101
793895
997761
30779
780841
127536
779669
19709
949209
88245
640922
325804
47435
547888
887642
82574
286754
833056
832785
194255
101670
931389
376734
678418
164616
771158
261907
861400
961283
6089
586923
694923
111517
223390
237787
813160
441612
878657
774529
34248
966518
135643
220665
548425
858833
352460
333263
150109
637354
367559
291022
735919
229505
878089
513591
264749
83024
368823
334477
86902
595372
255571
58445
9506
231109
675994
383868
437160
764680
216766
965336
44272
793187
893563
851632
633462
239848
227608
148368
60823
7499
467133
975124
708412
828294
987371
70813
583648
66780
574747
888290
367359
675065
343415
749150
531293
14520
38639
474983
308207
946239
715770
691487
300714
261125
724266
82179
716135
404148
913641
234145
949040
790890
995541
647270
184618
434521
919414
923669
310430
262285
462232
672724
802278
89998
954378
749729
567728
664795
635441
985697
597490
25751
641993
43161
794218
744512
503098
767990
556944
585113
839507
745670
9628
242346
963813
867529
305901
596638
593278
886114
277213
111690
411265
331624
836638
981965
713055
796954
562000
131410
841780
362095
824547
889778
779520
812874
33124
340279
5888
424716
632614
372411
214760
528196
392974
803632
104448
337473
878394
105913
707736
482505
936270
741876
283049
879458
97885
300763
609034
813261
601969
55104
632395
706642
160888
583542
143922
522806
820427
606734
662352
328522
510875
824447
546942
711838
603258
37343
956217
492562
201476
889550
119512
411276
242344
4530
380518
861701
387671
359644
169312
926590
590727
446409
412876
131793
575076
704709
202292
694882
484116
667562
417342
622708
505637
582151
64553
755544
651286
99996
234086
470656
66495
791553
820752
729841
179357
948709
485706
294103
759486
8308
374516
973938
755205
101330
203401
778862
247899
170309
916248
647569
393906
710447
507165
74126
452471
275000
303804
649462
63444
372234
873241
714830
20383
695734
453782
378619
738786
977204
35946
253466
685639
641991
224283
936108
718304
267071
687640
989295
508881
418712
840309
920968
480411
949184
958211
352027
509765
444726
862603
566589
808744
242702
841895
985025
766808
954705
490494
458991
509739
886337
56794
730963
55399
958905
693608
209009
523532
946803
966731
108502
683130
148260
10525
392137
204224
496770
837123
22113
883971
663141
285611
221872
951176
369163
79141
69405
766814
611958
236443
556047
204331
654960
553902
620613
849
972015
756591
453315
608700
618003
858295
474791
302923
941899
888484
887898
782168
636568
255984
899490
580518
233066
680595
285542
158694
266981
839142
460646
60745
146753
142306
827478
953382
694330
617462
135673
285515
833861
731624
313893
8066
835120
40872
582454
814003
160990
618686
26965
37159
808928
313059
275040
665127
34924
776107
698615
855939
80252
2911
917986
365230
966725
895401
814690
695814
192082
54696
236115
658354
307389
256676
789434
185381
861706
598683
675569
323071
915232
528122
378668
881618
469413
179751
464999
90497
521909
493179
62830
621509
983294
688461
331400
18441
151546
64041
781569
534773
541578
715872
654995
767049
909932
394361
405424
838495
164825
349381
876527
959442
414910
849168
98576
940478
82452
826676
388782
482205
183326
607879
691776
898320
922751
338356
585355
558719
594357
264295
659560
980759
331446
684194
825069
353650
796325
761453
208443
387093
156657
331370
989284
713362
121034
353990
589494
428302
931969
368396
192489
943197
601788
194964
491744
219017
370898
301976
635743
877682
117065
873190
57866
78351
242729
36082
397334
958546
809532
578115
650895
699306
840997
807950
639812
885346
764635
646880
943890
32871
190528
635892
380556
123110
240546
326372
609668
203220
624845
774397
448633
517511
851274
336299
11612
511362
160121
120851
985024
652878
75718
180544
145503
91779
986507
545716
855043
946086
696834
20064
102040
146220
960549
242416
965003
316253
514596
153597
260766
643028
678274
13286
298571
110690
865613
7225
890770
976979
483960
684682
157025
741320
343127
239334
663519
99587
103158
954466
388630
834882
938005
614220
623611
72066
877764
266435
898522
688292
123671
377379
150690
712941
414471
222808
560715
325416
552357
999188
728032
309094
940795
162459
324396
78950
904705
105275
190789
430799
414649
248666
542256
242202
824424
527399
330863
729420
175345
424306
820654
53345
872591
355992
397510
300741
502702
911767
444267
18875
456679
503104
674745
419680
790935
134026
588886
744010
977114
475330
841987
174539
372393
339616
635652
232657
353998
130550
270954
169071
310271
958146
440634
975990
720799
633570
728060
364669
354252
369703
605281
798081
218022
601409
424849
571109
920094
79130
870097
390170
663478
22528
800014
226393
845338
298234
325000
466573
260315
494971
229726
586255
566724
529780
298738
292873
253851
852292
43320
476988
76150
2763
315232
788572
503158
646492
217822
401112
295333
296785
445586
20088
758056
476856
299097
450976
367713
97578
897072
761969
654947
960956
48255
211599
672658
731791
680650
991933
613015
724867
356271
459235
804670
885640
959901
359730
116780
36756
907730
795038
854144
57905
933134
791306
683716
121006
498457
643586
350032
860597
601070
189729
77947
752957
392771
632851
589631
702742
877622
478517
650600
652513
98773
138457
487481
173282
544970
156069
391195
73646
513185
928987
823234
20479
38776
825203
238623
253478
563202
516452
642363
936671
570679
960129
854967
350400
974492
576640
54173
326796
116010
264535
445282
305124
637406
129727
790843
212317
630044
274459
596952
249005
251649
774705
274241
681790
845124
531926
155596
33829
825095
778409
831928
901612
430976
587829
542442
774219
575679
506554
423233
472118
316251
77190
402904
846928
354557
321404
193815
61309
236680
623414
821878
613396
316260
775367
370768
903860
283686
520153
209055
327982
346781
10229
991066
968224
201212
37538
712104
308897
140063
779364
303871
977176
70267
194533
390238
673383
422119
452082
789283
514501
119425
715740
936458
574762
457150
401343
139778
181603
180178
859295
716397
935685
114936
633389
159541
353022
45983
828010
627334
493063
87729
101219
421611
512309
899264
364122
519625
695471
944207
743109
435506
312378
76283
545136
256551
679920
207173
876861
967021
598672
483837
541004
783178
268974
989707
968821
728156
889995
485789
149426
520471
512895
243432
476570
756697
221907
180893
530248
646444
782379
988715
655514
320151
241248
622186
223189
449057
22636
173739
884774
329379
624126
618777
842179
164745
510894
799435
931248
622117
829451
612586
742878
16687
543951
22074
522478
984413
307252
520326
882643
804891
71712
20588
349653
103784
739771
669186
922353
331148
405601
327908
376798
407865
884211
470300
691050
486142
94408
871532
173251
320290
138625
928250
538514
322339
332282
613145
308354
216011
873629
110832
459039
872939
117968
511369
73049
926775
721550
86008
644711
461502
325204
777830
361864
650116
454833
944185
614628
176573
792384
963361
283153
739624
150899
835202
375923
978118
822085
971385
913915
363830
136337
669069
422031
371823
777729
597620
800010
897561
224799
329727
329434
461576
161159
735650
283592
795286
96445
775396
689237
82267
62363
243743
785471
922764
265827
553717
548579
925741
924531
937232
676092
519604
505430
261779
438857
298492
965814
431970
446605
91490
179952
244234
786032
259712
509056
256207
892227
103172
911515
778961
425249
408364
420636
256218
842353
41760
768854
658694
430535
623083
947592
967247
605098
277079
480302
256245
800880
92581
729908
1286
173894
867494
200582
708815
449932
483513
12098
398111
771101
143842
558863
964724
785708
822850
300039
802117
757577
270393
381712
239339
959875
858389
101640
576109
907688
747701
808542
260263
966120
348926
32638
219221
750168
891577
910500
839041
512914
840456
172242
993095
743097
471363
825180
126978
622810
856820
191777
838101
148846
37994
965204
547480
622652
423614
116984
904924
228635
906144
232618
407901
554069
370268
499288
387779
197672
830959
777808
390613
228710
97728
562419
288699
997052
596413
753416
552686
150159
48531
885420
809854
340866
472009
789159
785151
326292
643450
584347
517457
130215
530797
722838
445451
149083
661715
389318
998660
269401
722332
34188
428093
756972
50294
247081
428142
126857
457443
742805
498923
963695
736629
541998
516595
73897
836521
569229
897173
838897
345246
760117
289984
93679
768432
912613
966949
523358
265397
820941
969035
824848
206995
486685
647535
182408
669949
22072
123669
276037
739784
976839
625391
582046
244334
734443
895401
302280
643166
587210
437583
19893
429885
159946
947292
791447
32189
569052
548000
733891
389720
964784
537228
552176
243882
61894
898589
392414
111785
699301
683427
325843
562498
51812
712493
372032
163728
935589
852692
439235
823419
963746
120928
714694
589227
649823
372186
528452
40104
135039
512815
188076
558672
359795
756349
556638
722163
177229
844157
777042
483407
374259
715470
90712
660323
286126
916250
222521
932914
875426
950119
560829
926102
178072
218492
826246
657213
743735
463021
307034
383173
953810
985093
452478
924912
198235
615120
779069
198916
811892
466690
852872
471554
352806
348807
622647
351616
328298
177960
472622
676773
509413
686679
637978
990721
27570
286551
115995
336455
398807
182986
93692
103143
466904
735641
579293
651980
863722
625850
796978
889199
437632
32161
29348
247830
733762
451717
490261
485037
863964
301517
71873
307903
627123
667927
727616
413329
63281
190501
247143
845915
664193
353637
225743
636324
643671
764764
274093
492985
242150
752174
521120
264841
198261
998796
364426
650080
879692
399802
166741
172222
654280
54652
576535
243988
751822
855068
577424
455514
818076
493723
910160
944080
180283
927602
85238
610511
286033
616003
901395
856650
351059
673121
594796
520102
850839
448888
77150
159220
125255
906715
392476
630023
738738
68649
828820
516151
131324
635738
418672
876720
59830
76907
805049
487671
564360
136356
749269
811707
211979
490051
11377
135252
389043
386951
852154
580634
471977
752794
853316
798884
530359
822875
162958
645212
805853
180232
504925
493756
954368
40069
976388
497127
320898
671179
156805
333158
97517
182576
38354
389501
765256
57294
606316
519914
423756
151315
511917
979321
540273
952229
71585
634311
230625
611311
724046
148753
891790
604621
247892
183
756383
262096
667631
498323
419909
687086
153050
192048
428844
62281
57550
526569
138382
586906
862761
528736
532641
828602
266601
791767
685745
859405
273623
775790
669128
627979
28992
92410
730505
34412
316446
979646
985372
293744
631574
269000
907011
793864
267675
410730
580875
127780
488496
117908
54559
323610
789642
604043
164023
51248
721619
889608
266349
777350
489291
530415
392752
275427
464457
238698
268305
20570
720544
554978
338939
962264
398621
308570
788864
892685
604780
220455
227022
329461
570393
979600
779264
533826
178612
291646
336465
661416
664463
351584
225963
419716
903969
992990
344285
313770
293005
351287
542508
410057
389244
701881
130624
498493
907686
159452
791551
389234
292144
297404
499191
2159
668400
67314
523445
446662
523020
587341
254707
166871
716480
643378
746733
647996
799166
785229
71956
12308
528111
782387
593692
175
825304
379542
460080
443155
580760
626212
484997
278505
18893
923708
649164
912135
596375
224333
110977
315227
294516
414477
469537
922160
429195
373460
568440
244704
384324
234131
81880
621975
460244
911539
774758
151423
857494
565134
92430
731150
294677
278084
265430
12584
400678
393147
913104
979441
592434
4727
103146
889139
57490
686994
650463
646121
501587
432152
363856
889510
934616
796737
558893
139365
66399
144908
126285
231534
748828
875508
363486
81185
508289
336465
297462
278754
489055
534158
524168
548321
852646
378883
56562
909252
104648
921775
967730
828212
154492
674003
970425
47425
721823
760557
681240
744435
234229
504336
50583
50734
984268
674524
506725
465280
639681
427552
863273
495179
977564
444809
797430
980170
946455
161348
401630
660737
832316
599992
890910
118341
109612
950681
357814
216549
316603
804843
787292
693300
124345
456788
215558
513716
479756
55003
908005
949025
631481
556419
540594
700567
101057
861438
362912
729120
241192
706576
421745
999326
571473
561409
244005
213073
594820
752574
845
153286
167506
837518
299645
368349
125200
915308
110111
811893
339902
18885
782053
677110
897036
11663
402262
677754
231730
804675
601738
772889
495741
425081
238577
337807
387434
984159
546317
536012
568555
619158
308416
71577
67718
78506
788671
103586
684509
702379
378406
348708
69704
433900
874790
66100
709406
589592
495513
20329
782867
793708
968758
526247
208571
534804
963488
720137
589997
110054
256985
865514
486851
223477
555923
786896
865853
614931
440615
10678
896773
413735
772959
721589
400333
90343
358509
305998
716500
650865
859199
400470
129416
272524
263594
527998
134918
534774
953155
855806
761277
875497
788941
658462
191344
159983
939084
252513
162585
490142
632440
769550
43
162803
50125
887900
52593
279623
563583
3641
768210
914928
788043
714423
868981
767927
722729
257748
845761
110193
616862
627364
690237
935100
230317
870429
372631
504600
549485
40511
55104
911775
813110
485086
916212
274658
706421
871181
532695
760354
706784
69481
353339
315816
183875
494591
197758
128705
478264
144411
586769
563610
778932
721710
79635
976436
547838
504603
219995
496387
438844
411294
30933
960937
720550
90137
962179
795210
369819
265853
414757
278923
423442
942417
512052
915884
88489
264674
659592
529280
935833
606407
793497
291973
756363
120080
225058
492900
14019
140747
581089
475078
703099
549874
942267
871376
610699
363700
891965
949885
548227
118686
237374
124759
427035
763686
63776
848210
401602
546964
781045
136261
453778
28878
226686
789765
893477
195454
629902
815008
403777
160226
373389
554675
73454
5103
417112
326121
18473
299171
724166
999312
804017
255910
305158
494809
874494
117724
604964
513132
198673
779978
243114
343270
457830
60002
247459
116272
262727
283116
814459
632509
94715
983763
342082
938464
43611
491914
612559
422215
47172
185881
416705
397336
31016
954376
522593
154342
473407
205734
724195
672656
684764
568118
4363
930294
438810
327991
457901
470681
436981
695119
806220
774926
420468
972563
298660
486431
118404
536757
208644
5758
542625
171531
228818
607655
59437
894840
263666
743441
131427
520825
823618
733584
977189
710862
346237
46026
705969
706114
154495
714963
911602
436825
209831
384808
313267
923926
58776
505861
369710
682278
293402
740451
410243
308972
995743
412114
846916
753642
822879
830766
962029
374089
452068
92033
229873
80325
837090
729205
735919
769463
892222
488244
467203
654784
925551
996574
330361
583055
344450
696230
793629
149648
70263
95498
300462
698354
606985
8428
513841
363922
673099
841938
865185
602121
15598
84919
266371
245647
832863
383755
80984
446922
312461
203534
796652
819383
61832
459012
420620
945588
549061
833622
7637
798503
842174
452549
888038
179023
331894
246731
448439
482533
533722
22608
268163
609134
581443
904710
554593
11168
831065
465889
487601
734062
918033
799478
621809
769650
881942
181615
591343
412790
237766
740265
520089
740767
465235
811882
101488
18679
446922
393922
354267
322710
180272
308861
702872
328875
543048
317377
559373
766828
877746
419339
155901
633944
373678
276353
460054
362021
10109
289971
700774
221132
190568
764658
568622
670317
333786
355981
848271
86879
612072
716709
236641
77976
900785
330412
412515
397238
927585
245502
116620
39784
344143
240795
947712
355068
590150
921665
847838
563013
188065
686754
347062
404392
631760
710343
465496
813827
612983
357633
755528
254715
32693
527047
815117
146401
471618
255729
213032
499393
531825
605520
54498
989062
658197
162664
448318
926541
784704
418123
442958
80452
709350
374610
752098
932031
420257
275259
446427
760983
355662
847322
406557
82623
533972
562621
554787
444196
100165
253601
514668
443968
86044
75530
352531
199548
601958
194947
460284
266624
488702
608498
354922
922264
469425
684631
258158
281988
524416
357985
91770
235996
801283
76077
43796
799774
740906
346076
992806
419670
919711
829327
81970
91624
991559
84546
645858
222781
334952
104578
801981
668488
949861
208268
354038
140980
660836
930244
303071
287852
6800
390927
767547
748486
239034
352077
898352
55245
301786
781174
651035
123817
451188
777360
437566
199981
890070
765002
136596
515197
663294
286584
505478
92186
899864
11628
504822
858636
149604
901293
622648
34923
580854
154839
540704
381897
922199
58255
757110
411711
569993
407584
858374
464915
617064
459511
906260
900931
355692
159415
333997
155889
420299
654458
384537
70058
396475
725157
30957
993748
947605
103655
800829
736308
357397
424078
212334
265050
644798
109062
836264
356201
976475
761774
995691
3399
787551
797720
433721
61597
451502
259485
946993
863691
190965
840603
1980
803884
867508
713101
604576
301377
784412
67973
530738
919548
712082
740360
825128
697579
689619
104582
892429
177279
827827
814772
363021
577913
764478
977928
594544
565104
376063
397457
311204
924609
82526
932336
425394
326419
778340
755830
867091
697029
422299
338524
419676
527863
630097
533593
707028
122034
602043
825700
542054
104565
696949
294022
854897
759069
862887
933914
113277
736623
974468
18980
615497
320453
740780
550668
996672
18196
115761
530614
505161
697430
488951
465791
243389
233816
786293
724053
505460
69986
884312
41075
883832
347390
370118
853176
159835
781543
930303
574947
352805
976655
372064
612013
663013
702413
190466
948291
824488
508834
266431
811231
329288
275942
602388
744578
456860
798420
651618
318800
921293
954799
803023
622471
296712
683215
772170
609629
931471
754827
980075
211638
217579
735812
923640
311551
817276
794764
692484
384938
774256
580786
907889
906246
620114
416619
431831
955834
539898
511839
851325
874974
171747
67341
764228
422837
639001
141403
546212
177163
934801
352318
213325
274664
958803
49666
350703
398766
228050
963638
941525
136404
730076
908536
745132
561407
411948
853977
599842
337658
599261
359404
869610
88146
283833
124016
318108
11793
394160
138647
95096
917
196772
811762
171339
682635
976225
415100
128810
25037
464298
150528
829595
264598
288750
185767
194324
904478
880474
191266
102171
494615
387336
73008
136844
149442
247573
148556
665849
624814
479312
775159
695659
703822
452109
799581
792903
600950
940122
873895
579340
510258
41353
232476
131705
341379
856620
284212
977484
272439
962015
655419
856292
150691
995583
522271
495944
678656
254457
520598
763392
67936
869629
484398
591073
637259
273360
299122
85735
784378
557057
757942
244026
153455
969651
550784
110291
195055
14937
153299
664312
826398
880769
746841
512931
807861
513607
474732
18625
138722
377450
129089
541846
770748
401787
974385
319485
57632
77937
650213
735565
245229
525018
256158
931224
715802
1452
284639
9101
996207
353466
849591
92285
368998
391234
976815
232762
666527
813923
179468
168091
48186
950699
856001
692061
696789
876942
908084
824548
507170
525044
710763
329311
152419
648681
93971
44937
834181
480888
287597
276491
268054
154385
725269
217534
14949
575783
16113
758799
582389
851415
319730
762556
871261
358082
99466
951419
598463
310075
875370
867641
722531
534876
169654
901439
23407
176755
99912
134641
819717
957402
540062
834801
916025
864548
295457
942112
580397
226611
447571
519364
670731
88487
789012
932357
738591
325233
692624
536530
31247
675077
751240
705633
362103
148654
465340
741587
434469
266747
237618
662453
641582
304407
31910
595491
18347
679671
264591
757575
694612
815532
478921
928639
496183
369496
901539
296157
34900
332989
214727
208968
130648
18225
665730
135743
195700
363758
404784
492670
318170
253574
204805
474745
328468
150387
973690
380101
766656
106188
617170
914006
859436
597204
677831
815907
975306
502637
295382
581670
275216
501610
410532
741631
377391
230914
490891
322296
563885
554975
224582
895779
681057
463830
915893
138272
784267
331570
758092
661819
618573
347625
645534
405362
518474
202096
634498
921555
668442
742058
851743
563588
971879
498299
322074
181661
314663
190780
292312
794351
430518
707335
614066
570856
294095
801201
937141
784526
759782
591639
831762
909097
51238
184977
264041
480254
721218
977348
809964
234357
529658
493780
823219
896988
920940
595382
45084
448580
998868
496675
493917
421449
639522
202344
984360
633456
934135
459290
99769
400361
271355
368424
768319
266227
559517
485385
292965
1758
666088
301012
148475
133868
882431
405486
461894
718865
610165
973789
426720
245338
369739
637435
360141
560234
215815
62983
183068
27166
16365
954646
222199
757650
404445
278567
800775
803261
320584
950099
741382
750904
936528
513379
424610
53980
369788
745532
340043
759624
301140
438837
28186
402690
706783
205449
191389
48373
419511
203048
102083
822936
908614
90984
755553
76656
786143
754584
973406
102891
554107
745461
830849
611885
648718
919798
452565
951593
744645
551362
105271
124581
847455
315906
224892
274847
717669
27664
516737
434766
360647
971726
149264
841601
956757
407124
956523
361124
540758
281793
400185
318562
450697
85746
83466
282724
96118
475985
350345
198326
471087
616197
608125
134475
317800
627591
669627
862807
967664
923157
672876
122458
883531
931455
645943
119421
806446
621534
434443
179669
561495
369380
528202
314820
475846
633615
732501
769534
83611
446712
280560
793705
780301
859592
333330
803294
642564
97929
213388
825421
653589
345434
707347
682429
397144
865597
957484
631408
403238
749899
807475
340900
454516
637703
474951
17270
111303
688911
615637
922594
562259
263342
278848
99493
988404
823695
654442
924163
614408
921740
738274
767205
169767
102245
504490
498330
40575
921293
713187
596030
289041
546333
700311
211064
609794
57964
952355
459229
37343
973046
907135
756018
920944
354744
460780
313742
785271
749598
6585
243486
108550
746580
964401
381186
404026
960121
752036
261973
892631
563890
242896
815691
642369
35867
850988
827315
780821
308119
297362
619739
752482
554568
267207
358290
774856
726106
865448
949640
301611
648570
366258
726802
813651
66981
717933
901194
472867
908187
130422
701652
451059
633842
488488
82235
967757
657990
10150
620793
274753
895630
991176
311125
986917
304906
993824
553703
312749
929368
161192
119479
114338
469734
649225
527364
960386
249538
591370
376480
604917
273998
859091
128504
508775
345999
230173
422002
659782
344868
80249
131567
298586
814675
285049
890608
815035
77055
9983
638292
493876
363318
53408
790719
546547
360743
768308
915607
527913
486641
64957
321192
463556
949590
981873
732071
946886
646094
271333
602132
183554
465336
400024
104440
719539
388459
445530
86862
430841
479851
722583
866686
65329
899895
972740
847172
873071
443135
838181
427696
284507
381043
634808
88070
650533
502263
427586
308357
22822
189491
421811
378309
97109
736262
850680
642041
144994
842202
459102
617941
7986
760722
912990
46153
814584
872865
949001
56874
402413
647988
425617
105778
985963
877327
238641
715102
616043
911926
5946
89910
862681
193473
923387
36457
722961
97811
107341
320534
769465
414052
905336
956839
386235
833081
950149
397912
962589
941749
896290
524950
882494
164362
848619
793794
277359
569480
851739
947348
815211
676822
368014
524764
579509
715582
673714
192228
145229
490657
646794
329906
737358
196684
805790
757610
777127
863139
420931
878479
635444
154618
436674
373290
848184
882627
298984
74051
817977
61025
217002
666316
205624
545819
647218
771870
14028
67116
506890
753626
372250
48055
514980
478770
592883
163991
674115
43584
361482
99477
246538
29908
247696
82355
200479
454283
678190
901541
235772
357466
207710
348447
843346
690730
958567
102729
581274
47262
134003
489168
592633
886704
792078
771606
236302
354553
762109
699529
476508
670607
291641
712977
568975
28424
996935
570019
697837
356765
757237
193715
118554
451050
874995
838918
236295
723218
93067
9893
118457
170368
670526
447469
990194
497224
342525
170948
999038
282795
285697
957222
309723
258041
585543
297757
254405
909137
302699
461583
634142
864260
733152
171313
705911
409880
962442
613338
135294
380969
356344
620146
86532
993769
733057
804233
869928
551879
941370
190916
146085
925486
387537
789234
505782
558308
654473
996924
68450
989139
774930
170683
698663
221797
846532
508260
366663
317256
723064
167070
663081
823249
863555
633588
509550
163900
759504
27046
758802
275218
114777
266138
163834
260259
908546
342576
905184
392307
911954
322035
952023
368561
355662
963115
509629
920418
100596
280911
538109
349341
750673
683415
998142
364783
631103
286256
758380
503582
863295
274761
35297
440843
434927
179467
656239
67825
478247
255589
171276
892554
179830
917508
198043
760848
728628
765218
901651
224864
78468
914294
327822
251643
269929
752073
893808
267751
320193
1833
930866
856307
679009
585846
448266
571031
606799
884313
366073
931065
715030
137621
691376
312204
208202
633205
336224
753811
934808
200357
238813
218948
993097
544925
647982
99975
842323
332920
236787
35997
873948
477155
131123
683166
957836
329265
917890
263323
396877
777994
17867
226018
33378
583172
486336
625439
378081
156426
729435
563423
452110
406008
429839
594096
253782
960265
493264
87717
66405
419496
935996
338806
397476
459682
364004
408963
145234
372285
262459
909177
211006
488034
273434
461006
963423
371125
706862
308198
99664
690437
329087
87575
833834
438687
92829
53706
167232
601917
751273
401336
628529
144028
367165
985940
800686
246187
459513
619080
871945
994463
207275
605015
514165
847843
607194
836577
659232
845613
301808
393925
360618
872300
527617
485280
745856
648798
134652
264436
769690
210877
254637
736677
27725
451353
696812
950492
396621
487873
481574
5518
812739
936795
515589
324503
801287
646995
163263
55488
919418
965616
626040
513440
551747
253570
784469
637598
209764
839544
996254
586836
244536
373006
234831
968911
520267
279779
147516
57459
615382
167656
748510
614651
360405
262453
656381
897695
638919
21814
532348
222670
814722
405378
89468
406043
246448
889484
734702
486836
212010
814002
51001
901964
987311
288307
83076
783387
640256
278142
207968
138363
189916
400229
821525
974963
347347
803632
725000
702353
996298
973390
608518
773232
893322
487079
105391
963801
421060
589132
685569
355590
453605
124496
61376
955714
772562
505840
996607
107308
234241
578861
882446
786202
457395
469691
72193
846617
615121
550802
867928
645779
327138
689441
882128
294218
476775
33506
269317
518144
661716
339528
595714
725817
949483
471766
559783
544408
568118
751625
448374
436903
359264
41781
688826
838066
681520
10094
283348
949138
853603
948189
444067
440583
359078
928178
132751
308991
17325
118392
451571
306803
713971
612676
795172
736113
415566
528455
673250
636340
869422
787587
574811
514479
80498
70362
794134
131049
974054
136130
796290
343617
33373
746133
304604
105555
666535
238725
172727
217011
127600
318509
153067
215766
469877
206274
867868
884305
891043
510504
650214
334585
263054
363489
288930
868265
8395
480416
513112
182049
204586
585916
142337
276683
107731
276032
547767
146010
467580
112735
88827
483659
508164
601797
193123
636174
428655
771208
176798
899197
115647
238269
700389
292106
543019
716263
827840
185784
408382
326731
166322
657216
25871
297567
253379
515476
628057
118624
235560
769919
73398
201475
887376
985451
710973
527939
693133
79869
562100
258201
519005
719515
207540
880138
954965
870029
958104
162330
672745
550017
82785
814942
46554
601768
338346
677743
738556
922367
792322
907451
840099
489192
823403
816949
637482
252470
218926
437804
974047
909896
588185
894650
70414
256460
645271
636819
321641
428069
44714
171901
739857
541799
54215
720350
744771
622975
33741
558705
125474
324464
374244
427539
619228
822136
894958
884026
566780
219025
361325
889924
586188
927763
231153
753581
780581
649014
452219
787995
74453
743670
656180
52628
460139
237711
759555
859279
871777
768104
497999
461800
716583
139212
987473
300204
16072
544595
729556
470932
786107
485983
94476
151247
383689
526594
275345
950904
671765
884605
652406
934375
593165
981540
995786
762403
293484
459741
208939
34677
302953
322823
909633
647576
893759
458294
910302
610252
693530
846045
882672
123593
672347
993221
69153
549393
731272
86585
285387
565598
587923
494276
641371
314683
968261
20818
846273
102575
837383
534900
8145
616020
818701
919039
944569
243397
38048
109652
598239
890357
658118
99769
424663
98461
625487
236454
46846
715661
624831
34461
956598
541028
749907
384304
566782
187227
886322
169126
384812
203835
664369
241208
25866
495343
267971
432374
145611
935668
995708
406727
240744
244076
633216
537997
667228
693522
418444
443239
700984
656840
624224
243344
164451
309197
407752
873125
238578
835466
86662
717891
161760
843467
106782
747278
342634
710283
513022
189071
214730
994280
446855
843125
653005
858741
390844
606524
153491
412398
757574
744299
152483
979398
52705
449463
742377
945181
168359
995525
663309
670862
810935
917261
50416
506212
737602
352730
746501
57708
995378
126062
2698
959781
16630
343682
113762
911700
430958
158890
359185
964980
828400
304023
922963
648139
106677
976567
827801
626264
485668
750519
911777
861609
823992
406760
524081
890953
962128
575039
673903
178133
599379
580599
388832
728175
190845
591761
989115
579020
37515
780987
624745
460905
594175
962639
720412
511707
133968
157042
485577
908675
309874
747293
192643
156767
362301
934712
387765
997502
109500
618978
566460
245196
136917
131149
407135
134923
555920
880263
916844
404835
747461
504275
831216
825104
373991
804854
962642
944313
953255
413581
997772
505249
899142
409307
808391
203574
71866
951649
640979
404487
184124
225190
836480
674963
31660
35158
713499
681852
745186
522503
744008
191387
647442
780246
823417
660909
108315
305584
780360
156202
211180
70253
783671
815286
274003
347542
702785
60144
69924
270471
573148
833001
796802
803248
503118
244079
689869
685365
299305
468935
193128
270454
410597
347832
116133
130920
609624
694980
322320
885794
208980
587634
362389
889524
469789
922630
932366
906354
54213
103251
898029
404366
277543
64871
43203
976547
149820
489380
136107
244750
611485
497902
308565
325559
299029
177984
361586
93294
694050
538969
423801
947312
376393
618773
687253
724232
302675
862294
560043
976594
780647
876769
984459
357019
528645
212101
562034
477092
3356
352821
688377
750981
304521
598967
677791
905967
817134
175861
469614
3338
800298
320433
19020
415869
330426
683222
867104
477259
31852
355305
34590
752410
221307
622622
743281
417616
528972
210119
704068
903062
236036
558823
545326
883134
562436
663973
817463
210113
61442
260188
665419
943137
178565
22927
275706
279469
378620
344634
629866
176163
586492
910212
555482
500591
213589
203344
470163
662866
921231
178546
299117
342622
553030
400447
831099
746973
372831
698877
22868
714706
779366
467641
602623
43927
820166
851960
558714
602277
100388
227909
502247
839155
418456
680233
420436
593717
699528
485113
456613
496517
898851
554825
501152
762399
839351
159870
552277
224391
952688
921026
635112
189189
666414
199504
996349
919568
706753
506350
341758
984777
420548
331707
115979
390622
57299
399646
960767
555855
989162
883486
933659
477645
836571
611728
649618
909374
641003
970411
561521
504926
191627
355640
985448
495551
772974
730852
22072
521329
548619
926391
777339
15804
708081
842719
489803
498826
684481
428646
671952
117346
324493
820547
201258
88335
731980
649612
503223
944735
320246
731081
851521
83335
599746
444387
242183
817188
984506
985723
803815
155804
975927
365655
993701
268963
518015
716791
94426
881369
115767
491910
503227
955089
198471
155436
521733
404589
519945
703360
679234
525733
946924
44443
437435
292070
985515
636807
934714
509591
258470
443991
86331
309686
284442
586768
697135
225505
907586
343557
697004
983793
770121
943872
211572
572737
490922
166556
780703
92172
681638
276912
79720
103156
282145
272422
53266
175903
376602
993833
863797
347388
483717
346941
898537
670372
117831
250024
854157
159835
297421
363470
537653
773109
432330
727706
103662
480853
777739
736088
461102
854737
373624
756001
105053
797617
661545
968237
887674
25367
317922
225100
139884
556728
867693
583600
597158
51528
671763
524066
293493
49588
5110
215509
449001
806345
100238
410072
129630
353458
555134
988068
737510
206878
269778
684949
207188
909696
356440
942646
166439
383152
994391
385525
771218
596847
142320
712246
705380
383688
350928
824003
289817
964689
742032
222816
529788
832273
174761
393212
430199
99003
120791
128772
981689
764889
374217
368850
877378
910788
932673
837123
839758
905551
567374
809447
249180
825092
297700
924305
229849
675206
947861
804301
616366
448277
815278
958065
892323
348016
54640
202828
817390
293269
239274
904188
421148
698916
612464
241692
810139
329442
472890
749594
985377
820761
884890
351206
167037
878428
36379
430854
870776
554599
823731
413702
677415
827557
292838
663117
611152
656140
688439
920587
159543
559396
144202
449103
45380
866341
844571
527157
599762
791357
861909
268988
349270
52912
954576
863286
901354
291226
239082
340568
416053
783248
512833
819377
397049
549221
873866
333944
483961
680392
145745
725118
634501
989707
742925
498562
894052
8446
270943
377955
227548
216506
968231
758576
216608
328505
757699
333723
810455
640226
347237
509325
322821
218660
943504
876755
769560
993848
271279
539701
157201
994504
916690
61287
919821
253038
125254
990937
429360
177365
129295
529833
336301
104508
790532
433657
838515
366809
309576
391898
495543
696858
44384
364903
417626
944326
984630
305071
846008
798530
684969
841674
63948
576944
328783
983372
316547
841970
856456
837144
257628
709964
751616
597644
393656
846312
598400
688026
123715
765234
642801
989942
62527
623075
887087
637931
136874
268380
641286
55753
120780
76712
303692
299193
562975
229668
273819
479345
744602
70971
476200
310402
163996
948361
592133
820686
289842
771297
972655
182104
500421
772458
873365
387124
479203
756324
365542
166045
16680
339784
575957
968293
1480
695310
610156
804359
668028
657416
953994
648920
253511
665388
396219
922268
234724
441967
549874
64565
78990
187980
388965
310647
461355
821923
320389
277143
835030
823551
782873
571585
239368
666032
344310
422728
678818
30807
936797
856568
233049
374528
421745
215559
241214
585001
389459
533674
939753
477921
98716
625157
351105
160140
635638
301306
860779
985795
741463
832867
892493
424216
113179
430746
363966
764727
825726
345013
916300
200872
890163
165839
793001
657840
720547
957633
802674
922071
543365
984944
270173
93061
391894
354496
682175
727494
872822
758183
796536
607533
7135
795868
344828
295188
678274
447085
596990
265729
950144
241712
534266
225892
738561
826769
24160
359804
303093
989899
851992
615706
804645
215538
319606
283454
690357
588780
100476
861789
427768
319872
825862
953028
923696
483398
430742
295574
319520
51070
345340
532721
201424
136637
68450
764143
857629
190466
49330
251337
985018
931431
759844
658965
504519
229811
436839
924400
118412
398284
343595
481910
747858
729802
249865
524014
76894
454630
320912
886019
322955
487633
211373
800749
671747
955041
704630
195119
819033
274406
107795
224889
725062
440219
248073
638637
860991
388984
306020
659070
357679
672101
517185
622645
704150
119176
633653
808270
176766
479871
730654
648063
388565
813418
786436
800472
154156
777055
387818
923653
86155
550145
553847
641713
940782
568810
865020
865861
625120
934661
663522
112078
86579
910329
479025
80701
340122
538688
42303
757511
37859
685398
984243
847021
385555
996492
468341
963798
688031
636795
691188
352344
640325
621782
89235
761365
134342
166489
816113
159554
122560
100190
844243
588035
456235
981902
755632
377906
199856
899060
996122
702079
609633
517613
141892
67633
635417
278588
979188
599883
495537
641658
957638
107466
442972
314986
389594
126090
602912
873579
629915
318791
824626
806406
997293
545985
795564
557159
602418
587193
970605
29545
494585
927897
929677
882826
94724
311472
366523
737918
939829
587099
181686
120927
488532
63999
213860
656769
546559
347570
393746
260388
310255
313401
641673
330755
163811
75180
738313
957001
145451
475766
123045
112547
374034
853753
356026
139056
336873
781582
343693
663574
144684
2666
580097
676334
201300
526044
979825
782175
773048
397618
343856
172744
970976
581756
902618
855127
24168
114024
128343
193143
601358
158220
676588
883366
315800
190979
591485
230756
91109
579822
152931
868871
442254
13532
862374
647468
817848
657284
168535
248072
505977
333935
397069
58652
178788
14067
638522
725447
990963
801177
510376
941301
644240
870624
569942
140661
442816
736155
19753
159209
726060
993333
563025
626966
250573
410581
489401
28187
907380
164956
694762
692095
739444
882635
71101
985187
909549
108290
232187
139030
905973
340899
202771
770887
850724
803605
902006
858517
828284
727973
833555
46787
879795
889926
124074
447303
645663
534905
713679
830593
492733
684808
271550
513161
239006
717484
38485
349089
794415
327886
691954
223562
181027
680426
406697
627762
193919
670864
294370
936266
978370
837124
958222
733110
940398
506374
842884
827166
215735
880108
538044
867298
125575
935915
197542
799018
568172
334260
471976
81370
364959
566778
356915
765861
542834
766994
224385
769721
229973
238580
927917
288280
612484
105886
865390
768839
298321
992792
546225
72991
357577
504914
192723
497600
394310
125545
238392
340773
897873
236296
569226
29267
653553
332523
644562
77548
639957
838911
837676
340576
300825
557542
929962
571523
130168
69783
18632
974073
923023
768161
353671
416909
953162
219919
101480
242913
933549
927655
696902
861760
693569
813261
96656
544783
145561
69381
909730
863330
835519
492502
275520
429676
429568
770633
271983
998350
826513
476113
823663
8848
613277
115588
871000
268461
841260
486535
817039
915144
964401
489417
413734
300669
603568
818534
857870
505299
348426
232299
182457
258893
247590
815801
923536
286367
199294
73986
50574
525438
114307
890225
628727
861072
153518
752230
878713
343299
832805
606431
929245
647034
140102
847858
989546
439841
904850
637942
664919
671585
32697
369986
984426
420463
138814
232717
877233
921791
808198
122677
893468
193367
174595
192987
393077
928318
725623
860971
904638
796243
423144
688569
73318
370041
602335
309127
937703
424304
888476
804259
488831
510591
508185
540653
285960
702221
971961
348534
298934
545488
722637
302660
585261
973148
163011
318835
725757
533405
546860
292982
128123
198624
498984
390394
230973
161483
761137
434091
123825
175021
998720
590479
956378
224816
866399
285905
763625
967147
232972
87641
938484
774868
408327
898198
883605
83539
582905
819613
592482
452081
410433
297451
299140
265263
454812
338502
746102
170035
801839
372098
586844
823710
911796
816160
248125
860921
480127
871889
263775
420301
83436
865304
239422
614097
659495
445645
620520
913406
475864
348861
589048
972607
870441
193263
472621
713156
42357
421570
666022
796022
431950
252018
614204
845637
237483
26873
957180
75868
567405
604946
148479
157302
133388
437208
92584
820298
522530
178957
379706
447586
713620
390136
170259
385674
845785
698661
77833
288035
793064
795472
633760
482775
806018
503196
747621
795751
774809
657790
447337
982304
45340
381815
331037
588076
592608
913854
207879
71876
882988
661563
557087
166979
460193
324016
543496
38934
901188
751923
580974
249680
108202
146198
269432
279130
239487
750055
977578
808199
259826
988626
943003
716870
899264
863397
644813
222961
123996
354604
2670
909698
548984
346427
964650
582948
997043
771850
550507
370919
979871
408250
286574
763470
471021
246710
553603
529347
35128
87541
515553
601067
929066
344347
249315
440595
874447
366719
385315
817737
526388
10248
271858
447688
997947
453296
752113
696907
424127
441706
83023
411458
649822
711328
346591
750690
293863
222549
667028
752407
261985
381162
591452
342613
764406
956412
302167
709388
683131
896810
767347
782906
472285
308724
341862
52506
717865
806847
453638
94202
436535
603893
101064
326890
448884
222857
293843
259536
854603
627736
832384
230489
934320
562347
377841
891914
717129
938969
184907
694836
468729
380425
457297
533638
271241
293142
359134
661821
146485
795787
352383
414134
493393
486925
250474
915427
227094
10392
815839
327580
966157
294817
194138
754125
241175
432027
488434
450062
646103
187222
974929
840528
883452
457921
151312
71282
171822
352016
324207
457203
721364
70841
421038
68738
349760
433880
305162
114610
71480
646002
700119
685065
153570
929814
602295
625592
208651
263327
570676
716580
104340
194519
704128
335971
357689
124150
97798
21890
74751
532616
965932
986307
462458
683820
645608
272292
144312
44600
19260
589722
228109
924858
823759
15069
531452
899546
434282
688156
380095
272219
505291
292882
3188
824320
502057
411568
531876
927499
698501
422650
850032
15712
73834
828974
247322
351113
310721
705118
882733
431123
673171
687135
57546
398421
379803
734362
803473
927376
451527
260736
896296
560242
536395
139994
412331
131701
467426
680126
814704
821732
635683
965341
65269
657086
121596
392506
135209
518003
766285
749749
378772
458955
480483
403205
536611
627558
180559
102213
896788
464990
563363
549349
142650
539656
302920
799681
466349
943514
140543
619534
620178
223142
979762
373233
867011
272197
283254
701802
802010
769423
704736
648813
41951
716038
270529
45137
826251
930130
681471
431649
202169
292711
592913
898577
829032
445123
538966
637130
308975
553491
187731
200102
312766
818613
823047
398520
626124
954904
838637
736898
56803
8832
207054
751626
868228
885798
450048
31302
836663
103228
565502
112308
481780
992078
113829
134278
473127
131588
773577
912443
496740
823172
268466
71305
216935
833716
24758
855094
383366
688413
873396
994310
501941
179755
77354
846031
499318
396945
887668
128808
342171
803401
113506
833856
866297
32505
190900
615499
996331
573169
281205
808278
767360
750609
114481
893180
916546
731592
834963
337265
542628
343095
400992
817787
209351
206387
750026
833665
550377
895594
881266
248764
158762
385181
487933
973834
519676
828299
609745
541153
206759
615534
319021
835360
940471
346782
693475
939713
585923
339156
629810
941099
749914
613706
877380
600036
122123
313341
1792
235748
751633
575892
695309
580677
289625
332187
449701
735126
909618
311656
206609
769678
747664
978334
876551
128733
379325
274128
650204
970782
578077
822333
172839
57257
667164
827129
490484
302918
955958
695277
818082
846076
965922
332981
697434
29831
198748
728295
922988
95015
745678
992371
523719
573333
580122
445734
999573
154577
552134
47497
832177
186774
626373
768486
307718
395375
317342
624106
391429
201444
727803
147430
31618
312652
798161
192688
836076
764870
568870
739622
509543
725891
457668
664338
630152
840058
898424
856041
208108
889535
23559
513582
92725
902702
754287
372596
856930
465473
873429
544192
765962
560705
333392
366156
598965
382874
531664
145320
528023
682823
573036
685628
916330
440108
956168
337128
235559
595522
965279
181324
37728
247084
807475
88995
695037
592425
733198
894154
304721
192803
51379
451999
233176
20260
882790
341189
132944
11944
41941
739843
723504
886221
761314
88332
103753
57446
351566
108697
2104
168944
641347
569650
93189
623580
404606
80589
444508
430347
411799
283213
685989
120536
397934
964779
698882
362382
437684
352498
138405
683898
200851
565796
283083
724828
912059
925114
641560
280375
471562
550601
698320
581000
540247
895552
258095
625939
266844
764430
905703
556056
946365
331872
906612
745893
149689
623176
503581
504133
23020
509817
438473
79510
611070
913839
826426
235000
432940
663404
589099
475554
853553
583388
387650
542798
492368
175002
900530
402644
11841
677835
478449
352789
935350
707496
138896
895054
85128
612378
443324
905996
40387
60286
304143
407742
478090
69320
598548
660006
857321
597059
165014
979498
470069
511670
622435
742343
248610
168483
300130
705445
31585
121001
944078
965189
36595
511369
132110
198806
882511
677381
150579
237032
537516
689700
807053
698552
132652
6483
389674
466089
275941
611813
457644
375892
59916
287739
639878
676662
878464
717759
973011
488968
851249
773578
805395
281836
874411
6502
761666
156035
954371
621357
929751
325787
781404
879312
973718
693830
821526
362868
119762
726918
896661
441718
761347
617188
610601
163791
948991
385887
342623
303443
832600
339138
849315
684372
293011
771534
494672
583459
813504
879703
369622
579894
756475
433131
236615
485157
384957
117932
214142
330703
313119
232703
121260
132633
215149
830429
864704
409174
599395
569479
858035
401667
568455
341398
244333
212457
100002
686256
109783
444389
7132
267159
186878
198468
895091
425307
879904
921992
838424
709872
915927
664968
303078
385946
619487
349555
903807
901957
657414
63413
226629
218865
502895
963442
540850
810442
442946
439535
586709
85141
326260
198032
999146
401991
326318
683900
712596
589040
789212
824476
423609
504276
991829
386435
712314
691034
952866
890984
228494
66462
663533
172494
746618
181281
483272
242180
926063
8800
236310
566408
975488
355970
792986
16327
298366
478314
983578
340800
881841
444973
716143
476486
431029
455773
816684
823396
408496
259396
293865
694298
354348
569261
942955
479174
408405
527451
123313
227550
566736
661533
226973
682586
433845
459577
233982
54831
357675
858501
33142
851189
944735
686806
900108
234026
33633
279439
452113
511887
23003
777691
596711
368304
345902
169397
510066
309121
496042
563044
680607
943844
465386
459781
136844
552712
16714
220800
352787
918379
61127
169693
326582
588159
362801
86063
251496
101803
508047
601966
448374
401896
10383
942499
379921
249484
444776
650556
119864
747556
872398
643967
754310
387385
721361
909467
443733
325173
726035
276954
252174
455967
322340
82803
241935
672707
247868
620669
456375
917869
326164
361597
74641
856659
270881
521568
476826
83538
453486
819972
110704
462673
106708
373808
2074
263042
209049
652517
768174
192135
749603
105548
143715
19121
110871
515854
480756
64611
580115
438338
835756
659221
884676
35137
523284
572404
280996
201686
397815
197927
326931
966098
398351
15789
542161
932156
64206
843426
183190
133221
686922
4449
882638
291288
121733
663938
622581
199664
18200
396484
720714
141893
577340
290054
908723
630078
509877
193072
466989
644874
111516
685231
386349
804266
173831
752861
365464
137894
665815
208958
625436
155360
165917
354342
579561
741509
645353
169465
394320
504351
46065
874571
895478
360327
401691
796390
657012
889336
330856
394537
275727
945663
84860
241037
93775
750287
621774
502851
198206
28914
57000
126969
518014
947993
165211
63932
319303
722644
666691
646904
850045
628189
839922
340954
424042
609102
921020
279702
702941
908275
931359
663812
651998
35066
29516
430885
710604
427335
277142
537348
141142
503844
16566
148152
825938
474838
118073
723270
953661
296074
467143
383395
634640
243502
266384
435223
371003
567005
14164
171516
648000
415282
332623
515046
860335
230910
70720
29981
738682
369940
147733
886085
758516
55041
775541
989215
20779
317721
582057
503400
434590
124076
525352
727583
150236
792344
181757
564708
40700
544120
926871
88764
247667
301114
4141
916849
517077
120399
106124
988182
925355
346811
827902
233832
260589
374284
922457
165584
665820
352679
58593
149766
524542
642429
740442
889615
880247
820957
823663
679847
410305
817316
806520
711993
502280
171535
242540
672778
868837
556337
390819
853302
502004
626048
763589
271315
880916
533385
326549
263154
608186
836612
624788
185220
853042
119490
621523
70360
497652
447682
388377
87042
738596
511212
337048
774868
305333
429824
496790
608242
600041
155769
237921
953833
695654
704799
692904
451837
841276
460957
525479
232345
450099
446326
777030
570765
81918
348805
603166
793702
902347
339502
550299
499433
260028
820583
64060
808556
250095
847389
590903
739856
963449
707140
391674
604894
377394
276670
484813
436349
439530
776551
629075
353294
718074
37179
944304
637284
110516
735589
6596
260067
166396
484133
783188
290996
68016
470044
463690
738210
921475
689527
303379
885268
45095
75382
784358
87207
108520
90840
474533
896551
541654
992101
741467
622059
321243
400407
684134
418890
486379
610918
886190
40445
717208
394799
458515
720595
781317
619456
560549
452619
176691
861634
354508
834577
203639
210627
180040
337688
453324
171616
170771
983888
410821
402380
250979
570884
334427
432127
667084
821972
239844
717565
361665
117386
340453
853633
830331
297946
242046
465350
163058
147131
55043
396147
724680
20700
403244
211489
434565
282949
233506
242570
315581
398667
399609
135311
779278
687087
871997
722917
269638
187412
631525
769054
310433
286812
497573
387600
102575
653150
223263
451108
59540
546949
329145
38717
979241
527496
514762
100162
555137
600961
568237
975114
825094
920429
891704
877987
832961
191999
45767
556991
110584
851361
323569
767292
71153
884104
441180
244174
861013
799538
942125
653387
593456
837247
853975
648339
804693
765993
374293
114586
581407
301410
918579
64788
729873
776777
174789
133500
385055
168712
558907
374208
87878
336204
662861
381132
127126
297890
689360
778225
637328
629163
891499
602994
523114
911100
677603
153259
498031
69972
595665
95967
375811
186682
525238
655068
216452
148467
731749
332173
415693
74781
383390
429852
206868
338731
589051
520130
602547
751742
796931
639084
667332
924892
379037
380107
424037
95311
884318
288121
667418
992349
140291
295235
424722
262367
916090
203351
184834
643776
495771
55371
997166
54676
138868
786439
588870
701330
203585
583697
254957
808176
100091
107187
232276
474329
548231
693003
663237
390286
879311
952303
853308
4566
124590
340282
294127
512035
807045
210808
161903
614787
40107
146410
756391
88127
169537
248566
172992
762132
865442
389102
411367
304075
110842
681851
161574
380215
74222
649382
465199
606027
693177
898562
877240
315029
417495
203898
514367
72475
458201
845363
959727
188240
666329
352285
947163
3635
642568
433563
114663
302661
980579
225804
138950
779493
950212
563894
467677
923593
210773
962127
262343
12187
309727
912039
692850
803118
410112
103541
635750
289563
103227
363132
140710
589244
976298
852505
899823
229765
958990
850604
975517
580090
997959
555937
653741
501392
431263
193178
175069
107108
675520
527546
359216
884242
177158
868625
251981
392372
575471
663455
229575
207287
154159
553799
645880
146843
375328
900498
498950
26055
735191
566556
413767
185926
288594
906527
316737
980770
180877
262746
183306
169307
337332
241821
44686
47364
931826
865460
69231
22907
782183
361453
961927
421059
610233
402696
328137
527040
444610
254011
169285
935374
416999
912991
313098
505661
911048
989626
318949
986605
444051
271529
840520
909891
611123
837098
952454
447237
501606
649028
801595
226520
849133
205331
678281
847827
725788
809524
615933
294847
342929
267145
307919
585069
78849
427113
412040
390388
292654
817959
84670
602246
312501
520958
132731
469615
367363
923094
836860
973289
970920
49973
395733
686558
854084
824773
691698
893179
300445
523773
532856
122028
594003
869487
159305
389434
469995
572206
790118
945727
215431
662938
232880
294978
250230
199178
550919
372083
483624
368468
793235
505092
694522
944443
348449
851425
683312
662070
852901
986190
293760
587737
396702
774812
772299
977955
267351
535560
951463
757411
919881
565424
234071
557255
387678
28019
10716
909186
541200
987492
263652
731097
599216
211177
656609
476875
469379
663670
786101
225499
405703
27618
513097
61627
907155
329059
737981
959255
370332
223339
458042
365947
59347
82270
431331
959969
932396
385710
334697
735515
116410
807317
112957
766489
696822
423854
242209
874712
822303
277297
301080
277991
722427
754889
273148
707223
331195
198100
672238
557759
225724
450486
736551
304681
210346
229082
56429
227805
161791
192070
104994
271175
567145
206362
663671
985095
811850
380901
123069
688086
652313
341604
772956
670224
759270
504088
932444
502690
626170
257219
145377
226832
975964
437247
543732
176611
384560
20794
17211
470958
410619
658897
118411
248572
465026
368584
90516
967640
83215
59620
39483
392505
458901
404069
724741
625351
293547
790628
950574
599566
693300
813508
599770
56382
993184
916248
349347
491036
468171
93777
804369
960394
482179
641698
994535
548909
536487
347442
745242
82176
862314
295997
311069
998261
87607
232584
951191
119107
978991
934079
436854
496465
438029
868589
218397
522109
232171
389078
639161
431241
426910
64372
720369
239778
216763
712589
668924
299215
992317
191917
112972
959155
669503
61637
145384
88254
451235
322144
569623
809654
797397
403582
637944
400221
640682
899663
273647
863680
898786
19085
50170
757980
77004
615734
507745
821613
163849
569957
408716
995028
178664
207052
152430
982692
140721
960400
708191
378889
753277
902657
275592
448341
583042
174709
367863
607528
19501
678720
959827
317308
920936
39953
7593
205067
131131
669292
347492
267869
525006
68863
27100
30833
167437
378276
827269
376327
647588
464562
507912
964104
406313
934976
872302
807507
557914
3128
926009
524965
587643
61011
509709
395492
22434
349558
546955
461704
392014
964393
322239
76839
167857
719024
554799
805211
184526
283080
21268
468498
587517
821631
992677
442225
354508
804272
102990
252710
554176
29850
539328
3849
267961
713565
441954
119277
632115
586896
415909
745033
221032
9985
987893
85310
910739
254474
659467
913605
977424
813644
775455
487095
602016
667979
10619
464311
189192
936230
142571
799295
18520
205169
194384
986438
318089
943793
92564
232267
461248
361587
550456
443073
670831
477193
188042
775063
911131
121762
554802
588771
569720
288709
778282
402922
144880
927594
482766
714382
603138
528821
843209
649877
867271
854864
862767
114130
431568
886371
630057
818098
850796
999155
92555
798821
311174
578388
911426
963878
710314
203340
10409
974121
824168
892742
661370
80225
429521
319536
390113
441963
637919
788657
835372
797914
156081
417930
508831
679711
165619
790216
1829
63189
852380
536995
167649
664743
202449
789047
261345
335455
512615
746908
465844
644747
556165
86116
260882
214477
595368
601456
555066
230272
884417
315631
284697
792067
920505
130356
581990
959843
659412
245491
396939
259433
497331
974489
589117
880188
725940
588805
566252
131829
55476
144422
245398
797822
808628
662706
939190
224421
998681
68992
89883
996611
731149
410370
824467
305027
961988
658403
454854
989713
966425
896249
992926
17569
864854
519079
133348
104729
947282
512594
667686
390364
263157
466110
877076
821492
742679
458372
937579
898651
107975
725810
352073
581222
311016
46335
954590
444879
288373
645225
509443
70749
873508
642157
219045
785906
338281
570146
447386
372529
287633
770035
767636
441354
909519
746039
995955
951395
238804
190511
854644
898340
360343
160475
886919
699167
946804
830137
969023
1755
16176
43483
809507
851324
301339
874916
48801
416208
562318
51679
76258
553592
858836
691259
871481
564657
129829
22695
220916
952830
81102
784966
672085
243444
884012
159375
942363
349857
647958
44740
767929
273498
861979
910349
231592
591456
577121
654705
998232
198446
235564
31792
802753
503330
459135
577471
921177
227077
941661
196512
910110
243385
237544
513886
775378
426110
116395
961058
487367
171361
236915
746293
878160
859329
677335
668371
51415
549567
354073
921320
800653
328257
505893
821866
910652
282531
880054
155922
556728
93244
65752
675128
628148
8520
886856
555530
652656
605687
92151
344744
286288
285073
43053
362079
645896
97924
958347
116161
472628
422412
468585
579934
852548
941373
750174
682657
858517
771312
808413
694344
469786
617224
788668
188417
622841
921120
25041
299614
523058
430931
372021
294837
444026
19751
160810
891159
317478
473494
13209
453995
741699
521531
862387
301414
688770
31702
924154
140840
360592
647803
941400
301558
287428
858589
641773
973008
431922
272243
138662
754479
94236
427461
576264
434205
588936
60501
759053
220592
292397
19116
620773
673700
525319
584640
958749
550100
810634
870975
747613
879829
263795
597306
409355
469296
826041
846513
638350
191993
48355
189495
203053
470864
896499
45122
944405
196980
977472
673361
52729
299071
584609
400634
150868
283586
939333
29199
136394
842493
59680
410156
106860
110203
609792
951584
248091
153032
162814
782774
196228
109648
830095
717535
100105
214678
680698
172477
597696
155661
622116
224014
194964
106007
652231
866995
953609
561175
454657
618908
108382
266101
795273
666067
161675
776045
747900
9569
662570
741204
626389
211040
265714
148521
641404
117023
877341
640020
778293
991083
409644
55038
119033
157632
929537
445324
304738
848460
981545
559225
258495
56028
915069
712846
650567
89766
767709
11969
600363
788210
470941
883560
637828
57765
659388
956248
98348
960299
942927
194846
655976
133376
866685
131225
753731
83548
712867
18354
527606
584761
295256
574138
656066
241346
371082
921694
575968
822041
407111
985097
240080
69189
790872
953175
405327
606647
907336
616369
882340
929143
618306
994185
948824
180336
184088
555764
339141
575764
916512
288735
933511
688557
285433
563887
927632
270658
544619
137721
977304
94178
212588
151258
908145
712271
324479
138677
51000
828362
477752
221703
576103
376568
110426
958696
40840
626286
928353
132129
978884
45598
597275
175460
65562
935069
713008
381164
964395
902672
239811
162162
76081
385011
368881
601801
376528
813573
983671
784599
75077
774676
490288
624432
280251
688800
325243
986192
836604
987247
313083
117301
915780
108140
929592
86999
327090
372541
145634
857925
235800
279776
60470
953501
462577
788672
993210
602600
783282
261274
48674
812880
637689
164294
729365
97790
556066
862245
166217
708628
367737
23590
517706
491972
338249
210164
74714
136395
796179
142528
950579
515854
855834
734694
313384
750351
420059
138622
40297
92876
812891
456386
699685
490612
825240
582167
764682
560007
214305
815226
543272
961929
688578
557192
745075
577826
788311
882666
261223
795541
601345
235483
880198
833883
849911
719191
656509
549147
147508
727905
235429
794441
316430
947313
147109
148120
250727
452281
724532
324317
11964
45523
481212
775874
704795
272073
203802
201571
76529
385664
367746
730440
829121
341697
148416
272447
782385
400421
103065
750806
596863
47325
352208
542386
374992
458396
971396
759631
926057
42145
307126
829461
580599
957284
971305
76819
578632
371164
411234
336858
700444
166955
102543
75641
345622
186599
132484
822096
904781
281222
541600
162195
77952
858213
100110
931869
155750
505205
159592
670510
697250
208067
412021
994371
295317
468322
242451
877777
681550
53046
904816
96733
319004
7456
718002
856955
117317
445057
49399
374241
730063
200621
906294
35750
314427
315822
938500
866205
760337
600050
449587
376392
337175
786578
427797
938875
891675
352191
4446
697679
705264
328459
725031
334783
279541
398737
871055
886050
707408
205443
126780
1797
611258
613006
634303
594724
143476
107180
369622
388357
996696
560582
691211
645106
750218
144899
721593
394001
572301
475121
430958
82465
189362
656783
372140
564115
586283
443636
18506
770627
944381
881888
493688
611025
713428
280222
387808
596576
790448
476050
772519
315627
947005
277796
64082
723199
252737
893897
301254
961945
246959
473387
630951
610076
723672
536757
952738
935983
986817
701628
409223
880113
962383
807117
467790
634074
120799
503951
612155
767535
401714
844117
617819
353953
40838
717955
377710
238083
579904
760089
195679
581990
811396
103521
572398
258899
665319
851761
930926
634341
81852
524574
611242
557760
381067
208061
882595
314738
657376
443991
646133
857060
348671
737512
256152
851900
989813
802132
744705
766547
935625
587431
778856
813390
108690
483911
651045
96603
367010
103929
905780
715594
905760
206412
152087
124741
308212
829349
589019
812910
391771
107624
929970
112531
561050
309569
603775
1552
678414
3340
689073
647938
670754
628967
622790
905955
413019
329361
973105
332423
116237
984575
156951
396978
530417
721339
726706
679700
63566
70393
898904
706018
535379
6648
85590
275729
598663
332433
983606
908017
818199
952096
274785
332901
102478
288396
195997
524091
46884
273268
733942
369708
422189
284407
602107
953649
885106
759584
34976
272063
627357
90477
490305
439970
279501
387386
643654
515890
14090
654095
634529
876915
721682
628739
636724
591247
445650
249611
443728
905704
488048
600995
728921
960285
562629
172759
6149
286427
756328
900718
506947
256349
875429
74612
163512
628033
91213
579299
675556
884552
224871
575213
605027
119530
774212
531497
401104
255380
434353
605207
409988
707263
773445
136273
509308
522606
609305
365649
216729
261764
683543
986457
370240
85631
571755
401987
731809
201109
111703
14693
555861
321449
676643
240416
733345
774058
443761
143878
802584
175689
891887
693093
61404
87509
745637
891636
703045
45364
902638
48409
586138
271424
132931
180053
637883
286011
533107
7885
312034
634865
268079
465142
629694
567721
261057
14811
946559
762759
603165
148878
847472
940417
670864
644649
898173
608124
628949
2687
398806
154882
331974
687141
419500
884514
854512
774230
627609
321189
132863
66439
462428
282984
134808
138312
912449
81115
213958
907668
260639
448852
873931
556981
369851
127633
992664
510166
21579
471176
964505
459111
760340
186221
483367
790951
92980
915456
66337
554897
179580
219791
460629
964965
393269
467151
24983
769489
407044
956627
882804
203324
484968
194727
733441
548272
166495
838028
542540
677601
21288
860943
874932
955998
769508
516168
363989
301395
198294
453484
18267
593272
921929
478352
370040
599130
286417
91387
733104
475396
289961
365478
105169
466314
307708
687186
676417
228337
861183
374278
611247
737790
64507
204260
687980
672730
519720
899943
804754
96222
422645
824444
153890
913921
489445
890553
116972
345243
105875
464062
122151
86357
649430
417767
776608
622896
307647
614955
590735
163694
11327
135828
926918
773793
961510
698779
406147
139470
736198
455327
276068
603964
356854
95874
135674
722015
568050
972256
304182
935132
935520
775085
198655
338873
903085
608874
644070
351395
575830
760388
769265
667482
362243
111177
82516
580349
112909
432711
437118
31213
879329
297667
865422
951073
169724
932627
278950
924742
696214
410905
645272
622608
455003
682652
711934
317602
408020
140484
674214
163414
780005
730866
586985
609961
311023
552890
588125
209350
531413
550462
817376
533101
958492
240552
831637
318016
79788
963075
489387
793706
441203
627063
387928
474541
361065
620575
659558
535750
913838
341704
778084
695742
577231
300617
330493
234000
616167
28090
969765
92594
516386
944338
147567
149634
896285
147361
542971
311566
176937
659366
740109
823360
946735
294926
974714
182436
377965
117066
800636
617688
273502
481163
77988
823951
279992
294109
176430
593473
735055
808285
656560
327027
50071
443096
890221
117854
119558
864834
286214
447935
237656
81104
634064
279482
659244
73074
75713
965932
278732
415856
591683
103628
415434
195552
367211
339516
190597
14466
773251
127474
923531
216440
816323
184445
813913
977509
608159
166327
184509
291168
747066
750214
177564
551317
956984
41806
105424
130680
211569
382327
528233
108775
130305
921942
991637
727388
922620
481338
189082
926027
102719
112149
28735
25950
12193
201926
893835
373579
852681
943487
144933
58830
459609
423960
144730
39240
733832
875055
717565
47476
199310
842489
388009
521602
554168
434474
450594
877330
215771
645245
603866
202062
395685
411872
978639
104292
676879
496704
203729
90079
672302
373548
19938
351905
476137
228840
603126
115647
341253
255761
259225
927417
901148
516455
126576
176788
866029
214908
753495
216662
624076
817080
237802
10270
196794
591687
415775
624925
87823
210847
499793
485621
124116
518257
841303
272748
293485
797611
187667
713100
188915
78440
396807
435163
632544
396341
691489
460402
861220
302017
868055
981629
73172
216480
676973
794254
646978
747324
609428
589278
159975
664025
80364
128160
954749
915266
931114
441283
777706
102101
33045
654981
358742
754024
675242
13551
807837
716247
584992
849585
284960
767724
552838
326042
999478
245993
303944
227379
398528
827316
61072
916985
510555
54303
240137
117686
865710
553172
308094
78203
665378
160858
292385
695100
780337
383878
737704
958472
957720
242048
554258
860579
706598
210993
435528
157634
989239
3718
110110
646242
617146
58212
257464
813509
119405
965160
762697
418634
784810
675993
127991
739048
63259
632173
678747
489606
527818
227956
47524
256506
853459
140197
66971
622685
656378
148292
283585
881736
541529
715756
81684
156525
263730
410942
182384
189651
97827
969574
200147
754543
918199
707975
899833
793820
688089
132419
745510
144888
5667
215848
174274
378074
937556
847226
150558
140083
930080
682713
52501
212352
540450
732175
548301
767529
914093
653944
492381
907513
52992
360462
740104
963387
644951
687696
768936
295853
326750
152335
124198
985188
805057
399125
680166
604412
90078
100018
885951
81465
639836
716836
773607
890559
531157
861026
39854
650026
309359
963781
418465
594699
208008
559956
761679
915136
708623
593578
928616
177967
330928
18758
984833
576094
965543
733999
603315
408178
407094
770562
846756
839299
432817
378842
605021
503000
927095
814938
40538
422788
476987
606169
331809
154140
954048
302187
658698
922707
898531
825864
680413
903285
652242
970652
551832
451388
841819
550571
508623
498706
27359
541342
741998
665956
521509
443309
689435
142303
668234
512107
349238
111499
680598
690857
68098
972992
641771
265992
155677
747848
831767
612703
237483
345235
911880
927748
711633
481297
990303
90747
4701
757360
454749
836153
389827
497714
816442
96083
338563
265705
392276
489864
304422
70930
227844
29607
399526
376204
517389
579231
891053
2291
904814
409185
431222
703966
174231
660915
257616
525873
562680
928980
540993
837535
281780
428040
960199
888319
354164
46655
828218
264778
409689
107238
615373
128559
270601
453577
232755
66579
669099
354787
754782
176552
698733
384004
291874
102889
9730
335005
292152
278831
235626
461675
638239
720179
88745
146046
515805
146785
893081
631781
101796
331477
675355
958200
508879
691444
528617
331906
987211
940330
216263
418313
198867
678459
586648
219194
146835
254344
425229
806262
586094
782049
680184
534131
653851
32065
613119
415696
920106
519338
837227
135802
698853
551646
243936
492148
64017
525495
711143
549702
281108
470884
58023
747524
916720
819456
441971
259129
429421
739984
632637
906673
709846
195929
600039
12256
340377
541596
676346
61810
429138
641007
648048
102192
879521
680378
107371
845067
829687
530698
189065
687241
85232
821013
766543
488777
528154
908747
803650
260020
488981
909333
521556
482882
187282
305836
113211
197478
193597
679001
864542
494104
585015
998661
263977
58045
137532
242940
934337
8756
48484
737794
168785
44095
831621
621330
556033
717900
51445
811567
305672
972320
209581
491177
970200
291231
257737
55471
513336
768186
626412
652299
352112
958901
87552
212734
975325
851
294619
833912
322660
530849
843197
686452
182019
27997
88118
378990
945475
327361
995492
582594
563594
552559
179098
626914
154637
261818
275293
626996
661794
662478
63176
489542
740915
951614
156879
265007
208847
814568
114336
643779
953690
618311
362469
606642
77349
806869
409830
618173
529816
494171
624588
14422
259916
513750
954304
682132
303861
135047
167090
351888
210364
807576
179958
840351
748011
433702
488648
94123
898434
709615
915504
732784
161511
353498
921793
14225
778617
809245
50811
716180
314053
535758
392336
392001
202833
217802
621636
578258
133078
950844
77997
586775
650956
470411
163354
605609
556125
308514
798352
588104
667387
232413
606960
597652
469517
215565
136372
527972
192260
36904
140056
824135
737549
150352
548181
64021
132895
390142
290440
386096
886323
746827
41586
714332
130452
324059
147928
810105
561740
283366
761995
460953
113150
462372
467202
387458
541842
230805
951203
68097
652554
676842
266784
97769
293940
12627
945790
671207
921272
463782
849201
275907
664849
338088
321124
396597
445464
717116
606805
336033
687804
892389
193052
75313
485390
941946
149131
928718
69433
977381
859249
439739
646607
623575
693561
980110
259518
982796
925936
838731
64993
788982
948580
827486
240947
789577
776871
887925
482078
109858
920883
481208
610417
454677
66727
600166
852081
499793
946032
465037
652742
637234
820611
199846
175382
588195
200710
212490
598959
892974
532046
427413
90142
894370
305923
343958
510365
773856
968800
796591
319144
713346
450263
698256
66480
127783
845906
663626
240681
937823
897107
140562
971902
484144
467900
810901
198245
379395
754795
577330
914124
659566
669437
765401
252018
162719
79988
812990
815699
203233
252915
840633
547643
877070
718886
805693
624380
896530
523582
209971
718267
742167
539802
714354
117028
386258
463553
241565
778942
640426
292044
722074
602904
940224
728033
438634
77859
238047
985369
937130
588250
976194
998531
954213
646043
516028
166786
379988
437529
853384
999697
498931
479467
363693
534375
51264
42492
228429
692406
305107
962277
176267
711373
198549
61144
404247
17949
545438
755571
102104
346328
844271
860852
187508
962677
486344
761036
966207
531920
972328
559052
152509
337967
341919
356988
300438
672
778321
377547
898069
606206
895689
90592
932956
145874
746999
545551
841896
250325
91656
881383
529341
570195
834528
902952
518062
301804
750135
93329
265035
636085
120845
592152
804455
160891
702539
823603
651460
563623
783032
197395
576350
854333
995156
530801
403601
313087
664724
210497
789031
380078
686395
504450
145858
396656
839954
922871
768226
511693
115332
852336
925652
29331
285656
130561
406136
506522
377419
482132
858157
823522
360841
117915
272795
66456
610376
906653
751964
143736
837634
93234
859847
297676
607245
595786
964955
762834
437016
375975
374725
233595
484100
103339
38030
874960
834076
854795
286309
757999
877811
432419
629572
887860
688153
645156
985344
986803
899321
447208
362738
169121
568978
501926
693054
595410
486224
748737
395837
248028
957446
111099
652811
439515
310091
798023
478382
758414
661230
902139
946081
165663
293398
773476
891645
844288
879099
972404
750979
244017
293115
651222
593032
376286
38298
770338
253309
149988
299801
852844
827034
199668
249969
482615
21927
352912
451692
730183
929063
736755
762721
23252
784097
409230
134858
851802
985868
393260
531395
679181
707350
858166
323170
485994
983249
632531
779565
735465
451770
99751
790332
933839
617576
20669
89452
588192
473038
461119
633981
60337
875949
730274
377289
496154
469593
556319
831586
710282
375525
741915
274182
41334
561325
95912
378881
673194
603777
414180
632928
843456
285417
834431
929933
548781
695578
39899
622476
406776
921331
583308
293905
379975
612532
383614
343163
212370
927164
806326
469809
283256
568636
821169
190488
46832
264766
866600
686766
901592
442828
71989
617542
462121
909950
346831
299424
314636
597284
60401
460324
225797
931403
95578
321595
795662
574320
941997
213706
520447
675071
114296
538700
243112
679302
764049
921547
989953
188411
15581
801915
316089
864678
47978
114483
43754
937132
498940
705929
475630
15418
556133
906504
903179
262410
277005
897489
487369
712661
309522
168523
470565
389717
371208
465928
658462
42230
60065
96694
483756
895448
772904
190078
31760
658115
981736
134268
272519
410984
264425
552028
604056
951504
931994
831693
902221
269348
165642
192869
933822
296984
155280
912785
38536
889076
693195
677559
787485
531072
585284
314282
822005
831435
968432
354761
505955
122584
866257
443508
62146
975718
271099
476268
856206
148571
46836
3335
677647
189708
666293
35404
964911
592939
38029
77681
365357
629710
201765
381998
133802
511704
275742
128061
406561
352262
402326
734833
255540
195480
27850
96304
760225
108057
934229
359695
394451
807693
250711
807944
285461
671799
586481
85274
95585
550724
709484
674494
557911
917079
396601
525441
670217
786738
741971
551874
73267
995517
80065
369162
628424
264311
188279
406531
562535
606710
373468
407511
749996
101276
168743
264550
991139
835608
55010
910883
105048
467414
821713
729676
890762
433220
52076
693380
390398
920258
428743
889934
188975
475430
570131
462568
305762
405545
350973
422978
388696
662577
789812
211225
966237
290299
515592
947189
421758
960868
188846
58811
413784
946901
9376
810032
536394
412297
575521
27019
930316
455677
715934
347060
490457
823091
644464
784223
342088
791970
834878
681856
516921
735165
756992
951338
715498
350878
623838
780296
814569
773071
658934
88758
287652
997365
179837
179837
794652
427866
85437
340457
484920
415701
695420
317321
563638
315672
107005
901955
1532
624854
936160
527569
294541
846223
5604
933340
32855
8569
101069
645043
809513
291277
733280
537320
192641
877291
661772
495239
432387
984618
886051
350900
958086
826240
209221
354528
450249
198090
904989
699943
648323
652858
901061
292618
411416
810394
990853
780612
605095
412801
135481
505739
240064
822929
473680
363108
107507
79017
790576
97891
744324
950766
47351
76926
309690
489713
727197
631821
607382
964733
944693
248673
851617
183040
624722
431294
445343
432148
502087
189558
742175
768104
864774
85539
180596
585871
475113
804352
954366
93541
156047
715044
953057
245850
512287
800733
586904
265948
355176
788773
830946
499045
706281
89092
544602
325790
817772
28865
323172
927150
605005
498246
387459
827492
975320
840207
763144
764797
824208
815950
921765
731090
803212
471455
330272
787425
793085
943715
701667
602486
780746
332987
532016
387637
432284
738211
496049
150087
709558
846312
119341
55199
109307
529864
195991
735080
430035
866724
865153
423821
502249
337252
454766
255652
193548
660583
977220
791288
580277
113573
441440
23409
800424
43684
173316
928738
729651
125267
803435
974575
702803
126087
319166
346777
787254
798735
716959
469224
713948
11830
533922
304435
105366
524820
653851
140687
21233
278545
555346
265170
137068
875448
193427
547459
784484
315315
313314
995040
745425
216617
567692
216138
819625
64240
805081
459409
215778
213169
742302
569496
953749
144343
831087
316069
460222
77555
373553
606087
789792
513584
963597
405028
959237
596462
320320
835742
723171
84925
392207
427362
239642
185655
302104
308877
811546
912762
405764
372922
369506
951552
79641
274860
907875
365789
864748
624597
975107
363285
82739
743617
374589
834776
613049
701154
220389
465243
831274
850488
726921
117780
739982
315421
264564
738770
875667
696938
577228
813686
37378
485578
771931
769874
654868
716761
281514
613724
208926
819000
599113
572302
71783
358192
182188
585310
615514
816063
580848
682965
737110
406916
591611
360399
646499
874820
610304
855502
190592
897751
629730
779770
120280
647218
881136
253561
940947
941649
141071
523495
190536
643265
353205
868594
421391
593863
393681
207701
536756
819377
134729
731247
184393
425463
366875
815359
784467
727500
954917
364607
8740
606407
871487
374234
940681
93289
131782
246026
232729
250058
391924
297170
236654
486309
920299
920853
671152
144828
255825
875474
580044
678121
433236
876989
626564
855107
891342
352698
210785
680297
878980
287160
897731
386798
585
537064
706009
250465
728000
188825
313387
234295
2814
379954
416340
691864
421710
431179
380558
669379
488846
371240
301606
456862
933558
205010
937486
649886
945401
494036
491857
906959
872068
597327
842337
952960
741091
143099
290508
606671
896323
24058
286989
34572
777170
365786
395583
789901
834370
658024
906092
501454
225709
854891
370884
2178
105747
985732
78377
932858
272766
747744
217959
726385
883590
331927
40961
488114
57521
190308
478310
740134
536690
139201
64323
973630
838354
70175
70450
64377
365484
322367
972688
950674
68050
780080
215532
657098
546958
923493
125402
278669
735939
916850
510760
300675
251057
339683
301992
521206
840535
621753
929452
27291
398898
743362
851344
762623
694564
119636
646065
878991
566064
540837
493948
285508
738978
831626
776609
8937
73804
838027
817957
118154
438570
343519
789079
765883
238119
706313
174298
939266
27704
973966
741473
542434
42663
384081
258170
699973
952234
224717
877441
986437
16369
142063
768501
17495
656319
396750
697575
183444
50992
742920
500302
810597
334553
224378
724024
347979
400972
106715
128539
975497
646458
77237
54090
538094
323123
379202
25155
859714
739914
35039
337893
628365
135764
75375
794302
770495
364367
573583
558083
688703
469150
291825
198361
223571
483890
346071
903311
75048
113605
414766
472623
849535
906560
935173
929322
182580
176317
905640
755056
305516
649830
612509
202145
938971
15420
620986
57181
901936
722548
393377
508855
805341
873404
138010
475401
143942
50011
858955
103201
245765
921398
240214
448793
867096
116654
336015
241989
910952
511847
937817
393093
261494
422628
551964
187833
237412
957198
627108
888276
807198
952596
802009
82186
461091
106539
178007
873827
131060
656438
569130
335025
75863
955458
625063
286878
269896
133992
675945
231199
451389
791062
810279
164037
923157
698855
687279
397234
754652
100781
777473
812072
877885
24401
985994
272701
168005
255762
224956
750315
652048
968553
39686
15684
231698
371533
379637
733506
930500
219986
317927
127612
948648
745133
309863
126389
94331
964562
379498
964559
20215
593470
689573
979677
241346
834961
588617
826454
509430
512147
49692
664356
691982
438487
504629
847324
312873
104380
832852
955721
346494
396240
227932
23457
926429
360400
261229
863449
915166
80011
4898
439956
781480
462693
526948
559991
572319
275062
459881
865688
722347
717330
818829
94740
162530
504036
912139
886399
352785
326579
385688
691638
930540
722759
375644
687505
117903
872804
641933
209717
161392
35189
992362
109894
680996
31172
154770
732473
751242
958246
623615
689223
633240
273844
900578
807549
269120
918003
264155
772848
268222
673749
962516
651599
214209
43929
52796
204561
815027
578637
674523
114189
954791
223028
995287
505192
786462
453058
580546
637800
529270
615491
98525
810407
852848
808092
198382
552100
709276
335338
216121
214068
843235
174215
134814
904726
700529
591275
184911
559907
569661
752494
513579
120740
979510
939435
678204
780030
460492
341761
487178
930120
589015
825139
387354
301501
357160
196975
172422
244877
764075
226924
874938
530894
596661
428716
338952
32336
761136
733857
560681
917453
282656
250732
458833
821887
240401
15488
121581
442124
697503
67813
214652
803549
95650
604761
532551
859276
680116
765393
937983
644923
253472
83869
340721
523778
667560
978217
635560
946624
149427
970975
374879
137171
226513
222122
50657
27746
392621
29270
841343
757655
87822
83027
154221
554858
127369
370969
611130
78937
557959
429157
149803
33588
482863
235873
995827
433684
715119
470817
46608
247275
394796
39817
983236
110135
521412
118477
371503
457425
384316
747985
910214
605474
379723
398319
558514
718516
661634
499542
475911
580070
767062
525135
381535
738554
824588
90907
603091
608713
705663
533113
564885
890518
107217
330820
611117
143551
995756
747064
778766
596559
866804
633365
726484
71473
185035
669596
993053
705216
859008
162294
256065
726457
282581
455988
291183
825746
454187
570737
955109
879908
263180
826196
610379
847043
966677
385266
601197
516206
852926
590288
614676
495522
336071
962886
851903
943177
184577
404607
523843
881935
870071
371804
751228
779669
245047
669304
281647
988351
303360
836934
561662
159145
423305
936919
675398
72374
622956
249656
967769
18504
984174
650809
27475
897292
492715
243208
529691
297324
542562
679739
30008
900776
136155
531820
650317
613823
633329
902270
914546
185479
971456
663678
208305
66332
434475
388390
547418
15157
829322
846907
875587
440914
989615
727445
318688
658833
13075
43199
206267
183904
820834
141300
317904
789453
49632
162826
316871
831418
327286
695339
466318
994284
919069
329981
134867
425858
929830
453028
73499
372482
519267
720669
236034
170895
165494
20299
140047
567543
858932
668239
347571
919529
618421
385936
974750
806916
526266
35162
758846
22090
393147
785890
139478
679027
169229
995175
634167
825054
695341
248373
953373
834082
568108
829188
900776
516227
912118
232061
478132
32960
514752
319516
644632
731977
194574
723632
245752
609679
682398
124480
517767
807987
144116
156424
768989
457248
290691
12065
107121
460148
841397
824766
819379
753433
432215
744978
136265
587763
173476
613007
939619
944626
377965
512842
62781
275718
235361
770811
330609
215986
260671
327584
644214
679226
554517
577216
412729
999222
339763
403213
734294
44233
439794
379171
181555
676907
152986
224173
761145
777761
970484
273254
693424
117775
978669
15165
796470
916836
669156
844242
317980
666227
644241
98718
821598
34210
932817
189039
437052
157243
84242
725840
956665
551776
145943
813703
561455
283483
623976
894263
851917
928467
776602
634918
295215
905179
417782
73305
518680
307173
240137
381276
212303
62932
266696
329886
347347
879215
301021
678456
741179
862769
251282
583502
187311
410685
351897
289486
687357
215214
91957
246102
307737
96269
888969
118834
266932
200604
52859
545923
117687
309647
483525
481019
409244
307034
381528
635268
393193
27173
712812
944128
738314
286109
959273
911915
201483
759844
710123
837789
812783
900008
248182
646188
918063
875281
511094
840367
395154
288276
918704
7581
630309
696421
426123
53587
99992
664649
972597
396020
155573
243145
245364
290282
861117
229378
239049
591435
339361
441626
286210
868376
31002
134349
259229
816735
256741
996389
609044
219648
784479
83976
493770
625228
211576
198251
819408
606665
640535
128229
893332
627410
121611
339934
250022
823771
791208
683878
804520
350035
936262
59874
467858
251490
294610
174689
969824
172498
78927
903948
733912
502794
891373
91324
652283
523124
849924
810342
548872
58368
431533
961073
48807
737154
806973
965672
571001
116663
311135
588043
749113
214949
918349
485440
51855
264352
882027
784999
208753
239848
126208
444427
683190
164848
436945
298740
864057
436538
987996
31129
26854
252829
665070
650674
100900
589736
289185
628972
859423
203233
749558
946038
557041
549158
338379
681913
701804
176693
601785
433252
972422
932615
369164
892453
644770
354519
561824
438771
161783
853888
536148
194056
343391
18436
614702
529068
438334
331113
918475
481453
208205
907901
277825
917995
138498
87483
331667
593359
903966
119046
861968
771100
940434
812050
658120
827166
761615
24418
310892
508222
454121
480363
693441
314039
851495
896088
374145
769315
735209
101159
954894
821487
692982
893104
472723
401710
114274
844934
142905
901320
875608
655478
640963
131667
770697
236269
294983
764218
48241
782966
712970
650649
860995
91872
161334
674091
445041
861053
943034
48987
872538
571911
932030
904374
586703
38110
959554
102338
26179
835373
638610
713000
36879
606378
708904
277836
824672
173691
45982
448765
211518
915446
484686
979528
139961
873985
779336
181351
467314
780249
957551
622487
350147
340846
881584
473735
865804
603178
386784
479084
927707
917138
759602
216818
304375
92037
652305
266764
508617
95266
624544
707884
52200
479559
2252
534863
36672
471348
389834
110447
599581
444877
735410
544028
643354
470078
866295
435813
553568
241017
219394
278000
867805
63451
40875
269161
497284
858988
411028
401367
626746
210565
609
414922
476452
700940
93655
827633
144650
103835
222992
67208
445736
593215
318553
848494
435537
174940
144808
32980
355072
695470
510973
425426
238525
727082
6099
399444
630633
212675
389507
526961
997542
429832
278198
111388
702565
443178
131461
517683
819981
458588
543535
339701
227781
737683
542774
203089
860894
494957
455574
512985
998496
896558
76259
474837
983088
629797
694910
713652
288410
363693
145715
251358
271297
761103
301298
257125
273888
363333
717097
614041
56252
517977
203130
567738
13864
465708
908830
229448
237556
81491
285526
650231
449780
808156
27977
414335
765928
711470
548479
863375
785677
798606
785208
993761
788799
309374
442474
72617
907209
821824
411030
325031
930763
745208
3718
87132
573510
315951
611301
780184
65608
65908
192378
540786
866351
573917
681411
609298
905051
889515
395178
782504
57716
613387
154918
55231
26772
96377
87089
42284
859923
314303
538081
430816
912878
238556
64550
821341
830803
939007
368927
656966
129932
462642
177113
85902
391493
932180
954085
523922
299068
43391
310868
973059
240068
838728
520017
968892
19061
867940
685788
9906
198067
690599
776991
338441
874457
628776
353006
684355
428419
153601
765536
610067
547829
201843
175492
781968
655084
27238
551426
512517
181950
776717
611984
238565
491952
211624
393357
937116
44436
434531
666109
869632
419613
59164
603106
175654
929729
526914
800883
145425
922313
254553
588668
517830
659832
213273
501649
231675
82262
842422
647536
585902
676248
535291
690546
221265
608685
36944
364334
417634
610279
254106
297899
496281
560388
700609
482623
985467
944537
747981
551752
723276
956442
896105
613382
429345
381640
107082
410708
798099
104695
578601
802881
600400
951995
790124
465615
517707
713967
815395
662088
345684
800993
744365
32311
140418
73501
346619
756426
443148
325973
954220
310146
158519
715306
30808
220244
917865
111833
356777
227936
823389
983557
785315
573323
421936
504220
158148
225723
696280
806569
674053
38254
119540
922294
320961
663799
579069
871260
500653
406295
870172
644905
721413
338164
64598
291116
5512
203768
35810
937183
693529
949769
114268
502385
241095
643488
610833
519792
751462
538696
664186
968656
948828
580278
574918
895770
968888
965695
312976
493428
509564
543418
58032
375369
410299
4850
158829
812437
261981
833288
325776
910094
420928
993124
704724
984242
717241
135125
467257
460970
202616
68813
583543
814040
471369
746162
788176
178242
801463
861346
388671
437978
193355
99398
421708
15913
559154
81105
651841
36504
645564
6166
302327
623643
424705
383876
885513
80634
909022
250495
662762
672893
81949
526747
169619
696180
236851
846135
868372
235168
21666
807220
430604
683586
323967
468497
126516
876861
532430
940197
988181
670314
802121
751543
55194
375097
201024
708093
347328
204862
799386
214640
232489
273184
990969
879688
891024
541657
96316
778457
545432
473450
322013
293322
683645
825567
47739
705197
315691
216826
141491
569216
876141
155391
666663
793728
708798
725147
514336
789860
336060
31474
739152
683517
120762
967364
916976
341416
199220
541499
928008
81324
812573
538963
301261
202743
683861
436262
189604
640304
442167
12435
586821
616952
701454
181322
138363
982467
650343
900343
8391
262668
241857
992969
828900
130874
636385
728158
910886
557133
110914
467981
767868
402436
234026
844559
254228
575951
684952
6154
599069
264940
250138
626364
888680
540129
132091
695681
232808
331924
65176
820160
61272
416458
200275
293560
82747
923002
395937
851555
960895
535566
721663
202116
935355
768309
535938
364690
978456
783271
582155
658497
214411
771447
213657
592233
573824
367822
139640
93653
35090
763017
626263
418219
593591
840113
225335
18291
959225
52115
758528
425797
222047
873916
268590
631891
634794
624083
149992
987536
986683
781971
944625
444669
234066
992995
723127
232398
883377
146003
793545
936765
482975
585269
719846
457322
989896
888662
354672
177453
124993
492184
166784
660794
408938
631981
444435
564976
584749
836594
7521
323070
219810
552613
290574
765874
71637
49157
212474
105184
785823
418501
857459
302251
114416
747436
79946
834867
136751
364172
679427
9883
454840
697052
979301
565045
478916
15477
842482
593933
24807
853477
97009
715791
583922
201779
405479
88149
418104
292081
34212
441617
896686
839031
191161
825044
514348
147777
122567
218552
443216
701223
33394
476272
526145
302773
856501
32042
125585
290278
169167
394142
332156
440002
428700
778806
184013
825809
706814
201946
440480
942267
275194
738647
785090
466813
470943
592427
274868
294858
172384
303279
527055
653500
534211
625825
637057
423157
409010
372302
530101
407767
5807
654104
48273
924763
409765
870953
734617
361042
946201
676917
636721
155766
803903
694693
703359
578796
748265
443877
720111
609753
291035
234827
948752
132126
751097
283746
868188
51441
562977
124051
759252
377433
501525
242223
384586
153926
691985
389596
85368
907658
794556
24793
539662
748280
225721
236271
154441
132760
810524
123574
980991
947971
546938
850945
480439
996065
724633
415847
798836
735037
220614
727791
133907
932354
870022
555031
720010
437973
266468
941057
668752
909198
281001
410299
848284
121748
716906
534121
366021
910547
732923
190929
514504
344541
533889
442051
69800
961562
678502
395747
37808
258285
408741
741140
146132
392870
13765
781763
610166
108893
161698
614157
899268
256625
82086
233678
858942
691229
86679
44999
216917
665012
977739
430955
907503
429753
553206
394758
175367
594461
485156
432843
539570
598293
467842
270392
830332
692311
919318
506984
239409
167986
355919
843957
462071
444296
246518
581383
552856
350761
299780
26622
873950
463436
619278
440888
510551
584428
724508
355007
411256
192637
888855
935570
349470
405129
631008
393294
715760
829868
631037
556601
868191
445992
292846
378604
134799
937894
737502
613786
918160
792330
259829
12864
560965
616433
887306
200299
36133
863946
825462
692257
563296
947534
515332
2733
872665
722397
610692
314891
200338
871030
479550
51115
304998
566419
62660
254629
47919
208735
894241
468218
215623
707221
955053
991043
521964
254262
614146
464633
921533
465574
314889
130464
365537
479460
991661
366480
251975
813925
673458
612705
120327
309771
503070
87794
242791
126855
735381
875350
347451
496392
711043
804701
740580
546142
995633
794170
985592
906864
934843
462358
557954
62678
830105
32944
680864
4820
532633
979695
269451
100020
559021
698630
28724
658175
992672
375362
750857
363351
359524
97715
845270
106868
68296
677684
430409
776185
898949
744345
421838
927538
309239
931893
964185
813037
736809
984837
925633
73330
55561
989629
742409
912416
567163
239340
382075
685221
263113
785038
82094
130905
113143
36718
137190
151672
199284
337910
419162
696570
799149
707349
316432
240465
797116
142027
646629
5118
218622
931348
382057
773649
212547
388654
573990
548091
939870
407881
337922
46545
162075
952203
570298
7263
636496
231101
577806
142567
239692
392981
568572
653109
486381
104032
655716
415520
818766
55884
67402
960223
804701
613583
270970
90757
532938
116664
200070
436122
280539
577424
878891
948888
608732
310764
973714
105279
935348
526610
402994
510869
947539
512518
266322
73086
739528
12784
27308
812211
456047
511083
651629
252450
84167
658284
777754
248098
966882
324237
756108
505298
431925
813493
743644
369037
517903
80038
777753
328715
498599
516771
545654
178647
858638
877564
331521
604520
472259
745143
398542
789279
336997
706973
500914
373852
793219
834334
224171
619709
990032
891234
607645
984885
325746
841069
70007
78532
237177
298797
558452
787544
117357
472291
148158
923648
455872
690924
187437
657609
950562
930731
896236
48823
642675
995477
646012
364578
56340
577625
226066
757930
658390
400490
600732
765912
291028
326506
779554
386386
787869
779124
206983
787515
754825
409734
284398
698021
414253
980810
559673
181363
496553
75327
427756
660560
468638
528073
874864
51718
65597
166353
95092
794876
191611
719770
676014
384911
334112
568930
805183
687563
233407
492976
763957
848390
117632
197889
894890
936985
572377
916361
507017
195260
329179
177320
303409
606141
635688
337194
328753
958813
332291
517499
95475
672071
88192
457062
235446
666285
877402
539144
27444
115009
237091
558421
147490
427277
441494
737990
480534
755888
463304
416478
494082
137846
87421
333656
20254
454546
11863
142959
961252
987579
991146
829961
977525
613024
121963
220353
290905
19848
953414
877071
406692
128266
296334
593175
843892
88870
298447
247051
780502
522751
957375
401341
214856
904950
261459
789700
178073
270116
512623
176074
347053
319347
513333
299825
915229
973018
968575
103584
496251
429683
955687
654958
601970
591162
231683
86057
786444
864420
683822
516930
470414
966361
595265
42905
458046
770256
953505
658465
622149
422726
546866
78896
935343
408859
700970
67814
720590
782793
778688
42487
346814
483713
681474
615446
40452
400548
286918
233855
353424
573979
673848
341921
779234
627155
418515
952423
919561
479128
964843
371170
554693
245069
141158
502549
456846
844934
377867
336988
913006
702146
217650
298489
262345
127304
996699
757180
604413
506012
902171
247055
234084
435486
813937
954779
962934
778240
621111
301531
278796
643042
212532
477051
520255
657484
993422
233132
4335
819847
878109
304391
32672
281880
33626
976027
451838
588378
956214
813525
670657
996983
261639
120971
962923
539011
593949
114917
925806
721909
84083
749544
869228
954434
86785
141792
712598
861912
172143
915882
70581
334772
459811
34011
456199
341344
124923
602512
563713
346700
251991
562452
865588
162568
932557
457511
191114
993372
588736
74225
84079
621701
763851
337027
678220
604044
974486
831685
802734
879491
424907
955586
874245
595679
222371
823565
776393
948653
619418
610894
117879
856435
796481
94956
172729
553380
278770
621529
175268
748606
267421
874933
893531
128196
28993
898144
261265
969619
272439
441695
539371
477412
838120
367785
159555
145309
596063
996239
815049
418388
387769
532039
174084
829217
182969
430996
108726
434334
932856
529555
68766
312829
17017
492387
37655
24007
687259
694002
599902
736045
213927
478433
772401
292236
884042
420691
636754
734658
400540
637207
167211
330215
183198
606063
560139
754155
150275
963133
480718
919306
624613
773129
